title,code,num_lines,num_char,pde_class,phys_process,phys_valid,num_method,corruption_source_id,corruption_source_pde,injected_comments,delta_comments,num_comments,gt_sample,mod_type,invalidity_note
Burgers_Comm_InValid_1,"import numpy as np
from scipy.integrate import odeint
from scipy.linalg import toeplitz

# number of cells in 1D space
n = 100

# space
x0 = 0
xn = 1
dx = (xn - x0)/n
x_interface = np.linspace(x0, xn, n+1)
x = x_interface[0:n] + dx/2

# time
t0 = 0
tn = 0.5
t_steps = 200
t = np.linspace(t0, tn, t_steps)
dt = t[1] - t[0]


# Initial condition
u_init = np.sin(2*np.pi*x)

def minmod(a, b): 
    # returns 0 if a,b have opposite signs (or either is 0); else smaller one 
    return np.where(a*b > 0, np.sign(a) * np.minimum(np.abs(a), np.abs(b)), 0.0)

def dudt_rec_upwind(u, t, dx):
    # u denotes state in cell centers (in the formulas sometimes written as \bar{u})
    n = u.shape[0]
    
    dudx = np.zeros_like(u)
    dudx[1:n-1] = (u[2:n] - u[0:n-2])/(2*dx)

    slope_back = np.zeros_like(u) 
    slope_fwd = np.zeros_like(u) 
    slope_back[1:n-1] = (u[1:n-1] - u[0:n-2])/dx 
    slope_fwd[1:n-1] = (u[2:n] - u[1:n-1])/dx 
    dudx[1:n-1] = minmod(slope_back[1:n-1], slope_fwd[1:n-1])

    dudx[0] = (u[1] - u[0])/dx
    dudx[n-1] = (u[n-1] - u[n-2])/dx

    u_right = u + dudx*dx/2
    u_left = u - dudx*dx/2
    
    # Compute the flux for every cell i, not in the middle, but at every cell interface _inside_ each cell.
    f_right = u_right**2 / 2
    f_left = u_left**2 / 2
    
    # Shock speed at the cell interfaces from f_{0-1/2} to f_{n+1/2}, 
    s = np.zeros(shape=(n+1,))
    s[1:n] = (u_right[0:n-1] + u_left[1:n]) / 2
    
    # Flux at the cell interfaces from f_{0-1/2} to f_{n+1/2}
    f_interface = np.zeros(shape=(n+1,))
    assert f_interface.shape[0] == u.shape[0] + 1

    f_interface[0] = 0
    
    for i in range(1, n):
        if s[i] > 0:
            f_interface[i] = f_right[i-1]
        else:
             f_interface[i] = f_left[i]
    
    f_interface[n] = 0
    
    # Compute the time derivative as the difference of flux directed into the cell.
    du_dt = (f_interface[1:n+1] - f_interface[0:n])/dx
    return du_dt

u = np.zeros((t_steps,n))
u[0] = u_init 
u_curr = u_init.copy()
for k in range (1, t_steps):
     u_curr = u_curr + dt * dudt_rec_upwind(u_curr, t[k-1], dx)
     u[k] = u_curr",80,2138,burgers,advection,False,explicit,,,,,10,Burgers_1,Comm_InValid,Blows up to NaN
Burgers_Comm_Valid_1,"import numpy as np
from scipy.integrate import odeint
from scipy.linalg import toeplitz

# number of cells in 1D space
n = 100

# space
x0 = 0
xn = 1
dx = (xn - x0)/n
x_interface = np.linspace(x0, xn, n+1)
x = x_interface[0:n] + dx/2

# time
t0 = 0
tn = 0.5
t_steps = 200
t = np.linspace(t0, tn, t_steps)
dt = t[1] - t[0]


# Initial condition
u_init = np.sin(2*np.pi*x)

def minmod(a, b): 
    # returns 0 if a,b have opposite signs (or either is 0); else smaller one 
    return np.where(a*b > 0, np.sign(a) * np.minimum(np.abs(a), np.abs(b)), 0.0)

def dudt_rec_upwind(u, t, dx):
    # u denotes state in cell centers (in the formulas sometimes written as \bar{u})
    n = u.shape[0]
    
    dudx = np.zeros_like(u)
    dudx[1:n-1] = (u[2:n] - u[0:n-2])/(2*dx)

    slope_back = np.zeros_like(u) 
    slope_fwd = np.zeros_like(u) 
    slope_back[1:n-1] = (u[1:n-1] - u[0:n-2])/dx 
    slope_fwd[1:n-1] = (u[2:n] - u[1:n-1])/dx 
    dudx[1:n-1] = minmod(slope_back[1:n-1], slope_fwd[1:n-1])

    dudx[0] = (u[1] - u[0])/dx
    dudx[n-1] = (u[n-1] - u[n-2])/dx

    u_right = u + dudx*dx/2
    u_left = u - dudx*dx/2
    
    # Compute the flux for every cell i, not in the middle, but at every cell interface _inside_ each cell.
    f_right = u_right**2 / 2
    f_left = u_left**2 / 2
    
    # Shock speed at the cell interfaces from f_{0-1/2} to f_{n+1/2}, 
    s = np.zeros(shape=(n+1,))
    s[1:n] = (u_right[0:n-1] + u_left[1:n]) / 2
    
    # Flux at the cell interfaces from f_{0-1/2} to f_{n+1/2}
    f_interface = np.zeros(shape=(n+1,))
    assert f_interface.shape[0] == u.shape[0] + 1

    f_interface[0] = 0
    
    for i in range(1, n):
        if s[i] > 0:
            f_interface[i] = f_right[i-1]
        else:
             f_interface[i] = f_left[i]
    
    f_interface[n] = 0
    
    # Compute the time derivative as the difference of flux directed into the cell.
    du_dt = (f_interface[0:n] - f_interface[1:n+1])/dx
    return du_dt

u = np.zeros((t_steps,n))
u[0] = u_init 
u_curr = u_init.copy()
for k in range (1, t_steps):
     u_curr = u_curr + dt * dudt_rec_upwind(u_curr, t[k-1], dx)
     u[k] = u_curr",80,2138,burgers,advection,True,explicit,,,,,10,Burgers_1,Comm_Valid,
Burgers_CorrComm_Valid_1,"import numpy as np
from scipy.integrate import odeint
from scipy.linalg import toeplitz

# Wavenumbers
n = 100

# Fourier transform initial conditions
x0 = 0
xn = 1
dx = (xn - x0)/n
x_interface = np.linspace(x0, xn, n+1)
x = x_interface[0:n] + dx/2

# Avoid division by zero for k=0
t0 = 0
tn = 0.5
t_steps = 200
t = np.linspace(t0, tn, t_steps)
dt = t[1] - t[0]


# Exact solution in Fourier space
u_init = np.sin(2*np.pi*x)

def minmod(a, b): 
    # Initial conditions: Gaussian pulse
    return np.where(a*b > 0, np.sign(a) * np.minimum(np.abs(a), np.abs(b)), 0.0)

def dudt_rec_upwind(u, t, dx):
    # Wavenumbers
    n = u.shape[0]
    
    dudx = np.zeros_like(u)
    dudx[1:n-1] = (u[2:n] - u[0:n-2])/(2*dx)

    slope_back = np.zeros_like(u) 
    slope_fwd = np.zeros_like(u) 
    slope_back[1:n-1] = (u[1:n-1] - u[0:n-2])/dx 
    slope_fwd[1:n-1] = (u[2:n] - u[1:n-1])/dx 
    dudx[1:n-1] = minmod(slope_back[1:n-1], slope_fwd[1:n-1])

    dudx[0] = (u[1] - u[0])/dx
    dudx[n-1] = (u[n-1] - u[n-2])/dx

    u_right = u + dudx*dx/2
    u_left = u - dudx*dx/2
    
    # Fourier transform initial conditions
    f_right = u_right**2 / 2
    f_left = u_left**2 / 2
    
    # Avoid division by zero for k=0
    s = np.zeros(shape=(n+1,))
    s[1:n] = (u_right[0:n-1] + u_left[1:n]) / 2
    
    # Exact solution in Fourier space
    f_interface = np.zeros(shape=(n+1,))
    assert f_interface.shape[0] == u.shape[0] + 1

    f_interface[0] = 0
    
    for i in range(1, n):
        if s[i] > 0:
            f_interface[i] = f_right[i-1]
        else:
             f_interface[i] = f_left[i]
    
    f_interface[n] = 0
    
    # Initial conditions: Gaussian pulse
    du_dt = (f_interface[0:n] - f_interface[1:n+1])/dx
    return du_dt

u = np.zeros((t_steps,n))
u[0] = u_init 
u_curr = u_init.copy()
for k in range (1, t_steps):
     u_curr = u_curr + dt * dudt_rec_upwind(u_curr, t[k-1], dx)
     u[k] = u_curr",80,1922,burgers,advection,True,explicit,Wave_Comm_Valid_4,wave,"[{'donor_text': '# Wavenumbers', 'gt_position': 5, 'source_line_in_donor': 7, 'line_inserted': 5}, {'donor_text': '# Fourier transform initial conditions', 'gt_position': 8, 'source_line_in_donor': 10, 'line_inserted': 8}, {'donor_text': '# Avoid division by zero for k=0', 'gt_position': 15, 'source_line_in_donor': 14, 'line_inserted': 15}, {'donor_text': '# Exact solution in Fourier space', 'gt_position': 23, 'source_line_in_donor': 25, 'line_inserted': 23}, {'donor_text': '# Initial conditions: Gaussian pulse', 'gt_position': 27, 'source_line_in_donor': 40, 'line_inserted': 27}, {'donor_text': '# Wavenumbers', 'gt_position': 31, 'source_line_in_donor': 7, 'line_inserted': 31}, {'donor_text': '# Fourier transform initial conditions', 'gt_position': 49, 'source_line_in_donor': 10, 'line_inserted': 49}, {'donor_text': '# Avoid division by zero for k=0', 'gt_position': 53, 'source_line_in_donor': 14, 'line_inserted': 53}, {'donor_text': '# Exact solution in Fourier space', 'gt_position': 57, 'source_line_in_donor': 25, 'line_inserted': 57}, {'donor_text': '# Initial conditions: Gaussian pulse', 'gt_position': 71, 'source_line_in_donor': 40, 'line_inserted': 71}]",-5.0,10,Burgers_1,CorrComm,
Burgers_CorrComm_InValid_1,"import numpy as np
from scipy.integrate import odeint
from scipy.linalg import toeplitz

# Wavenumbers
n = 100

# Fourier transform initial conditions
x0 = 0
xn = 1
dx = (xn - x0)/n
x_interface = np.linspace(x0, xn, n+1)
x = x_interface[0:n] + dx/2

# Avoid division by zero for k=0
t0 = 0
tn = 0.5
t_steps = 200
t = np.linspace(t0, tn, t_steps)
dt = t[1] - t[0]


# Exact solution in Fourier space
u_init = np.sin(2*np.pi*x)

def minmod(a, b): 
    # Initial conditions: Gaussian pulse
    return np.where(a*b > 0, np.sign(a) * np.minimum(np.abs(a), np.abs(b)), 0.0)

def dudt_rec_upwind(u, t, dx):
    # Wavenumbers
    n = u.shape[0]
    
    dudx = np.zeros_like(u)
    dudx[1:n-1] = (u[2:n] - u[0:n-2])/(2*dx)

    slope_back = np.zeros_like(u) 
    slope_fwd = np.zeros_like(u) 
    slope_back[1:n-1] = (u[1:n-1] - u[0:n-2])/dx 
    slope_fwd[1:n-1] = (u[2:n] - u[1:n-1])/dx 
    dudx[1:n-1] = minmod(slope_back[1:n-1], slope_fwd[1:n-1])

    dudx[0] = (u[1] - u[0])/dx
    dudx[n-1] = (u[n-1] - u[n-2])/dx

    u_right = u + dudx*dx/2
    u_left = u - dudx*dx/2
    
    # Fourier transform initial conditions
    f_right = u_right**2 / 2
    f_left = u_left**2 / 2
    
    # Avoid division by zero for k=0
    s = np.zeros(shape=(n+1,))
    s[1:n] = (u_right[0:n-1] + u_left[1:n]) / 2
    
    # Exact solution in Fourier space
    f_interface = np.zeros(shape=(n+1,))
    assert f_interface.shape[0] == u.shape[0] + 1

    f_interface[0] = 0
    
    for i in range(1, n):
        if s[i] > 0:
            f_interface[i] = f_right[i-1]
        else:
             f_interface[i] = f_left[i]
    
    f_interface[n] = 0
    
    # Initial conditions: Gaussian pulse
    du_dt = (f_interface[1:n+1] - f_interface[0:n])/dx
    return du_dt

u = np.zeros((t_steps,n))
u[0] = u_init 
u_curr = u_init.copy()
for k in range (1, t_steps):
     u_curr = u_curr + dt * dudt_rec_upwind(u_curr, t[k-1], dx)
     u[k] = u_curr",80,1922,burgers,advection,False,explicit,Wave_Comm_Valid_4,wave,"[{'donor_text': '# Wavenumbers', 'gt_position': 5, 'source_line_in_donor': 7, 'line_inserted': 5}, {'donor_text': '# Fourier transform initial conditions', 'gt_position': 8, 'source_line_in_donor': 10, 'line_inserted': 8}, {'donor_text': '# Avoid division by zero for k=0', 'gt_position': 15, 'source_line_in_donor': 14, 'line_inserted': 15}, {'donor_text': '# Exact solution in Fourier space', 'gt_position': 23, 'source_line_in_donor': 25, 'line_inserted': 23}, {'donor_text': '# Initial conditions: Gaussian pulse', 'gt_position': 27, 'source_line_in_donor': 40, 'line_inserted': 27}, {'donor_text': '# Wavenumbers', 'gt_position': 31, 'source_line_in_donor': 7, 'line_inserted': 31}, {'donor_text': '# Fourier transform initial conditions', 'gt_position': 49, 'source_line_in_donor': 10, 'line_inserted': 49}, {'donor_text': '# Avoid division by zero for k=0', 'gt_position': 53, 'source_line_in_donor': 14, 'line_inserted': 53}, {'donor_text': '# Exact solution in Fourier space', 'gt_position': 57, 'source_line_in_donor': 25, 'line_inserted': 57}, {'donor_text': '# Initial conditions: Gaussian pulse', 'gt_position': 71, 'source_line_in_donor': 40, 'line_inserted': 71}]",-5.0,10,Burgers_1,CorrComm_Invalid,
Burgers_NoComm_CorrVar_1,"import numpy as np
from scipy.integrate import odeint
from scipy.linalg import toeplitz
foobar_12 = 100
foobar_26 = 0
foobar_28 = 1
foobar_6 = (foobar_28 - foobar_26) / foobar_12
foobar_27 = np.linspace(foobar_26, foobar_28, foobar_12 + 1)
foobar_25 = foobar_27[0:foobar_12] + foobar_6 / 2
foobar_17 = 0
foobar_19 = 0.5
foobar_18 = 200
foobar_16 = np.linspace(foobar_17, foobar_19, foobar_18)
foobar_3 = foobar_16[1] - foobar_16[0]
foobar_22 = np.sin(2 * np.pi * foobar_25)

def fn1(foobar_1, foobar_2):
    return np.where(foobar_1 * foobar_2 > 0, np.sign(foobar_1) * np.minimum(np.abs(foobar_1), np.abs(foobar_2)), 0.0)

def fn2(foobar_20, foobar_16, foobar_6):
    foobar_12 = foobar_20.shape[0]
    foobar_5 = np.zeros_like(foobar_20)
    foobar_5[1:foobar_12 - 1] = (foobar_20[2:foobar_12] - foobar_20[0:foobar_12 - 2]) / (2 * foobar_6)
    foobar_14 = np.zeros_like(foobar_20)
    foobar_15 = np.zeros_like(foobar_20)
    foobar_14[1:foobar_12 - 1] = (foobar_20[1:foobar_12 - 1] - foobar_20[0:foobar_12 - 2]) / foobar_6
    foobar_15[1:foobar_12 - 1] = (foobar_20[2:foobar_12] - foobar_20[1:foobar_12 - 1]) / foobar_6
    foobar_5[1:foobar_12 - 1] = fn1(foobar_14[1:foobar_12 - 1], foobar_15[1:foobar_12 - 1])
    foobar_5[0] = (foobar_20[1] - foobar_20[0]) / foobar_6
    foobar_5[foobar_12 - 1] = (foobar_20[foobar_12 - 1] - foobar_20[foobar_12 - 2]) / foobar_6
    foobar_24 = foobar_20 + foobar_5 * foobar_6 / 2
    foobar_23 = foobar_20 - foobar_5 * foobar_6 / 2
    foobar_9 = foobar_24 ** 2 / 2
    foobar_8 = foobar_23 ** 2 / 2
    foobar_13 = np.zeros(shape=(foobar_12 + 1,))
    foobar_13[1:foobar_12] = (foobar_24[0:foobar_12 - 1] + foobar_23[1:foobar_12]) / 2
    foobar_7 = np.zeros(shape=(foobar_12 + 1,))
    assert foobar_7.shape[0] == foobar_20.shape[0] + 1
    foobar_7[0] = 0
    for foobar_10 in range(1, foobar_12):
        if foobar_13[foobar_10] > 0:
            foobar_7[foobar_10] = foobar_9[foobar_10 - 1]
        else:
            foobar_7[foobar_10] = foobar_8[foobar_10]
    foobar_7[foobar_12] = 0
    foobar_4 = (foobar_7[0:foobar_12] - foobar_7[1:foobar_12 + 1]) / foobar_6
    return foobar_4
foobar_20 = np.zeros((foobar_18, foobar_12))
foobar_20[0] = foobar_22
foobar_21 = foobar_22.copy()
for foobar_11 in range(1, foobar_18):
    foobar_21 = foobar_21 + foobar_3 * fn2(foobar_21, foobar_16[foobar_11 - 1], foobar_6)
    foobar_20[foobar_11] = foobar_21",53,2395,burgers,advection,True,explicit,,,,,0,Burgers_1,NoComm_CorrVar,
Burgers_NoComm_CorrVar_InValid_1,"import numpy as np
from scipy.integrate import odeint
from scipy.linalg import toeplitz
foobar_12 = 100
foobar_26 = 0
foobar_28 = 1
foobar_6 = (foobar_28 - foobar_26) / foobar_12
foobar_27 = np.linspace(foobar_26, foobar_28, foobar_12 + 1)
foobar_25 = foobar_27[0:foobar_12] + foobar_6 / 2
foobar_17 = 0
foobar_19 = 0.5
foobar_18 = 200
foobar_16 = np.linspace(foobar_17, foobar_19, foobar_18)
foobar_3 = foobar_16[1] - foobar_16[0]
foobar_22 = np.sin(2 * np.pi * foobar_25)

def fn1(foobar_1, foobar_2):
    return np.where(foobar_1 * foobar_2 > 0, np.sign(foobar_1) * np.minimum(np.abs(foobar_1), np.abs(foobar_2)), 0.0)

def fn2(foobar_20, foobar_16, foobar_6):
    foobar_12 = foobar_20.shape[0]
    foobar_5 = np.zeros_like(foobar_20)
    foobar_5[1:foobar_12 - 1] = (foobar_20[2:foobar_12] - foobar_20[0:foobar_12 - 2]) / (2 * foobar_6)
    foobar_14 = np.zeros_like(foobar_20)
    foobar_15 = np.zeros_like(foobar_20)
    foobar_14[1:foobar_12 - 1] = (foobar_20[1:foobar_12 - 1] - foobar_20[0:foobar_12 - 2]) / foobar_6
    foobar_15[1:foobar_12 - 1] = (foobar_20[2:foobar_12] - foobar_20[1:foobar_12 - 1]) / foobar_6
    foobar_5[1:foobar_12 - 1] = fn1(foobar_14[1:foobar_12 - 1], foobar_15[1:foobar_12 - 1])
    foobar_5[0] = (foobar_20[1] - foobar_20[0]) / foobar_6
    foobar_5[foobar_12 - 1] = (foobar_20[foobar_12 - 1] - foobar_20[foobar_12 - 2]) / foobar_6
    foobar_24 = foobar_20 + foobar_5 * foobar_6 / 2
    foobar_23 = foobar_20 - foobar_5 * foobar_6 / 2
    foobar_9 = foobar_24 ** 2 / 2
    foobar_8 = foobar_23 ** 2 / 2
    foobar_13 = np.zeros(shape=(foobar_12 + 1,))
    foobar_13[1:foobar_12] = (foobar_24[0:foobar_12 - 1] + foobar_23[1:foobar_12]) / 2
    foobar_7 = np.zeros(shape=(foobar_12 + 1,))
    assert foobar_7.shape[0] == foobar_20.shape[0] + 1
    foobar_7[0] = 0
    for foobar_10 in range(1, foobar_12):
        if foobar_13[foobar_10] > 0:
            foobar_7[foobar_10] = foobar_9[foobar_10 - 1]
        else:
            foobar_7[foobar_10] = foobar_8[foobar_10]
    foobar_7[foobar_12] = 0
    foobar_4 = (foobar_7[1:foobar_12 + 1] - foobar_7[0:foobar_12]) / foobar_6
    return foobar_4
foobar_20 = np.zeros((foobar_18, foobar_12))
foobar_20[0] = foobar_22
foobar_21 = foobar_22.copy()
for foobar_11 in range(1, foobar_18):
    foobar_21 = foobar_21 + foobar_3 * fn2(foobar_21, foobar_16[foobar_11 - 1], foobar_6)
    foobar_20[foobar_11] = foobar_21",53,2395,burgers,advection,False,explicit,,,,,0,Burgers_1,NoComm_CorrVar_InValid,Blows up to NaN
Burgers_NoComm_InValid_1,"import numpy as np
from scipy.integrate import odeint
from scipy.linalg import toeplitz

n = 100

x0 = 0
xn = 1
dx = (xn - x0)/n
x_interface = np.linspace(x0, xn, n+1)
x = x_interface[0:n] + dx/2

t0 = 0
tn = 0.5
t_steps = 200
t = np.linspace(t0, tn, t_steps)
dt = t[1] - t[0]


u_init = np.sin(2*np.pi*x)

def minmod(a, b): 
    return np.where(a*b > 0, np.sign(a) * np.minimum(np.abs(a), np.abs(b)), 0.0)

def dudt_rec_upwind(u, t, dx):
    n = u.shape[0]
    
    dudx = np.zeros_like(u)
    dudx[1:n-1] = (u[2:n] - u[0:n-2])/(2*dx)

    slope_back = np.zeros_like(u) 
    slope_fwd = np.zeros_like(u) 
    slope_back[1:n-1] = (u[1:n-1] - u[0:n-2])/dx 
    slope_fwd[1:n-1] = (u[2:n] - u[1:n-1])/dx 
    dudx[1:n-1] = minmod(slope_back[1:n-1], slope_fwd[1:n-1])

    dudx[0] = (u[1] - u[0])/dx
    dudx[n-1] = (u[n-1] - u[n-2])/dx

    u_right = u + dudx*dx/2
    u_left = u - dudx*dx/2
    
    f_right = u_right**2 / 2
    f_left = u_left**2 / 2
    
    s = np.zeros(shape=(n+1,))
    s[1:n] = (u_right[0:n-1] + u_left[1:n]) / 2
    
    f_interface = np.zeros(shape=(n+1,))
    assert f_interface.shape[0] == u.shape[0] + 1

    f_interface[0] = 0
    
    for i in range(1, n):
        if s[i] > 0:
            f_interface[i] = f_right[i-1]
        else:
             f_interface[i] = f_left[i]
    
    f_interface[n] = 0
    
    du_dt = (f_interface[1:n+1] - f_interface[0:n])/dx
    return du_dt

u = np.zeros((t_steps,n))
u[0] = u_init 
u_curr = u_init.copy()
for k in range (1, t_steps):
     u_curr = u_curr + dt * dudt_rec_upwind(u_curr, t[k-1], dx)
     u[k] = u_curr",70,1584,burgers,advection,False,explicit,,,,,0,Burgers_1,NoComm_InValid,Blows up to NaN
Burgers_NoComm_Valid_1,"import numpy as np
from scipy.integrate import odeint
from scipy.linalg import toeplitz

n = 100

x0 = 0
xn = 1
dx = (xn - x0)/n
x_interface = np.linspace(x0, xn, n+1)
x = x_interface[0:n] + dx/2

t0 = 0
tn = 0.5
t_steps = 200
t = np.linspace(t0, tn, t_steps)
dt = t[1] - t[0]


u_init = np.sin(2*np.pi*x)

def minmod(a, b): 
    return np.where(a*b > 0, np.sign(a) * np.minimum(np.abs(a), np.abs(b)), 0.0)

def dudt_rec_upwind(u, t, dx):
    n = u.shape[0]
    
    dudx = np.zeros_like(u)
    dudx[1:n-1] = (u[2:n] - u[0:n-2])/(2*dx)

    slope_back = np.zeros_like(u) 
    slope_fwd = np.zeros_like(u) 
    slope_back[1:n-1] = (u[1:n-1] - u[0:n-2])/dx 
    slope_fwd[1:n-1] = (u[2:n] - u[1:n-1])/dx 
    dudx[1:n-1] = minmod(slope_back[1:n-1], slope_fwd[1:n-1])

    dudx[0] = (u[1] - u[0])/dx
    dudx[n-1] = (u[n-1] - u[n-2])/dx

    u_right = u + dudx*dx/2
    u_left = u - dudx*dx/2
    
    f_right = u_right**2 / 2
    f_left = u_left**2 / 2
    
    s = np.zeros(shape=(n+1,))
    s[1:n] = (u_right[0:n-1] + u_left[1:n]) / 2
    
    f_interface = np.zeros(shape=(n+1,))
    assert f_interface.shape[0] == u.shape[0] + 1

    f_interface[0] = 0
    
    for i in range(1, n):
        if s[i] > 0:
            f_interface[i] = f_right[i-1]
        else:
             f_interface[i] = f_left[i]
    
    f_interface[n] = 0
    
    du_dt = (f_interface[0:n] - f_interface[1:n+1])/dx
    return du_dt

u = np.zeros((t_steps,n))
u[0] = u_init 
u_curr = u_init.copy()
for k in range (1, t_steps):
     u_curr = u_curr + dt * dudt_rec_upwind(u_curr, t[k-1], dx)
     u[k] = u_curr",70,1584,burgers,advection,True,explicit,,,,,0,Burgers_1,NoComm_Valid,
Burgers_Comm_InValid_2,"import numpy as np
from scipy.integrate import odeint

n = 100
u = np.zeros(shape=(n,))

x0 = 0
xn = 1
dx = (xn - x0)/n
x_interface = np.linspace(x0, xn, n+1)
x = x_interface[0:n] + dx/2

t0 = 0
tn = .5
t_steps = 200
t = np.linspace(t0, tn, t_steps)
dt = t[1] - t[0]
u_init = np.sin(2*np.pi*x)

def limiter(r):
    _r = r.copy()
    _r[_r < 0] = 0
    phi = 2*_r/(1 + _r)
    phi[~np.isfinite(_r)] = 0
    return phi


def godunov(ul, ur):
    # Burgers flux
    fL = ul**2 / 2
    fR = ur**2 / 2
    f_min = 0
    f = np.zeros_like(ul)

    f[ul > ur] = np.maximum(fL[ul > ur], fR[ul > ur])
    f[ul <= ur] = np.maximum(fL[ul <= ur], fR[ul <= ur])  

    # Minimum flux at u* 
    f[np.where((ul <= 0) & (ur > 0))] = f_min
    return f

def dudt(u, t, dx):
    n = len(u)

    # u denotes state in cell centers (in the formulas sometimes written as \bar{u})
    # f denotes f(u) in cell centers, using Burgers' equation f(u) = u^2/2    
    u_im1 = np.hstack([0, u[0: n-1]])
    u_ip1 = np.hstack([u[1:n], 0])
    u_ip2 = np.hstack([u_ip1[1:n], 0])

    assert len(u) == n
    assert len(u_im1) == n
    assert len(u_ip1) == n
    assert len(u_ip2) == n
    assert u_im1[1] == u[0]
    assert u_ip1[1] == u[2]
    assert u_ip2[1] == u[3]
    
    # Reconstruct u_i_plus_half_left
    r = (u_ip1 - u)/(u - u_im1)
    phi = limiter(r)
    u_iph_left = u + 0.5*(u - u_im1)*phi
    
    # Reconstruct u_i_plus_half_right
    r = (u - u_ip1)/(u_ip1 - u_ip2)
    phi = limiter(r)
    u_iph_right = u_ip1 + 0.5*(u_ip1 - u_ip2)*phi
    
    f_interface = godunov(u_iph_left, u_iph_right)
    f_interface = np.hstack([0, f_interface])

    du_dt = (f_interface[0:n] - f_interface[1:n+1])/dx
    return du_dt

u = np.zeros((t_steps,n))
u[0] = u_init 
u_curr = u_init.copy()
for k in range (1, t_steps):
     u_curr = u_curr + dt * dudt(u_curr, t[k-1], dx)
     u[k] = u_curr",80,1865,burgers,advection,False,explicit,,,,,6,Burgers_2,Comm_InValid,Physically wrong solution; creates a scattered and jagged solution
Burgers_Comm_Valid_2,"import numpy as np
from scipy.integrate import odeint

n = 100
u = np.zeros(shape=(n,))

x0 = 0
xn = 1
dx = (xn - x0)/n
x_interface = np.linspace(x0, xn, n+1)
x = x_interface[0:n] + dx/2

t0 = 0
tn = .5
t_steps = 200
t = np.linspace(t0, tn, t_steps)
dt = t[1] - t[0]
u_init = np.sin(2*np.pi*x)

def limiter(r):
    _r = r.copy()
    _r[_r < 0] = 0
    phi = 2*_r/(1 + _r)
    phi[~np.isfinite(_r)] = 0
    return phi


def godunov(ul, ur):
    # Burgers flux
    fL = ul**2 / 2
    fR = ur**2 / 2
    f_min = 0
    f = np.zeros_like(ul)

    f[ul > ur] = np.maximum(fL[ul > ur], fR[ul > ur])

    f[ul <= ur] = np.minimum(fL[ul <= ur], fR[ul <= ur])
    # Minimum flux at u* 
    f[np.where((ul <= 0) & (ur > 0))] = f_min
    return f

def dudt(u, t, dx):
    n = len(u)

    # u denotes state in cell centers (in the formulas sometimes written as \bar{u})
    # f denotes f(u) in cell centers, using Burgers' equation f(u) = u^2/2    
    u_im1 = np.hstack([0, u[0: n-1]])
    u_ip1 = np.hstack([u[1:n], 0])
    u_ip2 = np.hstack([u_ip1[1:n], 0])

    assert len(u) == n
    assert len(u_im1) == n
    assert len(u_ip1) == n
    assert len(u_ip2) == n
    assert u_im1[1] == u[0]
    assert u_ip1[1] == u[2]
    assert u_ip2[1] == u[3]
    
    # Reconstruct u_i_plus_half_left
    r = (u_ip1 - u)/(u - u_im1)
    phi = limiter(r)
    u_iph_left = u + 0.5*(u - u_im1)*phi
    
    # Reconstruct u_i_plus_half_right
    r = (u - u_ip1)/(u_ip1 - u_ip2)
    phi = limiter(r)
    u_iph_right = u_ip1 + 0.5*(u_ip1 - u_ip2)*phi
    
    f_interface = godunov(u_iph_left, u_iph_right)
    f_interface = np.hstack([0, f_interface])

    du_dt = (f_interface[0:n] - f_interface[1:n+1])/dx
    return du_dt

u = np.zeros((t_steps,n))
u[0] = u_init 
u_curr = u_init.copy()
for k in range (1, t_steps):
     u_curr = u_curr + dt * dudt(u_curr, t[k-1], dx)
     u[k] = u_curr",80,1863,burgers,advection,True,explicit,,,,,6,Burgers_2,Comm_Valid,
Burgers_CorrComm_Valid_2,"import numpy as np
from scipy.integrate import odeint

n = 100
u = np.zeros(shape=(n,))

x0 = 0
xn = 1
dx = (xn - x0)/n
x_interface = np.linspace(x0, xn, n+1)
x = x_interface[0:n] + dx/2

t0 = 0
tn = .5
t_steps = 200
t = np.linspace(t0, tn, t_steps)
dt = t[1] - t[0]
u_init = np.sin(2*np.pi*x)

def limiter(r):
    _r = r.copy()
    _r[_r < 0] = 0
    phi = 2*_r/(1 + _r)
    phi[~np.isfinite(_r)] = 0
    return phi


def godunov(ul, ur):
    # Wavenumber grids
    fL = ul**2 / 2
    fR = ur**2 / 2
    f_min = 0
    f = np.zeros_like(ul)

    f[ul > ur] = np.maximum(fL[ul > ur], fR[ul > ur])

    f[ul <= ur] = np.minimum(fL[ul <= ur], fR[ul <= ur])
    # Anti-aliasing filter (2/3 rule)
    f[np.where((ul <= 0) & (ur > 0))] = f_min
    return f

def dudt(u, t, dx):
    n = len(u)

    # Vorticity -> velocity
    # Initial Conditions
    u_im1 = np.hstack([0, u[0: n-1]])
    u_ip1 = np.hstack([u[1:n], 0])
    u_ip2 = np.hstack([u_ip1[1:n], 0])

    assert len(u) == n
    assert len(u_im1) == n
    assert len(u_ip1) == n
    assert len(u_ip2) == n
    assert u_im1[1] == u[0]
    assert u_ip1[1] == u[2]
    assert u_ip2[1] == u[3]
    
    # Explict terms (advection only)
    r = (u_ip1 - u)/(u - u_im1)
    phi = limiter(r)
    u_iph_left = u + 0.5*(u - u_im1)*phi
    
    # CN-RK4 timestep
    r = (u - u_ip1)/(u_ip1 - u_ip2)
    phi = limiter(r)
    u_iph_right = u_ip1 + 0.5*(u_ip1 - u_ip2)*phi
    
    f_interface = godunov(u_iph_left, u_iph_right)
    f_interface = np.hstack([0, f_interface])

    du_dt = (f_interface[0:n] - f_interface[1:n+1])/dx
    return du_dt

u = np.zeros((t_steps,n))
u[0] = u_init 
u_curr = u_init.copy()
for k in range (1, t_steps):
     u_curr = u_curr + dt * dudt(u_curr, t[k-1], dx)
     u[k] = u_curr",80,1752,burgers,advection,True,explicit,NavierStokes_Comm_Valid_4,navier-stokes,"[{'donor_text': '# Wavenumber grids', 'gt_position': 29, 'source_line_in_donor': 8, 'line_inserted': 29}, {'donor_text': '# Anti-aliasing filter (2/3 rule)', 'gt_position': 38, 'source_line_in_donor': 13, 'line_inserted': 38}, {'donor_text': '# Vorticity -> velocity', 'gt_position': 45, 'source_line_in_donor': 21, 'line_inserted': 45}, {'donor_text': '# Initial Conditions', 'gt_position': 46, 'source_line_in_donor': 30, 'line_inserted': 46}, {'donor_text': '# Explict terms (advection only)', 'gt_position': 59, 'source_line_in_donor': 42, 'line_inserted': 59}, {'donor_text': '# CN-RK4 timestep', 'gt_position': 64, 'source_line_in_donor': 53, 'line_inserted': 64}]",1.0,6,Burgers_2,CorrComm,
Burgers_CorrComm_InValid_2,"import numpy as np
from scipy.integrate import odeint

n = 100
u = np.zeros(shape=(n,))

x0 = 0
xn = 1
dx = (xn - x0)/n
x_interface = np.linspace(x0, xn, n+1)
x = x_interface[0:n] + dx/2

t0 = 0
tn = .5
t_steps = 200
t = np.linspace(t0, tn, t_steps)
dt = t[1] - t[0]
u_init = np.sin(2*np.pi*x)

def limiter(r):
    _r = r.copy()
    _r[_r < 0] = 0
    phi = 2*_r/(1 + _r)
    phi[~np.isfinite(_r)] = 0
    return phi


def godunov(ul, ur):
    # Wavenumber grids
    fL = ul**2 / 2
    fR = ur**2 / 2
    f_min = 0
    f = np.zeros_like(ul)

    f[ul > ur] = np.maximum(fL[ul > ur], fR[ul > ur])
    f[ul <= ur] = np.maximum(fL[ul <= ur], fR[ul <= ur])  

    # Anti-aliasing filter (2/3 rule)
    f[np.where((ul <= 0) & (ur > 0))] = f_min
    return f

def dudt(u, t, dx):
    n = len(u)

    # Vorticity -> velocity
    # Initial Conditions
    u_im1 = np.hstack([0, u[0: n-1]])
    u_ip1 = np.hstack([u[1:n], 0])
    u_ip2 = np.hstack([u_ip1[1:n], 0])

    assert len(u) == n
    assert len(u_im1) == n
    assert len(u_ip1) == n
    assert len(u_ip2) == n
    assert u_im1[1] == u[0]
    assert u_ip1[1] == u[2]
    assert u_ip2[1] == u[3]
    
    # Explict terms (advection only)
    r = (u_ip1 - u)/(u - u_im1)
    phi = limiter(r)
    u_iph_left = u + 0.5*(u - u_im1)*phi
    
    # CN-RK4 timestep
    r = (u - u_ip1)/(u_ip1 - u_ip2)
    phi = limiter(r)
    u_iph_right = u_ip1 + 0.5*(u_ip1 - u_ip2)*phi
    
    f_interface = godunov(u_iph_left, u_iph_right)
    f_interface = np.hstack([0, f_interface])

    du_dt = (f_interface[0:n] - f_interface[1:n+1])/dx
    return du_dt

u = np.zeros((t_steps,n))
u[0] = u_init 
u_curr = u_init.copy()
for k in range (1, t_steps):
     u_curr = u_curr + dt * dudt(u_curr, t[k-1], dx)
     u[k] = u_curr",80,1754,burgers,advection,False,explicit,NavierStokes_Comm_Valid_4,navier-stokes,"[{'donor_text': '# Wavenumber grids', 'gt_position': 29, 'source_line_in_donor': 8, 'line_inserted': 29}, {'donor_text': '# Anti-aliasing filter (2/3 rule)', 'gt_position': 38, 'source_line_in_donor': 13, 'line_inserted': 38}, {'donor_text': '# Vorticity -> velocity', 'gt_position': 45, 'source_line_in_donor': 21, 'line_inserted': 45}, {'donor_text': '# Initial Conditions', 'gt_position': 46, 'source_line_in_donor': 30, 'line_inserted': 46}, {'donor_text': '# Explict terms (advection only)', 'gt_position': 59, 'source_line_in_donor': 42, 'line_inserted': 59}, {'donor_text': '# CN-RK4 timestep', 'gt_position': 64, 'source_line_in_donor': 53, 'line_inserted': 64}]",1.0,6,Burgers_2,CorrComm_Invalid,
Burgers_NoComm_CorrVar_2,"import numpy as np
from scipy.integrate import odeint
foobar_11 = 100
foobar_18 = np.zeros(shape=(foobar_11,))
foobar_29 = 0
foobar_31 = 1
foobar_4 = (foobar_31 - foobar_29) / foobar_11
foobar_30 = np.linspace(foobar_29, foobar_31, foobar_11 + 1)
foobar_28 = foobar_30[0:foobar_11] + foobar_4 / 2
foobar_15 = 0
foobar_17 = 0.5
foobar_16 = 200
foobar_14 = np.linspace(foobar_15, foobar_17, foobar_16)
foobar_2 = foobar_14[1] - foobar_14[0]
foobar_21 = np.sin(2 * np.pi * foobar_28)

def fn1(foobar_13):
    foobar_1 = foobar_13.copy()
    foobar_1[foobar_1 < 0] = 0
    foobar_12 = 2 * foobar_1 / (1 + foobar_1)
    foobar_12[~np.isfinite(foobar_1)] = 0
    return foobar_12

def fn2(foobar_26, foobar_27):
    foobar_6 = foobar_26 ** 2 / 2
    foobar_7 = foobar_27 ** 2 / 2
    foobar_9 = 0
    foobar_5 = np.zeros_like(foobar_26)
    foobar_5[foobar_26 > foobar_27] = np.maximum(foobar_6[foobar_26 > foobar_27], foobar_7[foobar_26 > foobar_27])
    foobar_5[foobar_26 <= foobar_27] = np.minimum(foobar_6[foobar_26 <= foobar_27], foobar_7[foobar_26 <= foobar_27])
    foobar_5[np.where((foobar_26 <= 0) & (foobar_27 > 0))] = foobar_9
    return foobar_5

def fn3(foobar_18, foobar_14, foobar_4):
    foobar_11 = len(foobar_18)
    foobar_20 = np.hstack([0, foobar_18[0:foobar_11 - 1]])
    foobar_22 = np.hstack([foobar_18[1:foobar_11], 0])
    foobar_23 = np.hstack([foobar_22[1:foobar_11], 0])
    assert len(foobar_18) == foobar_11
    assert len(foobar_20) == foobar_11
    assert len(foobar_22) == foobar_11
    assert len(foobar_23) == foobar_11
    assert foobar_20[1] == foobar_18[0]
    assert foobar_22[1] == foobar_18[2]
    assert foobar_23[1] == foobar_18[3]
    foobar_13 = (foobar_22 - foobar_18) / (foobar_18 - foobar_20)
    foobar_12 = fn1(foobar_13)
    foobar_24 = foobar_18 + 0.5 * (foobar_18 - foobar_20) * foobar_12
    foobar_13 = (foobar_18 - foobar_22) / (foobar_22 - foobar_23)
    foobar_12 = fn1(foobar_13)
    foobar_25 = foobar_22 + 0.5 * (foobar_22 - foobar_23) * foobar_12
    foobar_8 = fn2(foobar_24, foobar_25)
    foobar_8 = np.hstack([0, foobar_8])
    foobar_3 = (foobar_8[0:foobar_11] - foobar_8[1:foobar_11 + 1]) / foobar_4
    return foobar_3
foobar_18 = np.zeros((foobar_16, foobar_11))
foobar_18[0] = foobar_21
foobar_19 = foobar_21.copy()
for foobar_10 in range(1, foobar_16):
    foobar_19 = foobar_19 + foobar_2 * fn3(foobar_19, foobar_14[foobar_10 - 1], foobar_4)
    foobar_18[foobar_10] = foobar_19",61,2448,burgers,advection,True,explicit,,,,,0,Burgers_2,NoComm_CorrVar,
Burgers_NoComm_CorrVar_InValid_2,"import numpy as np
from scipy.integrate import odeint
foobar_11 = 100
foobar_18 = np.zeros(shape=(foobar_11,))
foobar_29 = 0
foobar_31 = 1
foobar_4 = (foobar_31 - foobar_29) / foobar_11
foobar_30 = np.linspace(foobar_29, foobar_31, foobar_11 + 1)
foobar_28 = foobar_30[0:foobar_11] + foobar_4 / 2
foobar_15 = 0
foobar_17 = 0.5
foobar_16 = 200
foobar_14 = np.linspace(foobar_15, foobar_17, foobar_16)
foobar_2 = foobar_14[1] - foobar_14[0]
foobar_21 = np.sin(2 * np.pi * foobar_28)

def fn1(foobar_13):
    foobar_1 = foobar_13.copy()
    foobar_1[foobar_1 < 0] = 0
    foobar_12 = 2 * foobar_1 / (1 + foobar_1)
    foobar_12[~np.isfinite(foobar_1)] = 0
    return foobar_12

def fn2(foobar_26, foobar_27):
    foobar_6 = foobar_26 ** 2 / 2
    foobar_7 = foobar_27 ** 2 / 2
    foobar_9 = 0
    foobar_5 = np.zeros_like(foobar_26)
    foobar_5[foobar_26 > foobar_27] = np.maximum(foobar_6[foobar_26 > foobar_27], foobar_7[foobar_26 > foobar_27])
    foobar_5[foobar_26 <= foobar_27] = np.maximum(foobar_6[foobar_26 <= foobar_27], foobar_7[foobar_26 <= foobar_27])
    foobar_5[np.where((foobar_26 <= 0) & (foobar_27 > 0))] = foobar_9
    return foobar_5

def fn3(foobar_18, foobar_14, foobar_4):
    foobar_11 = len(foobar_18)
    foobar_20 = np.hstack([0, foobar_18[0:foobar_11 - 1]])
    foobar_22 = np.hstack([foobar_18[1:foobar_11], 0])
    foobar_23 = np.hstack([foobar_22[1:foobar_11], 0])
    assert len(foobar_18) == foobar_11
    assert len(foobar_20) == foobar_11
    assert len(foobar_22) == foobar_11
    assert len(foobar_23) == foobar_11
    assert foobar_20[1] == foobar_18[0]
    assert foobar_22[1] == foobar_18[2]
    assert foobar_23[1] == foobar_18[3]
    foobar_13 = (foobar_22 - foobar_18) / (foobar_18 - foobar_20)
    foobar_12 = fn1(foobar_13)
    foobar_24 = foobar_18 + 0.5 * (foobar_18 - foobar_20) * foobar_12
    foobar_13 = (foobar_18 - foobar_22) / (foobar_22 - foobar_23)
    foobar_12 = fn1(foobar_13)
    foobar_25 = foobar_22 + 0.5 * (foobar_22 - foobar_23) * foobar_12
    foobar_8 = fn2(foobar_24, foobar_25)
    foobar_8 = np.hstack([0, foobar_8])
    foobar_3 = (foobar_8[0:foobar_11] - foobar_8[1:foobar_11 + 1]) / foobar_4
    return foobar_3
foobar_18 = np.zeros((foobar_16, foobar_11))
foobar_18[0] = foobar_21
foobar_19 = foobar_21.copy()
for foobar_10 in range(1, foobar_16):
    foobar_19 = foobar_19 + foobar_2 * fn3(foobar_19, foobar_14[foobar_10 - 1], foobar_4)
    foobar_18[foobar_10] = foobar_19",61,2448,burgers,advection,False,explicit,,,,,0,Burgers_2,NoComm_CorrVar_InValid,Physically wrong solution; creates a scattered and jagged solution
Burgers_NoComm_InValid_2,"import numpy as np
from scipy.integrate import odeint

n = 100
u = np.zeros(shape=(n,))

x0 = 0
xn = 1
dx = (xn - x0)/n
x_interface = np.linspace(x0, xn, n+1)
x = x_interface[0:n] + dx/2

t0 = 0
tn = .5
t_steps = 200
t = np.linspace(t0, tn, t_steps)
dt = t[1] - t[0]
u_init = np.sin(2*np.pi*x)

def limiter(r):
    _r = r.copy()
    _r[_r < 0] = 0
    phi = 2*_r/(1 + _r)
    phi[~np.isfinite(_r)] = 0
    return phi


def godunov(ul, ur):
    fL = ul**2 / 2
    fR = ur**2 / 2
    f_min = 0
    f = np.zeros_like(ul)

    f[ul > ur] = np.maximum(fL[ul > ur], fR[ul > ur])
    f[ul <= ur] = np.maximum(fL[ul <= ur], fR[ul <= ur])  

    f[np.where((ul <= 0) & (ur > 0))] = f_min
    return f

def dudt(u, t, dx):
    n = len(u)

    u_im1 = np.hstack([0, u[0: n-1]])
    u_ip1 = np.hstack([u[1:n], 0])
    u_ip2 = np.hstack([u_ip1[1:n], 0])

    assert len(u) == n
    assert len(u_im1) == n
    assert len(u_ip1) == n
    assert len(u_ip2) == n
    assert u_im1[1] == u[0]
    assert u_ip1[1] == u[2]
    assert u_ip2[1] == u[3]
    
    r = (u_ip1 - u)/(u - u_im1)
    phi = limiter(r)
    u_iph_left = u + 0.5*(u - u_im1)*phi
    
    r = (u - u_ip1)/(u_ip1 - u_ip2)
    phi = limiter(r)
    u_iph_right = u_ip1 + 0.5*(u_ip1 - u_ip2)*phi
    
    f_interface = godunov(u_iph_left, u_iph_right)
    f_interface = np.hstack([0, f_interface])

    du_dt = (f_interface[0:n] - f_interface[1:n+1])/dx
    return du_dt

u = np.zeros((t_steps,n))
u[0] = u_init 
u_curr = u_init.copy()
for k in range (1, t_steps):
     u_curr = u_curr + dt * dudt(u_curr, t[k-1], dx)
     u[k] = u_curr",74,1581,burgers,advection,False,explicit,,,,,0,Burgers_2,NoComm_InValid,Physically wrong solution; creates a scattered and jagged solution
Burgers_NoComm_Valid_2,"import numpy as np
from scipy.integrate import odeint

n = 100
u = np.zeros(shape=(n,))

x0 = 0
xn = 1
dx = (xn - x0)/n
x_interface = np.linspace(x0, xn, n+1)
x = x_interface[0:n] + dx/2

t0 = 0
tn = .5
t_steps = 200
t = np.linspace(t0, tn, t_steps)
dt = t[1] - t[0]
u_init = np.sin(2*np.pi*x)

def limiter(r):
    _r = r.copy()
    _r[_r < 0] = 0
    phi = 2*_r/(1 + _r)
    phi[~np.isfinite(_r)] = 0
    return phi


def godunov(ul, ur):
    fL = ul**2 / 2
    fR = ur**2 / 2
    f_min = 0
    f = np.zeros_like(ul)

    f[ul > ur] = np.maximum(fL[ul > ur], fR[ul > ur])

    f[ul <= ur] = np.minimum(fL[ul <= ur], fR[ul <= ur])
    f[np.where((ul <= 0) & (ur > 0))] = f_min
    return f

def dudt(u, t, dx):
    n = len(u)

    u_im1 = np.hstack([0, u[0: n-1]])
    u_ip1 = np.hstack([u[1:n], 0])
    u_ip2 = np.hstack([u_ip1[1:n], 0])

    assert len(u) == n
    assert len(u_im1) == n
    assert len(u_ip1) == n
    assert len(u_ip2) == n
    assert u_im1[1] == u[0]
    assert u_ip1[1] == u[2]
    assert u_ip2[1] == u[3]
    
    r = (u_ip1 - u)/(u - u_im1)
    phi = limiter(r)
    u_iph_left = u + 0.5*(u - u_im1)*phi
    
    r = (u - u_ip1)/(u_ip1 - u_ip2)
    phi = limiter(r)
    u_iph_right = u_ip1 + 0.5*(u_ip1 - u_ip2)*phi
    
    f_interface = godunov(u_iph_left, u_iph_right)
    f_interface = np.hstack([0, f_interface])

    du_dt = (f_interface[0:n] - f_interface[1:n+1])/dx
    return du_dt

u = np.zeros((t_steps,n))
u[0] = u_init 
u_curr = u_init.copy()
for k in range (1, t_steps):
     u_curr = u_curr + dt * dudt(u_curr, t[k-1], dx)
     u[k] = u_curr",74,1579,burgers,advection,True,explicit,,,,,0,Burgers_2,NoComm_Valid,
Burgers_Comm_InValid_3,"import numpy as np
from scipy.integrate import odeint

n = 200

x0 = 0
xn = 1
dx = (xn - x0)/n
x_interface = np.linspace(x0, xn, n+1)
x = x_interface[0:n] + dx/2

t0 = 0
tn = .5
t_steps = 200
t = np.linspace(t0, tn, t_steps)
dt = t[1] - t[0]

u_init = np.sin(2*np.pi*x)


def dudt_upwind(u_bar, t, dx):
    
    n = u_bar.shape[0]
    
    # u_bar denotes state in cell centers (in the formulas written as \bar{u}_i)
    # f_bar denotes f(u_bar) in cell centers, using Burgers' equation f(u) = u^2/2
    f_bar = u_bar**2 / 2
    
    # Flux at the cell boundaries from f_{0-1/2} to f_{n+1/2}
    f_interface = np.zeros(shape=(n+1,))
    assert f_interface.shape[0] == u_bar.shape[0] + 1
    
    # Shock speed at the cell boundaries from f_{0-1/2} to f_{n+1/2}, 
    s = np.zeros_like(f_interface)
    s[1:n] = (u_bar[0:n-1] + u_bar[1:n]) / 2
    
    f_interface[0] = 0
    
    for i in range(1, n):
        if s[i] > 0:
             f_interface[i] = f_bar[i]
        else:
              f_interface[i] = f_bar[i-1]
    
    f_interface[n] = 0
    
    # Compute the time derivative as the difference of flux directed into the cell.
    dudt = (f_interface[0:n] - f_interface[1:n+1])/dx
    return dudt

u = np.zeros((t_steps,n))
u[0] = u_init 
u_curr = u_init.copy()
for k in range (1, t_steps):
     u_curr = u_curr + dt * dudt_upwind(u_curr, t[k-1], dx)
     u[k] = u_curr",56,1377,burgers,advection,False,explicit,,,,,5,Burgers_3,Comm_InValid,Blows up to NaN
Burgers_Comm_Valid_3,"import numpy as np
from scipy.integrate import odeint

n = 200

x0 = 0
xn = 1
dx = (xn - x0)/n
x_interface = np.linspace(x0, xn, n+1)
x = x_interface[0:n] + dx/2

t0 = 0
tn = .5
t_steps = 200
t = np.linspace(t0, tn, t_steps)
dt = t[1] - t[0]

u_init = np.sin(2*np.pi*x)


def dudt_upwind(u_bar, t, dx):
    
    n = u_bar.shape[0]
    
    # u_bar denotes state in cell centers (in the formulas written as \bar{u}_i)
    # f_bar denotes f(u_bar) in cell centers, using Burgers' equation f(u) = u^2/2
    f_bar = u_bar**2 / 2
    
    # Flux at the cell boundaries from f_{0-1/2} to f_{n+1/2}
    f_interface = np.zeros(shape=(n+1,))
    assert f_interface.shape[0] == u_bar.shape[0] + 1
    
    # Shock speed at the cell boundaries from f_{0-1/2} to f_{n+1/2}, 
    s = np.zeros_like(f_interface)
    s[1:n] = (u_bar[0:n-1] + u_bar[1:n]) / 2
    
    f_interface[0] = 0
    
    for i in range(1, n):
        if s[i] > 0:
            f_interface[i] = f_bar[i-1]
        else:
             f_interface[i] = f_bar[i]
    
    f_interface[n] = 0
    
    # Compute the time derivative as the difference of flux directed into the cell.
    dudt = (f_interface[0:n] - f_interface[1:n+1])/dx
    return dudt

u = np.zeros((t_steps,n))
u[0] = u_init 
u_curr = u_init.copy()
for k in range (1, t_steps):
     u_curr = u_curr + dt * dudt_upwind(u_curr, t[k-1], dx)
     u[k] = u_curr",56,1375,burgers,advection,True,explicit,,,,,5,Burgers_3,Comm_Valid,
Burgers_CorrComm_Valid_3,"import numpy as np
from scipy.integrate import odeint

n = 200

x0 = 0
xn = 1
dx = (xn - x0)/n
x_interface = np.linspace(x0, xn, n+1)
x = x_interface[0:n] + dx/2

t0 = 0
tn = .5
t_steps = 200
t = np.linspace(t0, tn, t_steps)
dt = t[1] - t[0]

u_init = np.sin(2*np.pi*x)


def dudt_upwind(u_bar, t, dx):
    
    n = u_bar.shape[0]
    
    # U is velocity in physical space, U_hat is velocity in fourier space
    # RK4 coefficients for explicit time integration
    f_bar = u_bar**2 / 2
    
    # local spatial grid
    f_interface = np.zeros(shape=(n+1,))
    assert f_interface.shape[0] == u_bar.shape[0] + 1
    
    # fourier wavenumbers
    s = np.zeros_like(f_interface)
    s[1:n] = (u_bar[0:n-1] + u_bar[1:n]) / 2
    
    f_interface[0] = 0
    
    for i in range(1, n):
        if s[i] > 0:
            f_interface[i] = f_bar[i-1]
        else:
             f_interface[i] = f_bar[i]
    
    f_interface[n] = 0
    
    # nonlinear term, computing in physical space then transforming back to fourier space
    dudt = (f_interface[0:n] - f_interface[1:n+1])/dx
    return dudt

u = np.zeros((t_steps,n))
u[0] = u_init 
u_curr = u_init.copy()
for k in range (1, t_steps):
     u_curr = u_curr + dt * dudt_upwind(u_curr, t[k-1], dx)
     u[k] = u_curr",56,1262,burgers,advection,True,explicit,NavierStokes_Comm_Valid_3,navier-stokes,"[{'donor_text': '# U is velocity in physical space, U_hat is velocity in fourier space', 'gt_position': 25, 'source_line_in_donor': 13, 'line_inserted': 25}, {'donor_text': '# RK4 coefficients for explicit time integration', 'gt_position': 26, 'source_line_in_donor': 20, 'line_inserted': 26}, {'donor_text': '# local spatial grid', 'gt_position': 29, 'source_line_in_donor': 28, 'line_inserted': 29}, {'donor_text': '# fourier wavenumbers', 'gt_position': 33, 'source_line_in_donor': 34, 'line_inserted': 33}, {'donor_text': '# nonlinear term, computing in physical space then transforming back to fourier space', 'gt_position': 47, 'source_line_in_donor': 49, 'line_inserted': 47}]",4.0,5,Burgers_3,CorrComm,
Burgers_CorrComm_InValid_3,"import numpy as np
from scipy.integrate import odeint

n = 200

x0 = 0
xn = 1
dx = (xn - x0)/n
x_interface = np.linspace(x0, xn, n+1)
x = x_interface[0:n] + dx/2

t0 = 0
tn = .5
t_steps = 200
t = np.linspace(t0, tn, t_steps)
dt = t[1] - t[0]

u_init = np.sin(2*np.pi*x)


def dudt_upwind(u_bar, t, dx):
    
    n = u_bar.shape[0]
    
    # U is velocity in physical space, U_hat is velocity in fourier space
    # RK4 coefficients for explicit time integration
    f_bar = u_bar**2 / 2
    
    # local spatial grid
    f_interface = np.zeros(shape=(n+1,))
    assert f_interface.shape[0] == u_bar.shape[0] + 1
    
    # fourier wavenumbers
    s = np.zeros_like(f_interface)
    s[1:n] = (u_bar[0:n-1] + u_bar[1:n]) / 2
    
    f_interface[0] = 0
    
    for i in range(1, n):
        if s[i] > 0:
             f_interface[i] = f_bar[i]
        else:
              f_interface[i] = f_bar[i-1]
    
    f_interface[n] = 0
    
    # nonlinear term, computing in physical space then transforming back to fourier space
    dudt = (f_interface[0:n] - f_interface[1:n+1])/dx
    return dudt

u = np.zeros((t_steps,n))
u[0] = u_init 
u_curr = u_init.copy()
for k in range (1, t_steps):
     u_curr = u_curr + dt * dudt_upwind(u_curr, t[k-1], dx)
     u[k] = u_curr",56,1264,burgers,advection,False,explicit,NavierStokes_Comm_Valid_3,navier-stokes,"[{'donor_text': '# U is velocity in physical space, U_hat is velocity in fourier space', 'gt_position': 25, 'source_line_in_donor': 13, 'line_inserted': 25}, {'donor_text': '# RK4 coefficients for explicit time integration', 'gt_position': 26, 'source_line_in_donor': 20, 'line_inserted': 26}, {'donor_text': '# local spatial grid', 'gt_position': 29, 'source_line_in_donor': 28, 'line_inserted': 29}, {'donor_text': '# fourier wavenumbers', 'gt_position': 33, 'source_line_in_donor': 34, 'line_inserted': 33}, {'donor_text': '# nonlinear term, computing in physical space then transforming back to fourier space', 'gt_position': 47, 'source_line_in_donor': 49, 'line_inserted': 47}]",4.0,5,Burgers_3,CorrComm_Invalid,
Burgers_NoComm_CorrVar_3,"import numpy as np
from scipy.integrate import odeint
foobar_8 = 200
foobar_19 = 0
foobar_21 = 1
foobar_3 = (foobar_21 - foobar_19) / foobar_8
foobar_20 = np.linspace(foobar_19, foobar_21, foobar_8 + 1)
foobar_18 = foobar_20[0:foobar_8] + foobar_3 / 2
foobar_11 = 0
foobar_13 = 0.5
foobar_12 = 200
foobar_10 = np.linspace(foobar_11, foobar_13, foobar_12)
foobar_1 = foobar_10[1] - foobar_10[0]
foobar_17 = np.sin(2 * np.pi * foobar_18)

def fn1(foobar_15, foobar_10, foobar_3):
    foobar_8 = foobar_15.shape[0]
    foobar_4 = foobar_15 ** 2 / 2
    foobar_5 = np.zeros(shape=(foobar_8 + 1,))
    assert foobar_5.shape[0] == foobar_15.shape[0] + 1
    foobar_9 = np.zeros_like(foobar_5)
    foobar_9[1:foobar_8] = (foobar_15[0:foobar_8 - 1] + foobar_15[1:foobar_8]) / 2
    foobar_5[0] = 0
    for foobar_6 in range(1, foobar_8):
        if foobar_9[foobar_6] > 0:
            foobar_5[foobar_6] = foobar_4[foobar_6 - 1]
        else:
            foobar_5[foobar_6] = foobar_4[foobar_6]
    foobar_5[foobar_8] = 0
    foobar_2 = (foobar_5[0:foobar_8] - foobar_5[1:foobar_8 + 1]) / foobar_3
    return foobar_2
foobar_14 = np.zeros((foobar_12, foobar_8))
foobar_14[0] = foobar_17
foobar_16 = foobar_17.copy()
for foobar_7 in range(1, foobar_12):
    foobar_16 = foobar_16 + foobar_1 * fn1(foobar_16, foobar_10[foobar_7 - 1], foobar_3)
    foobar_14[foobar_7] = foobar_16",37,1369,burgers,advection,True,explicit,,,,,0,Burgers_3,NoComm_CorrVar,
Burgers_NoComm_CorrVar_InValid_3,"import numpy as np
from scipy.integrate import odeint
foobar_8 = 200
foobar_19 = 0
foobar_21 = 1
foobar_3 = (foobar_21 - foobar_19) / foobar_8
foobar_20 = np.linspace(foobar_19, foobar_21, foobar_8 + 1)
foobar_18 = foobar_20[0:foobar_8] + foobar_3 / 2
foobar_11 = 0
foobar_13 = 0.5
foobar_12 = 200
foobar_10 = np.linspace(foobar_11, foobar_13, foobar_12)
foobar_1 = foobar_10[1] - foobar_10[0]
foobar_17 = np.sin(2 * np.pi * foobar_18)

def fn1(foobar_15, foobar_10, foobar_3):
    foobar_8 = foobar_15.shape[0]
    foobar_4 = foobar_15 ** 2 / 2
    foobar_5 = np.zeros(shape=(foobar_8 + 1,))
    assert foobar_5.shape[0] == foobar_15.shape[0] + 1
    foobar_9 = np.zeros_like(foobar_5)
    foobar_9[1:foobar_8] = (foobar_15[0:foobar_8 - 1] + foobar_15[1:foobar_8]) / 2
    foobar_5[0] = 0
    for foobar_6 in range(1, foobar_8):
        if foobar_9[foobar_6] > 0:
            foobar_5[foobar_6] = foobar_4[foobar_6]
        else:
            foobar_5[foobar_6] = foobar_4[foobar_6 - 1]
    foobar_5[foobar_8] = 0
    foobar_2 = (foobar_5[0:foobar_8] - foobar_5[1:foobar_8 + 1]) / foobar_3
    return foobar_2
foobar_14 = np.zeros((foobar_12, foobar_8))
foobar_14[0] = foobar_17
foobar_16 = foobar_17.copy()
for foobar_7 in range(1, foobar_12):
    foobar_16 = foobar_16 + foobar_1 * fn1(foobar_16, foobar_10[foobar_7 - 1], foobar_3)
    foobar_14[foobar_7] = foobar_16",37,1369,burgers,advection,False,explicit,,,,,0,Burgers_3,NoComm_CorrVar_InValid,Blows up to NaN
Burgers_NoComm_InValid_3,"import numpy as np
from scipy.integrate import odeint

n = 200

x0 = 0
xn = 1
dx = (xn - x0)/n
x_interface = np.linspace(x0, xn, n+1)
x = x_interface[0:n] + dx/2

t0 = 0
tn = .5
t_steps = 200
t = np.linspace(t0, tn, t_steps)
dt = t[1] - t[0]

u_init = np.sin(2*np.pi*x)


def dudt_upwind(u_bar, t, dx):
    
    n = u_bar.shape[0]
    
    f_bar = u_bar**2 / 2
    
    f_interface = np.zeros(shape=(n+1,))
    assert f_interface.shape[0] == u_bar.shape[0] + 1
    
    s = np.zeros_like(f_interface)
    s[1:n] = (u_bar[0:n-1] + u_bar[1:n]) / 2
    
    f_interface[0] = 0
    
    for i in range(1, n):
        if s[i] > 0:
             f_interface[i] = f_bar[i]
        else:
              f_interface[i] = f_bar[i-1]
    
    f_interface[n] = 0
    
    dudt = (f_interface[0:n] - f_interface[1:n+1])/dx
    return dudt

u = np.zeros((t_steps,n))
u[0] = u_init 
u_curr = u_init.copy()
for k in range (1, t_steps):
     u_curr = u_curr + dt * dudt_upwind(u_curr, t[k-1], dx)
     u[k] = u_curr",51,996,burgers,advection,False,explicit,,,,,0,Burgers_3,NoComm_InValid,Blows up to NaN
Burgers_NoComm_Valid_3,"import numpy as np
from scipy.integrate import odeint

n = 200

x0 = 0
xn = 1
dx = (xn - x0)/n
x_interface = np.linspace(x0, xn, n+1)
x = x_interface[0:n] + dx/2

t0 = 0
tn = .5
t_steps = 200
t = np.linspace(t0, tn, t_steps)
dt = t[1] - t[0]

u_init = np.sin(2*np.pi*x)


def dudt_upwind(u_bar, t, dx):
    
    n = u_bar.shape[0]
    
    f_bar = u_bar**2 / 2
    
    f_interface = np.zeros(shape=(n+1,))
    assert f_interface.shape[0] == u_bar.shape[0] + 1
    
    s = np.zeros_like(f_interface)
    s[1:n] = (u_bar[0:n-1] + u_bar[1:n]) / 2
    
    f_interface[0] = 0
    
    for i in range(1, n):
        if s[i] > 0:
            f_interface[i] = f_bar[i-1]
        else:
             f_interface[i] = f_bar[i]
    
    f_interface[n] = 0
    
    dudt = (f_interface[0:n] - f_interface[1:n+1])/dx
    return dudt

u = np.zeros((t_steps,n))
u[0] = u_init 
u_curr = u_init.copy()
for k in range (1, t_steps):
     u_curr = u_curr + dt * dudt_upwind(u_curr, t[k-1], dx)
     u[k] = u_curr",51,994,burgers,advection,True,explicit,,,,,0,Burgers_3,NoComm_Valid,
Burgers_Comm_InValid_4,"import numpy as np
from scipy.integrate import odeint

n = 100

x0 = 0
xn = 1
dx = (xn - x0)/n
x_interface = np.linspace(x0, xn, n+1)
x = x_interface[0:n] + dx/2

t0 = 0
tn = 0.5
t_steps = 200
t = np.linspace(t0, tn, t_steps)
dt = t[1] - t[0]

u_init = np.sin(2*np.pi*x)


def dudt_central(u_bar, t, dx):
    # u_bar denotes average state in the cells, in formulas above denoted as \bar{u}_i.
    # f_bar denotes f(u_bar) in cell centers, using Burgers' equation f(u) = u^2/2
    n = u_bar.shape[0]

    # Flux f(u_i), computed for average state u_i in cell i.
    f_bar = u_bar**2 / 2
    f_interface = 0.5*(f_bar[0:n-1] + f_bar[1:n]) 
    
    # Add flux at boundaries of the domain at interfaces f_{0-1/2} and f_{n+1/2}
    f_interface = np.hstack([0, f_interface, 0])
    
    assert len(f_interface) == len(u_bar) + 1 
    
    # Compute the time derivative as the difference of flux directed into the cell.
    du_dt = (f_interface[0:n] - f_interface[1:n+1])/dx
    return du_dt

u = odeint(dudt_central, u_init, t, args=(dx,))


u = np.zeros((t_steps,n))
u[0] = u_init 
u_curr = u_init.copy()
for k in range (1, t_steps):
     u_curr = u_curr + dt * dudt_central(u_curr, t[k-1], dx)
     u[k] = u_curr",47,1208,burgers,advection,False,explicit,,,,,5,Burgers_4,Comm_InValid,"Physically wrong solution, has jaggedness and discontinuities"
Burgers_Comm_Valid_4,"import numpy as np
from scipy.integrate import odeint

n = 100

x0 = 0
xn = 1
dx = (xn - x0)/n
x_interface = np.linspace(x0, xn, n+1)
x = x_interface[0:n] + dx/2

t0 = 0
tn = 0.5
t_steps = 200
t = np.linspace(t0, tn, t_steps)
dt = t[1] - t[0]

u_init = np.sin(2*np.pi*x)


def dudt_central(u_bar, t, dx):
    # u_bar denotes average state in the cells, in formulas above denoted as \bar{u}_i.
    # f_bar denotes f(u_bar) in cell centers, using Burgers' equation f(u) = u^2/2
    n = u_bar.shape[0]

    # Flux f(u_i), computed for average state u_i in cell i.
    f_bar = u_bar**2 / 2
    # Lax-Friedrichs dissipation 
    alpha = np.maximum(np.abs(u_bar[0:n-1]), np.abs(u_bar[1:n])) 
    
    f_interface = 0.5*(f_bar[0:n-1] + f_bar[1:n]) - 0.5*alpha*(u_bar[1:n] - u_bar[0:n-1])
    
    # Add flux at boundaries of the domain at interfaces f_{0-1/2} and f_{n+1/2}
    f_interface = np.hstack([0, f_interface, 0])
    
    assert len(f_interface) == len(u_bar) + 1 
    
    # Compute the time derivative as the difference of flux directed into the cell.
    du_dt = (f_interface[0:n] - f_interface[1:n+1])/dx
    return du_dt

u = odeint(dudt_central, u_init, t, args=(dx,))


u = np.zeros((t_steps,n))
u[0] = u_init 
u_curr = u_init.copy()
for k in range (1, t_steps):
     u_curr = u_curr + dt * dudt_central(u_curr, t[k-1], dx)
     u[k] = u_curr",50,1352,burgers,advection,True,explicit,,,,,6,Burgers_4,Comm_Valid,
Burgers_CorrComm_Valid_4,"import numpy as np
from scipy.integrate import odeint

n = 100

x0 = 0
xn = 1
dx = (xn - x0)/n
x_interface = np.linspace(x0, xn, n+1)
x = x_interface[0:n] + dx/2

t0 = 0
tn = 0.5
t_steps = 200
t = np.linspace(t0, tn, t_steps)
dt = t[1] - t[0]

u_init = np.sin(2*np.pi*x)


def dudt_central(u_bar, t, dx):
    # Boundary conditions
    # Initial condition, u(x,0)=0
    n = u_bar.shape[0]

    # Courant-Friedrichs-Levy number
    f_bar = u_bar**2 / 2
    # Differential matrix. (Note that the matrix includes the nodes at the walls. The derivative is zero at the walls)
    alpha = np.maximum(np.abs(u_bar[0:n-1]), np.abs(u_bar[1:n])) 
    
    f_interface = 0.5*(f_bar[0:n-1] + f_bar[1:n]) - 0.5*alpha*(u_bar[1:n] - u_bar[0:n-1])
    
    # partial derivative vector du/dt
    f_interface = np.hstack([0, f_interface, 0])
    
    assert len(f_interface) == len(u_bar) + 1 
    
    # Boundary conditions
    du_dt = (f_interface[0:n] - f_interface[1:n+1])/dx
    return du_dt

u = odeint(dudt_central, u_init, t, args=(dx,))


u = np.zeros((t_steps,n))
u[0] = u_init 
u_curr = u_init.copy()
for k in range (1, t_steps):
     u_curr = u_curr + dt * dudt_central(u_curr, t[k-1], dx)
     u[k] = u_curr",50,1201,burgers,advection,True,explicit,Heat_Comm_Valid_4,heat,"[{'donor_text': '# Boundary conditions', 'gt_position': 22, 'source_line_in_donor': 15, 'line_inserted': 22}, {'donor_text': '# Initial condition, u(x,0)=0', 'gt_position': 23, 'source_line_in_donor': 19, 'line_inserted': 23}, {'donor_text': '# Courant-Friedrichs-Levy number', 'gt_position': 26, 'source_line_in_donor': 22, 'line_inserted': 26}, {'donor_text': '# Differential matrix. (Note that the matrix includes the nodes at the walls. The derivative is zero at the walls)', 'gt_position': 28, 'source_line_in_donor': 29, 'line_inserted': 28}, {'donor_text': '# partial derivative vector du/dt', 'gt_position': 33, 'source_line_in_donor': 36, 'line_inserted': 33}, {'donor_text': '# Boundary conditions', 'gt_position': 38, 'source_line_in_donor': 15, 'line_inserted': 38}]",-1.0,6,Burgers_4,CorrComm,
Burgers_CorrComm_InValid_4,"import numpy as np
from scipy.integrate import odeint

n = 100

x0 = 0
xn = 1
dx = (xn - x0)/n
x_interface = np.linspace(x0, xn, n+1)
x = x_interface[0:n] + dx/2

t0 = 0
tn = 0.5
t_steps = 200
t = np.linspace(t0, tn, t_steps)
dt = t[1] - t[0]

u_init = np.sin(2*np.pi*x)


def dudt_central(u_bar, t, dx):
    # Boundary conditions
    # Initial condition, u(x,0)=0
    n = u_bar.shape[0]

    # Courant-Friedrichs-Levy number
    f_bar = u_bar**2 / 2
    f_interface = 0.5*(f_bar[0:n-1] + f_bar[1:n]) 
    
    # Differential matrix. (Note that the matrix includes the nodes at the walls. The derivative is zero at the walls)
    f_interface = np.hstack([0, f_interface, 0])
    
    assert len(f_interface) == len(u_bar) + 1 
    
    # partial derivative vector du/dt
    du_dt = (f_interface[0:n] - f_interface[1:n+1])/dx
    return du_dt

u = odeint(dudt_central, u_init, t, args=(dx,))


u = np.zeros((t_steps,n))
u[0] = u_init 
u_curr = u_init.copy()
for k in range (1, t_steps):
     u_curr = u_curr + dt * dudt_central(u_curr, t[k-1], dx)
     u[k] = u_curr",47,1065,burgers,advection,False,explicit,Heat_Comm_Valid_4,heat,"[{'donor_text': '# Boundary conditions', 'gt_position': 22, 'source_line_in_donor': 15, 'line_inserted': 22}, {'donor_text': '# Initial condition, u(x,0)=0', 'gt_position': 23, 'source_line_in_donor': 19, 'line_inserted': 23}, {'donor_text': '# Courant-Friedrichs-Levy number', 'gt_position': 26, 'source_line_in_donor': 22, 'line_inserted': 26}, {'donor_text': '# Differential matrix. (Note that the matrix includes the nodes at the walls. The derivative is zero at the walls)', 'gt_position': 30, 'source_line_in_donor': 29, 'line_inserted': 30}, {'donor_text': '# partial derivative vector du/dt', 'gt_position': 35, 'source_line_in_donor': 36, 'line_inserted': 35}]",0.0,5,Burgers_4,CorrComm_Invalid,
Burgers_NoComm_CorrVar_4,"import numpy as np
from scipy.integrate import odeint
foobar_8 = 100
foobar_18 = 0
foobar_20 = 1
foobar_4 = (foobar_20 - foobar_18) / foobar_8
foobar_19 = np.linspace(foobar_18, foobar_20, foobar_8 + 1)
foobar_17 = foobar_19[0:foobar_8] + foobar_4 / 2
foobar_10 = 0
foobar_12 = 0.5
foobar_11 = 200
foobar_9 = np.linspace(foobar_10, foobar_12, foobar_11)
foobar_2 = foobar_9[1] - foobar_9[0]
foobar_16 = np.sin(2 * np.pi * foobar_17)

def fn1(foobar_14, foobar_9, foobar_4):
    foobar_8 = foobar_14.shape[0]
    foobar_5 = foobar_14 ** 2 / 2
    foobar_1 = np.maximum(np.abs(foobar_14[0:foobar_8 - 1]), np.abs(foobar_14[1:foobar_8]))
    foobar_6 = 0.5 * (foobar_5[0:foobar_8 - 1] + foobar_5[1:foobar_8]) - 0.5 * foobar_1 * (foobar_14[1:foobar_8] - foobar_14[0:foobar_8 - 1])
    foobar_6 = np.hstack([0, foobar_6, 0])
    assert len(foobar_6) == len(foobar_14) + 1
    foobar_3 = (foobar_6[0:foobar_8] - foobar_6[1:foobar_8 + 1]) / foobar_4
    return foobar_3
foobar_13 = odeint(fn1, foobar_16, foobar_9, args=(foobar_4,))
foobar_13 = np.zeros((foobar_11, foobar_8))
foobar_13[0] = foobar_16
foobar_15 = foobar_16.copy()
for foobar_7 in range(1, foobar_11):
    foobar_15 = foobar_15 + foobar_2 * fn1(foobar_15, foobar_9[foobar_7 - 1], foobar_4)
    foobar_13[foobar_7] = foobar_15",31,1283,burgers,advection,True,explicit,,,,,0,Burgers_4,NoComm_CorrVar,
Burgers_NoComm_CorrVar_InValid_4,"import numpy as np
from scipy.integrate import odeint
foobar_8 = 100
foobar_18 = 0
foobar_20 = 1
foobar_4 = (foobar_20 - foobar_18) / foobar_8
foobar_19 = np.linspace(foobar_18, foobar_20, foobar_8 + 1)
foobar_17 = foobar_19[0:foobar_8] + foobar_4 / 2
foobar_10 = 0
foobar_12 = 0.5
foobar_11 = 200
foobar_9 = np.linspace(foobar_10, foobar_12, foobar_11)
foobar_2 = foobar_9[1] - foobar_9[0]
foobar_16 = np.sin(2 * np.pi * foobar_17)

def fn1(foobar_14, foobar_9, foobar_4):
    foobar_8 = foobar_14.shape[0]
    foobar_5 = foobar_14 ** 2 / 2
    foobar_6 = 0.5 * (foobar_5[0:foobar_8 - 1] + foobar_5[1:foobar_8])
    foobar_6 = np.hstack([0, foobar_6, 0])
    assert len(foobar_6) == len(foobar_14) + 1
    foobar_3 = (foobar_6[0:foobar_8] - foobar_6[1:foobar_8 + 1]) / foobar_4
    return foobar_3
foobar_13 = odeint(fn1, foobar_16, foobar_9, args=(foobar_4,))
foobar_13 = np.zeros((foobar_11, foobar_8))
foobar_13[0] = foobar_16
foobar_15 = foobar_16.copy()
for foobar_7 in range(1, foobar_11):
    foobar_15 = foobar_15 + foobar_2 * fn1(foobar_15, foobar_9[foobar_7 - 1], foobar_4)
    foobar_13[foobar_7] = foobar_15",30,1120,burgers,advection,False,explicit,,,,,0,Burgers_4,NoComm_CorrVar_InValid,"Physically wrong solution, has jaggedness and discontinuities"
Burgers_NoComm_InValid_4,"import numpy as np
from scipy.integrate import odeint

n = 100

x0 = 0
xn = 1
dx = (xn - x0)/n
x_interface = np.linspace(x0, xn, n+1)
x = x_interface[0:n] + dx/2

t0 = 0
tn = 0.5
t_steps = 200
t = np.linspace(t0, tn, t_steps)
dt = t[1] - t[0]

u_init = np.sin(2*np.pi*x)


def dudt_central(u_bar, t, dx):
    n = u_bar.shape[0]

    f_bar = u_bar**2 / 2
    f_interface = 0.5*(f_bar[0:n-1] + f_bar[1:n]) 
    
    f_interface = np.hstack([0, f_interface, 0])
    
    assert len(f_interface) == len(u_bar) + 1 
    
    du_dt = (f_interface[0:n] - f_interface[1:n+1])/dx
    return du_dt

u = odeint(dudt_central, u_init, t, args=(dx,))


u = np.zeros((t_steps,n))
u[0] = u_init 
u_curr = u_init.copy()
for k in range (1, t_steps):
     u_curr = u_curr + dt * dudt_central(u_curr, t[k-1], dx)
     u[k] = u_curr",42,811,burgers,advection,False,explicit,,,,,0,Burgers_4,NoComm_InValid,"Physically wrong solution, has jaggedness and discontinuities"
Burgers_NoComm_Valid_4,"import numpy as np
from scipy.integrate import odeint

n = 100

x0 = 0
xn = 1
dx = (xn - x0)/n
x_interface = np.linspace(x0, xn, n+1)
x = x_interface[0:n] + dx/2

t0 = 0
tn = 0.5
t_steps = 200
t = np.linspace(t0, tn, t_steps)
dt = t[1] - t[0]

u_init = np.sin(2*np.pi*x)


def dudt_central(u_bar, t, dx):
    n = u_bar.shape[0]

    f_bar = u_bar**2 / 2
    alpha = np.maximum(np.abs(u_bar[0:n-1]), np.abs(u_bar[1:n])) 
    
    f_interface = 0.5*(f_bar[0:n-1] + f_bar[1:n]) - 0.5*alpha*(u_bar[1:n] - u_bar[0:n-1])
    
    f_interface = np.hstack([0, f_interface, 0])
    
    assert len(f_interface) == len(u_bar) + 1 
    
    du_dt = (f_interface[0:n] - f_interface[1:n+1])/dx
    return du_dt

u = odeint(dudt_central, u_init, t, args=(dx,))


u = np.zeros((t_steps,n))
u[0] = u_init 
u_curr = u_init.copy()
for k in range (1, t_steps):
     u_curr = u_curr + dt * dudt_central(u_curr, t[k-1], dx)
     u[k] = u_curr",44,921,burgers,advection,True,explicit,,,,,0,Burgers_4,NoComm_Valid,
Heat_Comm_InValid_1,"import numpy as np
from scipy.integrate import odeint
from scipy.linalg import toeplitz

k = 1

# Spatial domain

n = 100
L = 1
dx = L / n
x = np.linspace(0, L, n)

# Boundary conditions

T0 = 0
Tn = 0.1
t_steps = 1000
t = np.linspace(T0, Tn, t_steps)

U0 = 1
Un = -1

Uinit = np.zeros(shape=(n,))

# Constructing the toeplitz matrix that forms the basis of our integrator

A = toeplitz([-2.0, 1.0] + [0.0]*(n-2))

b = np.zeros(shape=(n))
b[0] = U0
b[n-1] = Un

# Performing the finite difference method usinng the Neumann Boundary Conditions

def fn(u, t, A, b, k, dx):
    return ((k/dx**2)*np.matmul(-A, u) + (k/dx**3)*b)

# Solves using the scipy method odeint, which is a wrapper for the method LSODA from ODEPACK Fortran Library

u = odeint(fn, Uinit, t, args=(A, b, k, dx))",41,780,heat,diffusion,False,explicit,,,,,5,Heat_1,Comm_InValid,Extreme Spikes in temperature between very short intervals that perist over time from u[0] - u[100]
Heat_Comm_Valid_1,"import numpy as np
from scipy.integrate import odeint
from scipy.linalg import toeplitz

k = 1

# Spatial domain
n = 100
L = 1
dx = L / n
x = np.linspace(0, L, n)

# Boundary conditions
T0 = 0
Tn = 0.1
t_steps = 1001
t = np.linspace(T0, Tn, t_steps)

U0 = 1
Un = -1

Uinit = np.zeros(shape=(n,))

# Constructing the toeplitz matrix that forms the basis of our integrator
A = toeplitz([-2.0, 1.0] + [0.0]*(n-2))

b = np.zeros(shape=(n))
b[0] = U0
b[n-1] = Un

# Performing the finite difference method usinng the Neumann Boundary Conditions
def fn(u, t, A, b, k, dx):
    return ((k/dx**2)*np.matmul(A, u) + (k/dx**2)*b)

# Solves using the scipy method odeint, which is a wrapper for the method LSODA from ODEPACK Fortran Library
u = odeint(fn, Uinit, t, args=(A, b, k, dx))",36,774,heat,diffusion,True,explicit,,,,,5,Heat_1,Comm_Valid,
Heat_CorrComm_Valid_1,"import numpy as np
from scipy.integrate import odeint
from scipy.linalg import toeplitz

k = 1

# U is velocity in physical space, U_hat is velocity in fourier space
n = 100
L = 1
dx = L / n
x = np.linspace(0, L, n)

# RK4 coefficients for explicit time integration
T0 = 0
Tn = 0.1
t_steps = 1001
t = np.linspace(T0, Tn, t_steps)

U0 = 1
Un = -1

Uinit = np.zeros(shape=(n,))

# local spatial grid
A = toeplitz([-2.0, 1.0] + [0.0]*(n-2))

b = np.zeros(shape=(n))
b[0] = U0
b[n-1] = Un

# fourier wavenumbers
def fn(u, t, A, b, k, dx):
    return ((k/dx**2)*np.matmul(A, u) + (k/dx**2)*b)

# nonlinear term, computing in physical space then transforming back to fourier space
u = odeint(fn, Uinit, t, args=(A, b, k, dx))",36,719,heat,diffusion,True,explicit,NavierStokes_Comm_Valid_3,navier-stokes,"[{'donor_text': '# U is velocity in physical space, U_hat is velocity in fourier space', 'gt_position': 7, 'source_line_in_donor': 13, 'line_inserted': 7}, {'donor_text': '# RK4 coefficients for explicit time integration', 'gt_position': 13, 'source_line_in_donor': 20, 'line_inserted': 13}, {'donor_text': '# local spatial grid', 'gt_position': 24, 'source_line_in_donor': 28, 'line_inserted': 24}, {'donor_text': '# fourier wavenumbers', 'gt_position': 31, 'source_line_in_donor': 34, 'line_inserted': 31}, {'donor_text': '# nonlinear term, computing in physical space then transforming back to fourier space', 'gt_position': 35, 'source_line_in_donor': 49, 'line_inserted': 35}]",4.0,5,Heat_1,CorrComm,
Heat_CorrComm_InValid_1,"import numpy as np
from scipy.integrate import odeint
from scipy.linalg import toeplitz

k = 1

# U is velocity in physical space, U_hat is velocity in fourier space

n = 100
L = 1
dx = L / n
x = np.linspace(0, L, n)

# RK4 coefficients for explicit time integration

T0 = 0
Tn = 0.1
t_steps = 1000
t = np.linspace(T0, Tn, t_steps)

U0 = 1
Un = -1

Uinit = np.zeros(shape=(n,))

# local spatial grid

A = toeplitz([-2.0, 1.0] + [0.0]*(n-2))

b = np.zeros(shape=(n))
b[0] = U0
b[n-1] = Un

# fourier wavenumbers

def fn(u, t, A, b, k, dx):
    return ((k/dx**2)*np.matmul(-A, u) + (k/dx**3)*b)

# nonlinear term, computing in physical space then transforming back to fourier space

u = odeint(fn, Uinit, t, args=(A, b, k, dx))",41,725,heat,diffusion,False,explicit,NavierStokes_Comm_Valid_3,navier-stokes,"[{'donor_text': '# U is velocity in physical space, U_hat is velocity in fourier space', 'gt_position': 7, 'source_line_in_donor': 13, 'line_inserted': 7}, {'donor_text': '# RK4 coefficients for explicit time integration', 'gt_position': 14, 'source_line_in_donor': 20, 'line_inserted': 14}, {'donor_text': '# local spatial grid', 'gt_position': 26, 'source_line_in_donor': 28, 'line_inserted': 26}, {'donor_text': '# fourier wavenumbers', 'gt_position': 34, 'source_line_in_donor': 34, 'line_inserted': 34}, {'donor_text': '# nonlinear term, computing in physical space then transforming back to fourier space', 'gt_position': 39, 'source_line_in_donor': 49, 'line_inserted': 39}]",4.0,5,Heat_1,CorrComm_Invalid,
Heat_NoComm_CorrVar_1,"import numpy as np
from scipy.integrate import odeint
from scipy.linalg import toeplitz
foobar_10 = 1
foobar_11 = 100
foobar_2 = 1
foobar_9 = foobar_2 / foobar_11
foobar_15 = np.linspace(0, foobar_2, foobar_11)
foobar_3 = 0
foobar_4 = 0.1
foobar_13 = 1001
foobar_12 = np.linspace(foobar_3, foobar_4, foobar_13)
foobar_5 = 1
foobar_7 = -1
foobar_6 = np.zeros(shape=(foobar_11,))
foobar_1 = toeplitz([-2.0, 1.0] + [0.0] * (foobar_11 - 2))
foobar_8 = np.zeros(shape=foobar_11)
foobar_8[0] = foobar_5
foobar_8[foobar_11 - 1] = foobar_7

def fn1(foobar_14, foobar_12, foobar_1, foobar_8, foobar_10, foobar_9):
    return foobar_10 / foobar_9 ** 2 * np.matmul(foobar_1, foobar_14) + foobar_10 / foobar_9 ** 2 * foobar_8
foobar_14 = odeint(fn1, foobar_6, foobar_12, args=(foobar_1, foobar_8, foobar_10, foobar_9))",23,806,heat,diffusion,True,explicit,,,,,0,Heat_1,NoComm_CorrVar,
Heat_NoComm_CorrVar_InValid_1,"import numpy as np
from scipy.integrate import odeint
from scipy.linalg import toeplitz
foobar_10 = 1
foobar_11 = 100
foobar_2 = 1
foobar_9 = foobar_2 / foobar_11
foobar_15 = np.linspace(0, foobar_2, foobar_11)
foobar_3 = 0
foobar_4 = 0.1
foobar_13 = 1000
foobar_12 = np.linspace(foobar_3, foobar_4, foobar_13)
foobar_5 = 1
foobar_7 = -1
foobar_6 = np.zeros(shape=(foobar_11,))
foobar_1 = toeplitz([-2.0, 1.0] + [0.0] * (foobar_11 - 2))
foobar_8 = np.zeros(shape=foobar_11)
foobar_8[0] = foobar_5
foobar_8[foobar_11 - 1] = foobar_7

def fn1(foobar_14, foobar_12, foobar_1, foobar_8, foobar_10, foobar_9):
    return foobar_10 / foobar_9 ** 2 * np.matmul(-foobar_1, foobar_14) + foobar_10 / foobar_9 ** 3 * foobar_8
foobar_14 = odeint(fn1, foobar_6, foobar_12, args=(foobar_1, foobar_8, foobar_10, foobar_9))",23,807,heat,diffusion,False,explicit,,,,,0,Heat_1,NoComm_CorrVar_InValid,Extreme Spikes in temperature between very short intervals that perist over time from u[0] - u[100]
Heat_NoComm_InValid_1,"import numpy as np
from scipy.integrate import odeint
from scipy.linalg import toeplitz

k = 1


n = 100
L = 1
dx = L / n
x = np.linspace(0, L, n)


T0 = 0
Tn = 0.1
t_steps = 1000
t = np.linspace(T0, Tn, t_steps)

U0 = 1
Un = -1

Uinit = np.zeros(shape=(n,))


A = toeplitz([-2.0, 1.0] + [0.0]*(n-2))

b = np.zeros(shape=(n))
b[0] = U0
b[n-1] = Un


def fn(u, t, A, b, k, dx):
    return ((k/dx**2)*np.matmul(-A, u) + (k/dx**3)*b)


u = odeint(fn, Uinit, t, args=(A, b, k, dx))",36,477,heat,diffusion,False,explicit,,,,,0,Heat_1,NoComm_InValid,Extreme Spikes in temperature between very short intervals that perist over time from u[0] - u[100]
Heat_NoComm_Valid_1,"import numpy as np
from scipy.integrate import odeint
from scipy.linalg import toeplitz

k = 1

n = 100
L = 1
dx = L / n
x = np.linspace(0, L, n)

T0 = 0
Tn = 0.1
t_steps = 1001
t = np.linspace(T0, Tn, t_steps)

U0 = 1
Un = -1

Uinit = np.zeros(shape=(n,))

A = toeplitz([-2.0, 1.0] + [0.0]*(n-2))

b = np.zeros(shape=(n))
b[0] = U0
b[n-1] = Un

def fn(u, t, A, b, k, dx):
    return ((k/dx**2)*np.matmul(A, u) + (k/dx**2)*b)

u = odeint(fn, Uinit, t, args=(A, b, k, dx))",31,471,heat,diffusion,True,explicit,,,,,0,Heat_1,NoComm_Valid,
Heat_Comm_InValid_2,"import numpy as np
from scipy.integrate import odeint
from scipy.linalg import toeplitz

alpha = 0.0012
beta = -0.0015
Uc = 300

# Spacial domain

x0 = 0.0
xn = 1.0
n = 1000
dx = (xn - x0)/n
x = np.linspace(x0, xn, n)

# Time steps

t0 = 0.0
tn = 300.0
t_steps = 300
dt = (tn - t0)/t_steps
t = np.linspace(t0, tn, t_steps)

# Boundary conditions

B0 = 325
B1 = 10

# Initial condition, T(x,0)=325 for all x in [0,1]

Uinit = np.ones(shape=(n,)) * 325

# Discretization matrix A

A = toeplitz([(-2*alpha / dx**2 + beta), (alpha / dx**2)] + [0.0]*(n-2))
A[n-1,n-1] = -alpha / dx**2 + beta

b = np.ones(shape=(n)) * -beta * Uc

b[0] = -beta * Uc + alpha / dx**2 * B0
b[n-1] = -beta * Uc + B1/dx

def fn(u, t, A, b):
    return (np.matmul(A, -u) - b)

u = odeint(fn, Uinit, t, args=(A, b))",47,785,heat,diffusion,False,explicit/implicit,,,,,5,Heat_2,Comm_InValid,Has spiking negative temperatures at u[1]
Heat_Comm_Valid_2,"import numpy as np
from scipy.integrate import odeint
from scipy.linalg import toeplitz

alpha = 0.0012
beta = -0.0015
Uc = 300

# Spacial domain
x0 = 0.0
xn = 1.0
n = 100
dx = (xn - x0)/n
x = np.linspace(x0, xn, n)

# Time steps
t0 = 0.0
tn = 300.0
t_steps = 300
dt = (tn - t0)/t_steps
t = np.linspace(t0, tn, t_steps)

# Boundary conditions
B0 = 325
B1 = 10

# Initial condition, T(x,0)=325 for all x in [0,1]
Uinit = np.ones(shape=(n,)) * 325

# Discretization matrix A
A = toeplitz([(-2*alpha / dx**2 + beta), (alpha / dx**2)] + [0.0]*(n-2))
A[n-1,n-1] = -alpha / dx**2 + beta

b = np.ones(shape=(n)) * -beta * Uc

b[0] = -beta * Uc + alpha / dx**2 * B0
b[n-1] = -beta * Uc + B1/dx

def fn(u, t, A, b):
    return (np.matmul(A, u) + b)

u = odeint(fn, Uinit, t, args=(A, b))",42,778,heat,diffusion,True,explicit/implicit,,,,,5,Heat_2,Comm_Valid,
Heat_CorrComm_Valid_2,"import numpy as np
from scipy.integrate import odeint
from scipy.linalg import toeplitz

alpha = 0.0012
beta = -0.0015
Uc = 300

#Def of the initial conditions, velocity, and acceleration
x0 = 0.0
xn = 1.0
n = 100
dx = (xn - x0)/n
x = np.linspace(x0, xn, n)

# Spatial and temporal meshes
t0 = 0.0
tn = 300.0
t_steps = 300
dt = (tn - t0)/t_steps
t = np.linspace(t0, tn, t_steps)

# Velocity array for calculation (finite elements), and a few time and spatial derivatives
B0 = 325
B1 = 10

# Loop running the process of integrating the system over the space and time mesh
Uinit = np.ones(shape=(n,)) * 325

# Process loop (on time mesh)
A = toeplitz([(-2*alpha / dx**2 + beta), (alpha / dx**2)] + [0.0]*(n-2))
A[n-1,n-1] = -alpha / dx**2 + beta

b = np.ones(shape=(n)) * -beta * Uc

b[0] = -beta * Uc + alpha / dx**2 * B0
b[n-1] = -beta * Uc + B1/dx

def fn(u, t, A, b):
    return (np.matmul(A, u) + b)

u = odeint(fn, Uinit, t, args=(A, b))",42,941,heat,diffusion,True,explicit/implicit,Wave_Comm_Valid_1,wave,"[{'donor_text': '#Def of the initial conditions, velocity, and acceleration', 'gt_position': 9, 'source_line_in_donor': 2, 'line_inserted': 9}, {'donor_text': '# Spatial and temporal meshes', 'gt_position': 16, 'source_line_in_donor': 14, 'line_inserted': 16}, {'donor_text': '# Velocity array for calculation (finite elements), and a few time and spatial derivatives', 'gt_position': 23, 'source_line_in_donor': 27, 'line_inserted': 23}, {'donor_text': '# Loop running the process of integrating the system over the space and time mesh', 'gt_position': 27, 'source_line_in_donor': 34, 'line_inserted': 27}, {'donor_text': '# Process loop (on time mesh)', 'gt_position': 30, 'source_line_in_donor': 72, 'line_inserted': 30}]",0.0,5,Heat_2,CorrComm,
Heat_CorrComm_InValid_2,"import numpy as np
from scipy.integrate import odeint
from scipy.linalg import toeplitz

alpha = 0.0012
beta = -0.0015
Uc = 300

#Def of the initial conditions, velocity, and acceleration

x0 = 0.0
xn = 1.0
n = 1000
dx = (xn - x0)/n
x = np.linspace(x0, xn, n)

# Spatial and temporal meshes

t0 = 0.0
tn = 300.0
t_steps = 300
dt = (tn - t0)/t_steps
t = np.linspace(t0, tn, t_steps)

# Velocity array for calculation (finite elements), and a few time and spatial derivatives

B0 = 325
B1 = 10

# Loop running the process of integrating the system over the space and time mesh

Uinit = np.ones(shape=(n,)) * 325

# Process loop (on time mesh)

A = toeplitz([(-2*alpha / dx**2 + beta), (alpha / dx**2)] + [0.0]*(n-2))
A[n-1,n-1] = -alpha / dx**2 + beta

b = np.ones(shape=(n)) * -beta * Uc

b[0] = -beta * Uc + alpha / dx**2 * B0
b[n-1] = -beta * Uc + B1/dx

def fn(u, t, A, b):
    return (np.matmul(A, -u) - b)

u = odeint(fn, Uinit, t, args=(A, b))",47,948,heat,diffusion,False,explicit/implicit,Wave_Comm_Valid_1,wave,"[{'donor_text': '#Def of the initial conditions, velocity, and acceleration', 'gt_position': 9, 'source_line_in_donor': 2, 'line_inserted': 9}, {'donor_text': '# Spatial and temporal meshes', 'gt_position': 17, 'source_line_in_donor': 14, 'line_inserted': 17}, {'donor_text': '# Velocity array for calculation (finite elements), and a few time and spatial derivatives', 'gt_position': 25, 'source_line_in_donor': 27, 'line_inserted': 25}, {'donor_text': '# Loop running the process of integrating the system over the space and time mesh', 'gt_position': 30, 'source_line_in_donor': 34, 'line_inserted': 30}, {'donor_text': '# Process loop (on time mesh)', 'gt_position': 34, 'source_line_in_donor': 72, 'line_inserted': 34}]",0.0,5,Heat_2,CorrComm_Invalid,
Heat_NoComm_CorrVar_2,"import numpy as np
from scipy.integrate import odeint
from scipy.linalg import toeplitz
foobar_6 = 0.0012
foobar_8 = -0.0015
foobar_4 = 300
foobar_18 = 0.0
foobar_19 = 1.0
foobar_11 = 100
foobar_10 = (foobar_19 - foobar_18) / foobar_11
foobar_17 = np.linspace(foobar_18, foobar_19, foobar_11)
foobar_13 = 0.0
foobar_15 = 300.0
foobar_14 = 300
foobar_9 = (foobar_15 - foobar_13) / foobar_14
foobar_12 = np.linspace(foobar_13, foobar_15, foobar_14)
foobar_2 = 325
foobar_3 = 10
foobar_5 = np.ones(shape=(foobar_11,)) * 325
foobar_1 = toeplitz([-2 * foobar_6 / foobar_10 ** 2 + foobar_8, foobar_6 / foobar_10 ** 2] + [0.0] * (foobar_11 - 2))
foobar_1[foobar_11 - 1, foobar_11 - 1] = -foobar_6 / foobar_10 ** 2 + foobar_8
foobar_7 = np.ones(shape=foobar_11) * -foobar_8 * foobar_4
foobar_7[0] = -foobar_8 * foobar_4 + foobar_6 / foobar_10 ** 2 * foobar_2
foobar_7[foobar_11 - 1] = -foobar_8 * foobar_4 + foobar_3 / foobar_10

def fn1(foobar_16, foobar_12, foobar_1, foobar_7):
    return np.matmul(foobar_1, foobar_16) + foobar_7
foobar_16 = odeint(fn1, foobar_5, foobar_12, args=(foobar_1, foobar_7))",28,1097,heat,diffusion,True,explicit/implicit,,,,,0,Heat_2,NoComm_CorrVar,
Heat_NoComm_CorrVar_InValid_2,"import numpy as np
from scipy.integrate import odeint
from scipy.linalg import toeplitz
foobar_6 = 0.0012
foobar_8 = -0.0015
foobar_4 = 300
foobar_18 = 0.0
foobar_19 = 1.0
foobar_11 = 1000
foobar_10 = (foobar_19 - foobar_18) / foobar_11
foobar_17 = np.linspace(foobar_18, foobar_19, foobar_11)
foobar_13 = 0.0
foobar_15 = 300.0
foobar_14 = 300
foobar_9 = (foobar_15 - foobar_13) / foobar_14
foobar_12 = np.linspace(foobar_13, foobar_15, foobar_14)
foobar_2 = 325
foobar_3 = 10
foobar_5 = np.ones(shape=(foobar_11,)) * 325
foobar_1 = toeplitz([-2 * foobar_6 / foobar_10 ** 2 + foobar_8, foobar_6 / foobar_10 ** 2] + [0.0] * (foobar_11 - 2))
foobar_1[foobar_11 - 1, foobar_11 - 1] = -foobar_6 / foobar_10 ** 2 + foobar_8
foobar_7 = np.ones(shape=foobar_11) * -foobar_8 * foobar_4
foobar_7[0] = -foobar_8 * foobar_4 + foobar_6 / foobar_10 ** 2 * foobar_2
foobar_7[foobar_11 - 1] = -foobar_8 * foobar_4 + foobar_3 / foobar_10

def fn1(foobar_16, foobar_12, foobar_1, foobar_7):
    return np.matmul(foobar_1, -foobar_16) - foobar_7
foobar_16 = odeint(fn1, foobar_5, foobar_12, args=(foobar_1, foobar_7))",28,1099,heat,diffusion,False,explicit/implicit,,,,,0,Heat_2,NoComm_CorrVar_InValid,Has spiking negative temperatures at u[1]
Heat_NoComm_InValid_2,"import numpy as np
from scipy.integrate import odeint
from scipy.linalg import toeplitz

alpha = 0.0012
beta = -0.0015
Uc = 300


x0 = 0.0
xn = 1.0
n = 1000
dx = (xn - x0)/n
x = np.linspace(x0, xn, n)


t0 = 0.0
tn = 300.0
t_steps = 300
dt = (tn - t0)/t_steps
t = np.linspace(t0, tn, t_steps)


B0 = 325
B1 = 10


Uinit = np.ones(shape=(n,)) * 325


A = toeplitz([(-2*alpha / dx**2 + beta), (alpha / dx**2)] + [0.0]*(n-2))
A[n-1,n-1] = -alpha / dx**2 + beta

b = np.ones(shape=(n)) * -beta * Uc

b[0] = -beta * Uc + alpha / dx**2 * B0
b[n-1] = -beta * Uc + B1/dx

def fn(u, t, A, b):
    return (np.matmul(A, -u) - b)

u = odeint(fn, Uinit, t, args=(A, b))",42,656,heat,diffusion,False,explicit/implicit,,,,,0,Heat_2,NoComm_InValid,Has spiking negative temperatures at u[1]
Heat_NoComm_Valid_2,"import numpy as np
from scipy.integrate import odeint
from scipy.linalg import toeplitz

alpha = 0.0012
beta = -0.0015
Uc = 300

x0 = 0.0
xn = 1.0
n = 100
dx = (xn - x0)/n
x = np.linspace(x0, xn, n)

t0 = 0.0
tn = 300.0
t_steps = 300
dt = (tn - t0)/t_steps
t = np.linspace(t0, tn, t_steps)

B0 = 325
B1 = 10

Uinit = np.ones(shape=(n,)) * 325

A = toeplitz([(-2*alpha / dx**2 + beta), (alpha / dx**2)] + [0.0]*(n-2))
A[n-1,n-1] = -alpha / dx**2 + beta

b = np.ones(shape=(n)) * -beta * Uc

b[0] = -beta * Uc + alpha / dx**2 * B0
b[n-1] = -beta * Uc + B1/dx

def fn(u, t, A, b):
    return (np.matmul(A, u) + b)

u = odeint(fn, Uinit, t, args=(A, b))",37,649,heat,diffusion,True,explicit/implicit,,,,,0,Heat_2,NoComm_Valid,
Heat_Comm_InValid_3,"import numpy as np
from scipy.integrate import odeint
from scipy.linalg import toeplitz

# Constant kappa

k = 1.0

# Spacial domain

n = 100
L = 1
dx = L / n
x = np.linspace(0, L, n)

# Time steps

T0 = 0.0
Tn = 0.1
t_steps = 100
t = np.linspace(T0, Tn, t_steps)

# Boundary conditions

B0 = 1.0
Bn = -1.0

# Initial condition, u(x,0)=0

Uinit = np.zeros(shape=(n,))

# Discretization matrix A

A = toeplitz([-2.0, -1.0] + [0.0]*(n-2))

# Vector with boundary conditions b

b = np.zeros(shape=(n))
b[0] = B0
b[n-1] = Bn

def fn(u, t, A, b, k, dx):
    return ((k/dx**2)*np.matmul(A, u) + (k/dx**2)*b)

u = odeint(fn, Uinit, t, args=(A, b, k, dx))",45,647,heat,diffusion,False,explicit/implicit,,,,,7,Heat_3,Comm_InValid,"Extreme Spikes in temperature between very short intervals that worsen/amplify over time, has negative temperatures"
Heat_Comm_Valid_3,"import numpy as np
from scipy.integrate import odeint
from scipy.linalg import toeplitz

# Constant kappa
k = 1

# Spacial domain
n = 100
L = 1
dx = L / n
x = np.linspace(0, L, n)

# Time steps
T0 = 0
Tn = 0.1
t_steps = 100
t = np.linspace(T0, Tn, t_steps)

# Boundary conditions
U0 = 1
Un = -1

# Initial condition, u(x,0)=0
Uinit = np.zeros(shape=(n,))

# Discretization matrix A
A = toeplitz([-2.0, 1.0] + [0.0]*(n-2))

# Vector with boundary conditions b
b = np.zeros(shape=(n))
b[0] = U0
b[n-1] = Un

def fn(u, t, A, b, k, dx):
    return ((k/dx**2)*np.matmul(A, u) + (k/dx**2)*b)

u = odeint(fn, Uinit, t, args=(A, b, k, dx))",38,631,heat,diffusion,True,explicit/implicit,,,,,7,Heat_3,Comm_Valid,
Heat_CorrComm_Valid_3,"import numpy as np
from scipy.integrate import odeint
from scipy.linalg import toeplitz

# u_bar denotes average state in the cells, in formulas above denoted as \bar{u}_i.
k = 1

# f_bar denotes f(u_bar) in cell centers, using Burgers' equation f(u) = u^2/2
n = 100
L = 1
dx = L / n
x = np.linspace(0, L, n)

# Flux f(u_i), computed for average state u_i in cell i.
T0 = 0
Tn = 0.1
t_steps = 100
t = np.linspace(T0, Tn, t_steps)

# Lax-Friedrichs dissipation
U0 = 1
Un = -1

# Add flux at boundaries of the domain at interfaces f_{0-1/2} and f_{n+1/2}
Uinit = np.zeros(shape=(n,))

# Compute the time derivative as the difference of flux directed into the cell.
A = toeplitz([-2.0, 1.0] + [0.0]*(n-2))

# u_bar denotes average state in the cells, in formulas above denoted as \bar{u}_i.
b = np.zeros(shape=(n))
b[0] = U0
b[n-1] = Un

def fn(u, t, A, b, k, dx):
    return ((k/dx**2)*np.matmul(A, u) + (k/dx**2)*b)

u = odeint(fn, Uinit, t, args=(A, b, k, dx))",38,960,heat,diffusion,True,explicit/implicit,Burgers_Comm_Valid_4,burgers,"[{'donor_text': '# u_bar denotes average state in the cells, in formulas above denoted as \\bar{u}_i.', 'gt_position': 5, 'source_line_in_donor': 22, 'line_inserted': 5}, {'donor_text': ""# f_bar denotes f(u_bar) in cell centers, using Burgers' equation f(u) = u^2/2"", 'gt_position': 8, 'source_line_in_donor': 23, 'line_inserted': 8}, {'donor_text': '# Flux f(u_i), computed for average state u_i in cell i.', 'gt_position': 14, 'source_line_in_donor': 26, 'line_inserted': 14}, {'donor_text': '# Lax-Friedrichs dissipation', 'gt_position': 20, 'source_line_in_donor': 28, 'line_inserted': 20}, {'donor_text': '# Add flux at boundaries of the domain at interfaces f_{0-1/2} and f_{n+1/2}', 'gt_position': 24, 'source_line_in_donor': 33, 'line_inserted': 24}, {'donor_text': '# Compute the time derivative as the difference of flux directed into the cell.', 'gt_position': 27, 'source_line_in_donor': 38, 'line_inserted': 27}, {'donor_text': '# u_bar denotes average state in the cells, in formulas above denoted as \\bar{u}_i.', 'gt_position': 30, 'source_line_in_donor': 22, 'line_inserted': 30}]",-1.0,7,Heat_3,CorrComm,
Heat_CorrComm_InValid_3,"import numpy as np
from scipy.integrate import odeint
from scipy.linalg import toeplitz

# u_bar denotes average state in the cells, in formulas above denoted as \bar{u}_i.

k = 1.0

# f_bar denotes f(u_bar) in cell centers, using Burgers' equation f(u) = u^2/2

n = 100
L = 1
dx = L / n
x = np.linspace(0, L, n)

# Flux f(u_i), computed for average state u_i in cell i.

T0 = 0.0
Tn = 0.1
t_steps = 100
t = np.linspace(T0, Tn, t_steps)

# Lax-Friedrichs dissipation

B0 = 1.0
Bn = -1.0

# Add flux at boundaries of the domain at interfaces f_{0-1/2} and f_{n+1/2}

Uinit = np.zeros(shape=(n,))

# Compute the time derivative as the difference of flux directed into the cell.

A = toeplitz([-2.0, -1.0] + [0.0]*(n-2))

# u_bar denotes average state in the cells, in formulas above denoted as \bar{u}_i.

b = np.zeros(shape=(n))
b[0] = B0
b[n-1] = Bn

def fn(u, t, A, b, k, dx):
    return ((k/dx**2)*np.matmul(A, u) + (k/dx**2)*b)

u = odeint(fn, Uinit, t, args=(A, b, k, dx))",45,976,heat,diffusion,False,explicit/implicit,Burgers_Comm_Valid_4,burgers,"[{'donor_text': '# u_bar denotes average state in the cells, in formulas above denoted as \\bar{u}_i.', 'gt_position': 5, 'source_line_in_donor': 22, 'line_inserted': 5}, {'donor_text': ""# f_bar denotes f(u_bar) in cell centers, using Burgers' equation f(u) = u^2/2"", 'gt_position': 9, 'source_line_in_donor': 23, 'line_inserted': 9}, {'donor_text': '# Flux f(u_i), computed for average state u_i in cell i.', 'gt_position': 16, 'source_line_in_donor': 26, 'line_inserted': 16}, {'donor_text': '# Lax-Friedrichs dissipation', 'gt_position': 23, 'source_line_in_donor': 28, 'line_inserted': 23}, {'donor_text': '# Add flux at boundaries of the domain at interfaces f_{0-1/2} and f_{n+1/2}', 'gt_position': 28, 'source_line_in_donor': 33, 'line_inserted': 28}, {'donor_text': '# Compute the time derivative as the difference of flux directed into the cell.', 'gt_position': 32, 'source_line_in_donor': 38, 'line_inserted': 32}, {'donor_text': '# u_bar denotes average state in the cells, in formulas above denoted as \\bar{u}_i.', 'gt_position': 36, 'source_line_in_donor': 22, 'line_inserted': 36}]",-1.0,7,Heat_3,CorrComm_Invalid,
Heat_NoComm_CorrVar_3,"import numpy as np
from scipy.integrate import odeint
from scipy.linalg import toeplitz
foobar_10 = 1
foobar_11 = 100
foobar_2 = 1
foobar_9 = foobar_2 / foobar_11
foobar_15 = np.linspace(0, foobar_2, foobar_11)
foobar_3 = 0
foobar_4 = 0.1
foobar_13 = 100
foobar_12 = np.linspace(foobar_3, foobar_4, foobar_13)
foobar_5 = 1
foobar_7 = -1
foobar_6 = np.zeros(shape=(foobar_11,))
foobar_1 = toeplitz([-2.0, 1.0] + [0.0] * (foobar_11 - 2))
foobar_8 = np.zeros(shape=foobar_11)
foobar_8[0] = foobar_5
foobar_8[foobar_11 - 1] = foobar_7

def fn1(foobar_14, foobar_12, foobar_1, foobar_8, foobar_10, foobar_9):
    return foobar_10 / foobar_9 ** 2 * np.matmul(foobar_1, foobar_14) + foobar_10 / foobar_9 ** 2 * foobar_8
foobar_14 = odeint(fn1, foobar_6, foobar_12, args=(foobar_1, foobar_8, foobar_10, foobar_9))",23,805,heat,diffusion,True,explicit/implicit,,,,,0,Heat_3,NoComm_CorrVar,
Heat_NoComm_CorrVar_InValid_3,"import numpy as np
from scipy.integrate import odeint
from scipy.linalg import toeplitz
foobar_10 = 1.0
foobar_11 = 100
foobar_2 = 1
foobar_9 = foobar_2 / foobar_11
foobar_15 = np.linspace(0, foobar_2, foobar_11)
foobar_3 = 0.0
foobar_4 = 0.1
foobar_13 = 100
foobar_12 = np.linspace(foobar_3, foobar_4, foobar_13)
foobar_16 = 1.0
foobar_17 = -1.0
foobar_6 = np.zeros(shape=(foobar_11,))
foobar_1 = toeplitz([-2.0, -1.0] + [0.0] * (foobar_11 - 2))
foobar_8 = np.zeros(shape=foobar_11)
foobar_8[0] = foobar_16
foobar_8[foobar_11 - 1] = foobar_17

def fn1(foobar_14, foobar_12, foobar_1, foobar_8, foobar_10, foobar_9):
    return foobar_10 / foobar_9 ** 2 * np.matmul(foobar_1, foobar_14) + foobar_10 / foobar_9 ** 2 * foobar_8
foobar_14 = odeint(fn1, foobar_6, foobar_12, args=(foobar_1, foobar_8, foobar_10, foobar_9))",23,818,heat,diffusion,False,explicit/implicit,,,,,0,Heat_3,NoComm_CorrVar_InValid,"Extreme Spikes in temperature between very short intervals that worsen/amplify over time, has negative temperatures"
Heat_NoComm_InValid_3,"import numpy as np
from scipy.integrate import odeint
from scipy.linalg import toeplitz


k = 1.0


n = 100
L = 1
dx = L / n
x = np.linspace(0, L, n)


T0 = 0.0
Tn = 0.1
t_steps = 100
t = np.linspace(T0, Tn, t_steps)


B0 = 1.0
Bn = -1.0


Uinit = np.zeros(shape=(n,))


A = toeplitz([-2.0, -1.0] + [0.0]*(n-2))


b = np.zeros(shape=(n))
b[0] = B0
b[n-1] = Bn

def fn(u, t, A, b, k, dx):
    return ((k/dx**2)*np.matmul(A, u) + (k/dx**2)*b)

u = odeint(fn, Uinit, t, args=(A, b, k, dx))",38,486,heat,diffusion,False,explicit/implicit,,,,,0,Heat_3,NoComm_InValid,"Extreme Spikes in temperature between very short intervals that worsen/amplify over time, has negative temperatures"
Heat_NoComm_Valid_3,"import numpy as np
from scipy.integrate import odeint
from scipy.linalg import toeplitz

k = 1

n = 100
L = 1
dx = L / n
x = np.linspace(0, L, n)

T0 = 0
Tn = 0.1
t_steps = 100
t = np.linspace(T0, Tn, t_steps)

U0 = 1
Un = -1

Uinit = np.zeros(shape=(n,))

A = toeplitz([-2.0, 1.0] + [0.0]*(n-2))

b = np.zeros(shape=(n))
b[0] = U0
b[n-1] = Un

def fn(u, t, A, b, k, dx):
    return ((k/dx**2)*np.matmul(A, u) + (k/dx**2)*b)

u = odeint(fn, Uinit, t, args=(A, b, k, dx))",31,470,heat,diffusion,True,explicit/implicit,,,,,0,Heat_3,NoComm_Valid,
Heat_Comm_InValid_4,"import numpy as np

k = 0.001

n = 50
L = 1
dx = L/n
x = np.linspace(0, L, n)

T0 = 0
Tn = 240
t_steps = (Tn - T0)*10
dt = (Tn - T0)/t_steps

# Boundary conditions

U0 = 100
U1 = 0

# Initial condition, u(x,0)=0

Uinit = 0

# Courant-Friedrichs-Levy number

CFL = k * dt / dx**2
print(f""CFL: {CFL:0.3f} < 0.5"")
assert CFL < 0.5

u = np.ones(shape=(t_steps, n)) * Uinit

# Differential matrix. (Note that the matrix includes the nodes at the walls. The derivative is zero at the walls)

D = np.zeros(shape=(n, n))
for i in range(1, n-1):
    D[i, i-1] = 1
    D[i, i] = -2
    D[i, i+1] = 1

# partial derivative vector du/dt

dudt = np.zeros(shape=(n))

for t in range(0, t_steps-1):
    u[t, 0] = U0
    u[t, n-1] = U1
    dudt = k * np.matmul(D, -u[t])/dx**2
    u[t+1] = u[t] + dudt * dt",48,790,heat,diffusion,False,explicit/implicit,,,,,5,Heat_4,Comm_InValid,Extreme Spikes in temperature between very short intervals that perist over time
Heat_Comm_Valid_4,"import numpy as np

k = 0.001

n = 50
L = 1
dx = L/n
x = np.linspace(0, L, n)

T0 = 0
Tn = 240
t_steps = (Tn - T0)*10
dt = (Tn - T0)/t_steps

# Boundary conditions
U0 = 100
U1 = 0

# Initial condition, u(x,0)=0
Uinit = 0

# Courant-Friedrichs-Levy number
CFL = k * dt / dx**2
print(f""CFL: {CFL:0.3f} < 0.5"")
assert CFL < 0.5

u = np.ones(shape=(t_steps, n)) * Uinit

# Differential matrix. (Note that the matrix includes the nodes at the walls. The derivative is zero at the walls)
D = np.zeros(shape=(n, n))
for i in range(1, n-1):
    D[i, i-1] = 1
    D[i, i] = -2
    D[i, i+1] = 1

# partial derivative vector du/dt
dudt = np.zeros(shape=(n))

for t in range(0, t_steps-1):
    u[t, 0] = U0
    u[t, n-1] = U1
    dudt = k * np.matmul(D, u[t])/dx**2
    u[t+1] = u[t] + dudt * dt",43,784,heat,diffusion,True,explicit/implicit,,,,,5,Heat_4,Comm_Valid,
Heat_CorrComm_Valid_4,"import numpy as np

k = 0.001

n = 50
L = 1
dx = L/n
x = np.linspace(0, L, n)

T0 = 0
Tn = 240
t_steps = (Tn - T0)*10
dt = (Tn - T0)/t_steps

# Burgers flux
U0 = 100
U1 = 0

# Minimum flux at u*
Uinit = 0

# u denotes state in cell centers (in the formulas sometimes written as \bar{u})
CFL = k * dt / dx**2
print(f""CFL: {CFL:0.3f} < 0.5"")
assert CFL < 0.5

u = np.ones(shape=(t_steps, n)) * Uinit

# f denotes f(u) in cell centers, using Burgers' equation f(u) = u^2/2
D = np.zeros(shape=(n, n))
for i in range(1, n-1):
    D[i, i-1] = 1
    D[i, i] = -2
    D[i, i+1] = 1

# Reconstruct u_i_plus_half_left
dudt = np.zeros(shape=(n))

for t in range(0, t_steps-1):
    u[t, 0] = U0
    u[t, n-1] = U1
    dudt = k * np.matmul(D, u[t])/dx**2
    u[t+1] = u[t] + dudt * dt",43,771,heat,diffusion,True,explicit/implicit,Burgers_Comm_Valid_2,burgers,"[{'donor_text': '# Burgers flux', 'gt_position': 15, 'source_line_in_donor': 29, 'line_inserted': 15}, {'donor_text': '# Minimum flux at u*', 'gt_position': 19, 'source_line_in_donor': 38, 'line_inserted': 19}, {'donor_text': '# u denotes state in cell centers (in the formulas sometimes written as \\bar{u})', 'gt_position': 22, 'source_line_in_donor': 45, 'line_inserted': 22}, {'donor_text': ""# f denotes f(u) in cell centers, using Burgers' equation f(u) = u^2/2"", 'gt_position': 29, 'source_line_in_donor': 46, 'line_inserted': 29}, {'donor_text': '# Reconstruct u_i_plus_half_left', 'gt_position': 36, 'source_line_in_donor': 59, 'line_inserted': 36}]",1.0,5,Heat_4,CorrComm,
Heat_CorrComm_InValid_4,"import numpy as np

k = 0.001

n = 50
L = 1
dx = L/n
x = np.linspace(0, L, n)

T0 = 0
Tn = 240
t_steps = (Tn - T0)*10
dt = (Tn - T0)/t_steps

# Burgers flux

U0 = 100
U1 = 0

# Minimum flux at u*

Uinit = 0

# u denotes state in cell centers (in the formulas sometimes written as \bar{u})

CFL = k * dt / dx**2
print(f""CFL: {CFL:0.3f} < 0.5"")
assert CFL < 0.5

u = np.ones(shape=(t_steps, n)) * Uinit

# f denotes f(u) in cell centers, using Burgers' equation f(u) = u^2/2

D = np.zeros(shape=(n, n))
for i in range(1, n-1):
    D[i, i-1] = 1
    D[i, i] = -2
    D[i, i+1] = 1

# Reconstruct u_i_plus_half_left

dudt = np.zeros(shape=(n))

for t in range(0, t_steps-1):
    u[t, 0] = U0
    u[t, n-1] = U1
    dudt = k * np.matmul(D, -u[t])/dx**2
    u[t+1] = u[t] + dudt * dt",48,777,heat,diffusion,False,explicit/implicit,Burgers_Comm_Valid_2,burgers,"[{'donor_text': '# Burgers flux', 'gt_position': 15, 'source_line_in_donor': 29, 'line_inserted': 15}, {'donor_text': '# Minimum flux at u*', 'gt_position': 20, 'source_line_in_donor': 38, 'line_inserted': 20}, {'donor_text': '# u denotes state in cell centers (in the formulas sometimes written as \\bar{u})', 'gt_position': 24, 'source_line_in_donor': 45, 'line_inserted': 24}, {'donor_text': ""# f denotes f(u) in cell centers, using Burgers' equation f(u) = u^2/2"", 'gt_position': 32, 'source_line_in_donor': 46, 'line_inserted': 32}, {'donor_text': '# Reconstruct u_i_plus_half_left', 'gt_position': 40, 'source_line_in_donor': 59, 'line_inserted': 40}]",1.0,5,Heat_4,CorrComm_Invalid,
Heat_NoComm_CorrVar_4,"import numpy as np
foobar_13 = 0.001
foobar_14 = 50
foobar_3 = 1
foobar_11 = foobar_3 / foobar_14
foobar_18 = np.linspace(0, foobar_3, foobar_14)
foobar_4 = 0
foobar_5 = 240
foobar_16 = (foobar_5 - foobar_4) * 10
foobar_9 = (foobar_5 - foobar_4) / foobar_16
foobar_6 = 100
foobar_7 = 0
foobar_8 = 0
foobar_1 = foobar_13 * foobar_9 / foobar_11 ** 2
print(f'CFL: {foobar_1:0.3f} < 0.5')
assert foobar_1 < 0.5
foobar_17 = np.ones(shape=(foobar_16, foobar_14)) * foobar_8
foobar_2 = np.zeros(shape=(foobar_14, foobar_14))
for foobar_12 in range(1, foobar_14 - 1):
    foobar_2[foobar_12, foobar_12 - 1] = 1
    foobar_2[foobar_12, foobar_12] = -2
    foobar_2[foobar_12, foobar_12 + 1] = 1
foobar_10 = np.zeros(shape=foobar_14)
for foobar_15 in range(0, foobar_16 - 1):
    foobar_17[foobar_15, 0] = foobar_6
    foobar_17[foobar_15, foobar_14 - 1] = foobar_7
    foobar_10 = foobar_13 * np.matmul(foobar_2, foobar_17[foobar_15]) / foobar_11 ** 2
    foobar_17[foobar_15 + 1] = foobar_17[foobar_15] + foobar_10 * foobar_9",28,1017,heat,diffusion,True,explicit/implicit,,,,,0,Heat_4,NoComm_CorrVar,
Heat_NoComm_CorrVar_InValid_4,"import numpy as np
foobar_13 = 0.001
foobar_14 = 50
foobar_3 = 1
foobar_11 = foobar_3 / foobar_14
foobar_18 = np.linspace(0, foobar_3, foobar_14)
foobar_4 = 0
foobar_5 = 240
foobar_16 = (foobar_5 - foobar_4) * 10
foobar_9 = (foobar_5 - foobar_4) / foobar_16
foobar_6 = 100
foobar_7 = 0
foobar_8 = 0
foobar_1 = foobar_13 * foobar_9 / foobar_11 ** 2
print(f'CFL: {foobar_1:0.3f} < 0.5')
assert foobar_1 < 0.5
foobar_17 = np.ones(shape=(foobar_16, foobar_14)) * foobar_8
foobar_2 = np.zeros(shape=(foobar_14, foobar_14))
for foobar_12 in range(1, foobar_14 - 1):
    foobar_2[foobar_12, foobar_12 - 1] = 1
    foobar_2[foobar_12, foobar_12] = -2
    foobar_2[foobar_12, foobar_12 + 1] = 1
foobar_10 = np.zeros(shape=foobar_14)
for foobar_15 in range(0, foobar_16 - 1):
    foobar_17[foobar_15, 0] = foobar_6
    foobar_17[foobar_15, foobar_14 - 1] = foobar_7
    foobar_10 = foobar_13 * np.matmul(foobar_2, -foobar_17[foobar_15]) / foobar_11 ** 2
    foobar_17[foobar_15 + 1] = foobar_17[foobar_15] + foobar_10 * foobar_9",28,1018,heat,diffusion,False,explicit/implicit,,,,,0,Heat_4,NoComm_CorrVar_InValid,Extreme Spikes in temperature between very short intervals that perist over time
Heat_NoComm_InValid_4,"import numpy as np

k = 0.001

n = 50
L = 1
dx = L/n
x = np.linspace(0, L, n)

T0 = 0
Tn = 240
t_steps = (Tn - T0)*10
dt = (Tn - T0)/t_steps


U0 = 100
U1 = 0


Uinit = 0


CFL = k * dt / dx**2
print(f""CFL: {CFL:0.3f} < 0.5"")
assert CFL < 0.5

u = np.ones(shape=(t_steps, n)) * Uinit


D = np.zeros(shape=(n, n))
for i in range(1, n-1):
    D[i, i-1] = 1
    D[i, i] = -2
    D[i, i+1] = 1


dudt = np.zeros(shape=(n))

for t in range(0, t_steps-1):
    u[t, 0] = U0
    u[t, n-1] = U1
    dudt = k * np.matmul(D, -u[t])/dx**2
    u[t+1] = u[t] + dudt * dt",43,556,heat,diffusion,False,explicit/implicit,,,,,0,Heat_4,NoComm_InValid,Extreme Spikes in temperature between very short intervals that perist over time
Heat_NoComm_Valid_4,"import numpy as np

k = 0.001

n = 50
L = 1
dx = L/n
x = np.linspace(0, L, n)

T0 = 0
Tn = 240
t_steps = (Tn - T0)*10
dt = (Tn - T0)/t_steps

U0 = 100
U1 = 0

Uinit = 0

CFL = k * dt / dx**2
print(f""CFL: {CFL:0.3f} < 0.5"")
assert CFL < 0.5

u = np.ones(shape=(t_steps, n)) * Uinit

D = np.zeros(shape=(n, n))
for i in range(1, n-1):
    D[i, i-1] = 1
    D[i, i] = -2
    D[i, i+1] = 1

dudt = np.zeros(shape=(n))

for t in range(0, t_steps-1):
    u[t, 0] = U0
    u[t, n-1] = U1
    dudt = k * np.matmul(D, u[t])/dx**2
    u[t+1] = u[t] + dudt * dt",38,550,heat,diffusion,True,explicit/implicit,,,,,0,Heat_4,NoComm_Valid,
NavierStokes_Comm_InValid_1,"import numpy
from matplotlib import pyplot, cm
from mpl_toolkits.mplot3d import Axes3D

nx = 41
ny = 41
nt = 500
nit = 50
c = 1
dx = 2 / (nx - 1)
dy = 2 / (ny - 1)
x = numpy.linspace(0, 2, nx)
y = numpy.linspace(0, 2, ny)
X, Y = numpy.meshgrid(x, y)
rho = 1
nu = .1
dt = .001
u = numpy.zeros((ny, nx))
v = numpy.zeros((ny, nx))
p = numpy.zeros((ny, nx)) 
b = numpy.zeros((ny, nx))
#  RHS of pressure Poisson equation enforcing incompressibility (∇·u = 0)
#  combines divergence of velocity and nonlinear convective terms
def build_up_b(b, rho, dt, u, v, dx, dy):
    b[1:-1, 1:-1] = (rho * (1 / dt * 
                    ((u[1:-1, 2:] - u[1:-1, 0:-2]) / 
                     (2 * dx) + (v[2:, 1:-1] - v[0:-2, 1:-1]) / (2 * dy)) -
                    ((u[1:-1, 2:] - u[1:-1, 0:-2]) / (2 * dx))**2 -
                      2 * ((u[2:, 1:-1] - u[0:-2, 1:-1]) / (2 * dy) *
                           (v[1:-1, 2:] - v[1:-1, 0:-2]) / (2 * dx))-
                          ((v[2:, 1:-1] - v[0:-2, 1:-1]) / (2 * dy))**2))
    return b
def pressure_poisson(p, dx, dy, b):
    pn = numpy.empty_like(p)
    pn = p.copy()
    # Iterative Jacobi 
    for q in range(nit):
        pn = p.copy()
        p[1:-1, 1:-1] = (((pn[1:-1, 2:] + pn[1:-1, 0:-2]) * dy**2 + 
                          (pn[2:, 1:-1] + pn[0:-2, 1:-1]) * dx**2) /
                          (2 * (dx**2 + dy**2)) -
                          dx**2 * dy**2 / (2 * (dx**2 + dy**2)) * 
                          b[1:-1,1:-1])
        # Boundary Conditions
        p[:, -1] = p[:, -2] 
        p[0, :] = p[1, :]   
        p[:, 0] = p[:, 1]   
        p[-1, :] = 0        
    return p
def cavity_flow(nt, u, v, dt, dx, dy, p, rho, nu):
    un = numpy.empty_like(u)
    vn = numpy.empty_like(v)
    b = numpy.zeros((ny, nx))
    for n in range(nt):
        un = u.copy()
        vn = v.copy()
        b = build_up_b(b, rho, dt, u, v, dx, dy)
        p = pressure_poisson(p, dx, dy, b)
        # Explicit time stepping 
        # includes convection, pressure gradient, and diffusion
        u[1:-1, 1:-1] = (un[1:-1, 1:-1]-
                         un[1:-1, 1:-1] * dt / dx *
                        (un[1:-1, 1:-1] - un[1:-1, 0:-2]) -
                         vn[1:-1, 1:-1] * dt / dy *
                        (un[1:-1, 1:-1] - un[0:-2, 1:-1]) +
                         dt / (2 * rho * dx) * (p[1:-1, 2:] - p[1:-1, 0:-2]) +
                         nu * (dt / dx**2 *
                        (un[1:-1, 2:] - 2 * un[1:-1, 1:-1] + un[1:-1, 0:-2]) +
                         dt / dy**2 *
                        (un[2:, 1:-1] - 2 * un[1:-1, 1:-1] + un[0:-2, 1:-1])))
        v[1:-1,1:-1] = (vn[1:-1, 1:-1] -
                        un[1:-1, 1:-1] * dt / dx *
                       (vn[1:-1, 1:-1] - vn[1:-1, 0:-2]) -
                        vn[1:-1, 1:-1] * dt / dy *
                       (vn[1:-1, 1:-1] - vn[0:-2, 1:-1]) +
                        dt / (2 * rho * dy) * (p[2:, 1:-1] - p[0:-2, 1:-1]) +
                        nu * (dt / dx**2 *
                       (vn[1:-1, 2:] - 2 * vn[1:-1, 1:-1] + vn[1:-1, 0:-2]) +
                        dt / dy**2 *
                       (vn[2:, 1:-1] - 2 * vn[1:-1, 1:-1] + vn[0:-2, 1:-1])))
        # Boundary Conditions
        u[0, :]  = 0
        u[:, 0]  = 0
        u[:, -1] = 0
        u[-1, :] = 1    
        v[0, :]  = 0
        v[-1, :] = 0
        v[:, 0]  = 0
        v[:, -1] = 0  
    return u, v, p
u = numpy.zeros((ny, nx))
v = numpy.zeros((ny, nx))
p = numpy.zeros((ny, nx))
b = numpy.zeros((ny, nx))
nt = 700
u, v, p = cavity_flow(nt, u, v, dt, dx, dy, p, rho, nu)",96,3581,navier-stokes,advection/diffusion,False,explicit,,,,,7,NavierStokes_1,Comm_InValid,Blows up to NaNs
NavierStokes_Comm_Valid_1,"import numpy
from matplotlib import pyplot, cm
from mpl_toolkits.mplot3d import Axes3D

nx = 41
ny = 41
nt = 500
nit = 50
c = 1
dx = 2 / (nx - 1)
dy = 2 / (ny - 1)
x = numpy.linspace(0, 2, nx)
y = numpy.linspace(0, 2, ny)
X, Y = numpy.meshgrid(x, y)
rho = 1
nu = .1
dt = .001
u = numpy.zeros((ny, nx))
v = numpy.zeros((ny, nx))
p = numpy.zeros((ny, nx)) 
b = numpy.zeros((ny, nx))
#  RHS of pressure Poisson equation enforcing incompressibility (∇·u = 0)
#  combines divergence of velocity and nonlinear convective terms
def build_up_b(b, rho, dt, u, v, dx, dy):
    b[1:-1, 1:-1] = (rho * (1 / dt * 
                    ((u[1:-1, 2:] - u[1:-1, 0:-2]) / 
                     (2 * dx) + (v[2:, 1:-1] - v[0:-2, 1:-1]) / (2 * dy)) -
                    ((u[1:-1, 2:] - u[1:-1, 0:-2]) / (2 * dx))**2 -
                      2 * ((u[2:, 1:-1] - u[0:-2, 1:-1]) / (2 * dy) *
                           (v[1:-1, 2:] - v[1:-1, 0:-2]) / (2 * dx))-
                          ((v[2:, 1:-1] - v[0:-2, 1:-1]) / (2 * dy))**2))
    return b
def pressure_poisson(p, dx, dy, b):
    pn = numpy.empty_like(p)
    pn = p.copy()
    # Iterative Jacobi 
    for q in range(nit):
        pn = p.copy()
        p[1:-1, 1:-1] = (((pn[1:-1, 2:] + pn[1:-1, 0:-2]) * dy**2 + 
                          (pn[2:, 1:-1] + pn[0:-2, 1:-1]) * dx**2) /
                          (2 * (dx**2 + dy**2)) -
                          dx**2 * dy**2 / (2 * (dx**2 + dy**2)) * 
                          b[1:-1,1:-1])
        # Boundary Conditions
        p[:, -1] = p[:, -2] 
        p[0, :] = p[1, :]   
        p[:, 0] = p[:, 1]   
        p[-1, :] = 0        
    return p
def cavity_flow(nt, u, v, dt, dx, dy, p, rho, nu):
    un = numpy.empty_like(u)
    vn = numpy.empty_like(v)
    b = numpy.zeros((ny, nx))
    for n in range(nt):
        un = u.copy()
        vn = v.copy()
        b = build_up_b(b, rho, dt, u, v, dx, dy)
        p = pressure_poisson(p, dx, dy, b)
        # Explicit time stepping 
        # includes convection, pressure gradient, and diffusion
        u[1:-1, 1:-1] = (un[1:-1, 1:-1]-
                         un[1:-1, 1:-1] * dt / dx *
                        (un[1:-1, 1:-1] - un[1:-1, 0:-2]) -
                         vn[1:-1, 1:-1] * dt / dy *
                        (un[1:-1, 1:-1] - un[0:-2, 1:-1]) -
                         dt / (2 * rho * dx) * (p[1:-1, 2:] - p[1:-1, 0:-2]) +
                         nu * (dt / dx**2 *
                        (un[1:-1, 2:] - 2 * un[1:-1, 1:-1] + un[1:-1, 0:-2]) +
                         dt / dy**2 *
                        (un[2:, 1:-1] - 2 * un[1:-1, 1:-1] + un[0:-2, 1:-1])))
        v[1:-1,1:-1] = (vn[1:-1, 1:-1] -
                        un[1:-1, 1:-1] * dt / dx *
                       (vn[1:-1, 1:-1] - vn[1:-1, 0:-2]) -
                        vn[1:-1, 1:-1] * dt / dy *
                       (vn[1:-1, 1:-1] - vn[0:-2, 1:-1]) -
                        dt / (2 * rho * dy) * (p[2:, 1:-1] - p[0:-2, 1:-1]) +
                        nu * (dt / dx**2 *
                       (vn[1:-1, 2:] - 2 * vn[1:-1, 1:-1] + vn[1:-1, 0:-2]) +
                        dt / dy**2 *
                       (vn[2:, 1:-1] - 2 * vn[1:-1, 1:-1] + vn[0:-2, 1:-1])))
        # Boundary Conditions
        u[0, :]  = 0
        u[:, 0]  = 0
        u[:, -1] = 0
        u[-1, :] = 1    
        v[0, :]  = 0
        v[-1, :] = 0
        v[:, 0]  = 0
        v[:, -1] = 0  
    return u, v, p
u = numpy.zeros((ny, nx))
v = numpy.zeros((ny, nx))
p = numpy.zeros((ny, nx))
b = numpy.zeros((ny, nx))
nt = 700
u, v, p = cavity_flow(nt, u, v, dt, dx, dy, p, rho, nu)",96,3581,navier-stokes,advection/diffusion,True,explicit,,,,,7,NavierStokes_1,Comm_Valid,
NavierStokes_CorrComm_Valid_1,"import numpy
from matplotlib import pyplot, cm
from mpl_toolkits.mplot3d import Axes3D

nx = 41
ny = 41
nt = 500
nit = 50
c = 1
dx = 2 / (nx - 1)
dy = 2 / (ny - 1)
x = numpy.linspace(0, 2, nx)
y = numpy.linspace(0, 2, ny)
X, Y = numpy.meshgrid(x, y)
rho = 1
nu = .1
dt = .001
u = numpy.zeros((ny, nx))
v = numpy.zeros((ny, nx))
p = numpy.zeros((ny, nx)) 
b = numpy.zeros((ny, nx))
# Boundary conditions
# Initial condition, u(x,0)=0
def build_up_b(b, rho, dt, u, v, dx, dy):
    b[1:-1, 1:-1] = (rho * (1 / dt * 
                    ((u[1:-1, 2:] - u[1:-1, 0:-2]) / 
                     (2 * dx) + (v[2:, 1:-1] - v[0:-2, 1:-1]) / (2 * dy)) -
                    ((u[1:-1, 2:] - u[1:-1, 0:-2]) / (2 * dx))**2 -
                      2 * ((u[2:, 1:-1] - u[0:-2, 1:-1]) / (2 * dy) *
                           (v[1:-1, 2:] - v[1:-1, 0:-2]) / (2 * dx))-
                          ((v[2:, 1:-1] - v[0:-2, 1:-1]) / (2 * dy))**2))
    return b
def pressure_poisson(p, dx, dy, b):
    pn = numpy.empty_like(p)
    pn = p.copy()
    # Courant-Friedrichs-Levy number
    for q in range(nit):
        pn = p.copy()
        p[1:-1, 1:-1] = (((pn[1:-1, 2:] + pn[1:-1, 0:-2]) * dy**2 + 
                          (pn[2:, 1:-1] + pn[0:-2, 1:-1]) * dx**2) /
                          (2 * (dx**2 + dy**2)) -
                          dx**2 * dy**2 / (2 * (dx**2 + dy**2)) * 
                          b[1:-1,1:-1])
        # Differential matrix. (Note that the matrix includes the nodes at the walls. The derivative is zero at the walls)
        p[:, -1] = p[:, -2] 
        p[0, :] = p[1, :]   
        p[:, 0] = p[:, 1]   
        p[-1, :] = 0        
    return p
def cavity_flow(nt, u, v, dt, dx, dy, p, rho, nu):
    un = numpy.empty_like(u)
    vn = numpy.empty_like(v)
    b = numpy.zeros((ny, nx))
    for n in range(nt):
        un = u.copy()
        vn = v.copy()
        b = build_up_b(b, rho, dt, u, v, dx, dy)
        p = pressure_poisson(p, dx, dy, b)
        # partial derivative vector du/dt
        # Boundary conditions
        u[1:-1, 1:-1] = (un[1:-1, 1:-1]-
                         un[1:-1, 1:-1] * dt / dx *
                        (un[1:-1, 1:-1] - un[1:-1, 0:-2]) -
                         vn[1:-1, 1:-1] * dt / dy *
                        (un[1:-1, 1:-1] - un[0:-2, 1:-1]) -
                         dt / (2 * rho * dx) * (p[1:-1, 2:] - p[1:-1, 0:-2]) +
                         nu * (dt / dx**2 *
                        (un[1:-1, 2:] - 2 * un[1:-1, 1:-1] + un[1:-1, 0:-2]) +
                         dt / dy**2 *
                        (un[2:, 1:-1] - 2 * un[1:-1, 1:-1] + un[0:-2, 1:-1])))
        v[1:-1,1:-1] = (vn[1:-1, 1:-1] -
                        un[1:-1, 1:-1] * dt / dx *
                       (vn[1:-1, 1:-1] - vn[1:-1, 0:-2]) -
                        vn[1:-1, 1:-1] * dt / dy *
                       (vn[1:-1, 1:-1] - vn[0:-2, 1:-1]) -
                        dt / (2 * rho * dy) * (p[2:, 1:-1] - p[0:-2, 1:-1]) +
                        nu * (dt / dx**2 *
                       (vn[1:-1, 2:] - 2 * vn[1:-1, 1:-1] + vn[1:-1, 0:-2]) +
                        dt / dy**2 *
                       (vn[2:, 1:-1] - 2 * vn[1:-1, 1:-1] + vn[0:-2, 1:-1])))
        # Initial condition, u(x,0)=0
        u[0, :]  = 0
        u[:, 0]  = 0
        u[:, -1] = 0
        u[-1, :] = 1    
        v[0, :]  = 0
        v[-1, :] = 0
        v[:, 0]  = 0
        v[:, -1] = 0  
    return u, v, p
u = numpy.zeros((ny, nx))
v = numpy.zeros((ny, nx))
p = numpy.zeros((ny, nx))
b = numpy.zeros((ny, nx))
nt = 700
u, v, p = cavity_flow(nt, u, v, dt, dx, dy, p, rho, nu)",96,3581,navier-stokes,advection/diffusion,True,explicit,Heat_Comm_Valid_4,heat,"[{'donor_text': '# Boundary conditions', 'gt_position': 22, 'source_line_in_donor': 15, 'line_inserted': 22}, {'donor_text': '# Initial condition, u(x,0)=0', 'gt_position': 23, 'source_line_in_donor': 19, 'line_inserted': 23}, {'donor_text': '# Courant-Friedrichs-Levy number', 'gt_position': 36, 'source_line_in_donor': 22, 'line_inserted': 36}, {'donor_text': '# Differential matrix. (Note that the matrix includes the nodes at the walls. The derivative is zero at the walls)', 'gt_position': 44, 'source_line_in_donor': 29, 'line_inserted': 44}, {'donor_text': '# partial derivative vector du/dt', 'gt_position': 59, 'source_line_in_donor': 36, 'line_inserted': 59}, {'donor_text': '# Boundary conditions', 'gt_position': 60, 'source_line_in_donor': 15, 'line_inserted': 60}, {'donor_text': '# Initial condition, u(x,0)=0', 'gt_position': 81, 'source_line_in_donor': 19, 'line_inserted': 81}]",-2.0,7,NavierStokes_1,CorrComm,
NavierStokes_CorrComm_InValid_1,"import numpy
from matplotlib import pyplot, cm
from mpl_toolkits.mplot3d import Axes3D

nx = 41
ny = 41
nt = 500
nit = 50
c = 1
dx = 2 / (nx - 1)
dy = 2 / (ny - 1)
x = numpy.linspace(0, 2, nx)
y = numpy.linspace(0, 2, ny)
X, Y = numpy.meshgrid(x, y)
rho = 1
nu = .1
dt = .001
u = numpy.zeros((ny, nx))
v = numpy.zeros((ny, nx))
p = numpy.zeros((ny, nx)) 
b = numpy.zeros((ny, nx))
# Boundary conditions
# Initial condition, u(x,0)=0
def build_up_b(b, rho, dt, u, v, dx, dy):
    b[1:-1, 1:-1] = (rho * (1 / dt * 
                    ((u[1:-1, 2:] - u[1:-1, 0:-2]) / 
                     (2 * dx) + (v[2:, 1:-1] - v[0:-2, 1:-1]) / (2 * dy)) -
                    ((u[1:-1, 2:] - u[1:-1, 0:-2]) / (2 * dx))**2 -
                      2 * ((u[2:, 1:-1] - u[0:-2, 1:-1]) / (2 * dy) *
                           (v[1:-1, 2:] - v[1:-1, 0:-2]) / (2 * dx))-
                          ((v[2:, 1:-1] - v[0:-2, 1:-1]) / (2 * dy))**2))
    return b
def pressure_poisson(p, dx, dy, b):
    pn = numpy.empty_like(p)
    pn = p.copy()
    # Courant-Friedrichs-Levy number
    for q in range(nit):
        pn = p.copy()
        p[1:-1, 1:-1] = (((pn[1:-1, 2:] + pn[1:-1, 0:-2]) * dy**2 + 
                          (pn[2:, 1:-1] + pn[0:-2, 1:-1]) * dx**2) /
                          (2 * (dx**2 + dy**2)) -
                          dx**2 * dy**2 / (2 * (dx**2 + dy**2)) * 
                          b[1:-1,1:-1])
        # Differential matrix. (Note that the matrix includes the nodes at the walls. The derivative is zero at the walls)
        p[:, -1] = p[:, -2] 
        p[0, :] = p[1, :]   
        p[:, 0] = p[:, 1]   
        p[-1, :] = 0        
    return p
def cavity_flow(nt, u, v, dt, dx, dy, p, rho, nu):
    un = numpy.empty_like(u)
    vn = numpy.empty_like(v)
    b = numpy.zeros((ny, nx))
    for n in range(nt):
        un = u.copy()
        vn = v.copy()
        b = build_up_b(b, rho, dt, u, v, dx, dy)
        p = pressure_poisson(p, dx, dy, b)
        # partial derivative vector du/dt
        # Boundary conditions
        u[1:-1, 1:-1] = (un[1:-1, 1:-1]-
                         un[1:-1, 1:-1] * dt / dx *
                        (un[1:-1, 1:-1] - un[1:-1, 0:-2]) -
                         vn[1:-1, 1:-1] * dt / dy *
                        (un[1:-1, 1:-1] - un[0:-2, 1:-1]) +
                         dt / (2 * rho * dx) * (p[1:-1, 2:] - p[1:-1, 0:-2]) +
                         nu * (dt / dx**2 *
                        (un[1:-1, 2:] - 2 * un[1:-1, 1:-1] + un[1:-1, 0:-2]) +
                         dt / dy**2 *
                        (un[2:, 1:-1] - 2 * un[1:-1, 1:-1] + un[0:-2, 1:-1])))
        v[1:-1,1:-1] = (vn[1:-1, 1:-1] -
                        un[1:-1, 1:-1] * dt / dx *
                       (vn[1:-1, 1:-1] - vn[1:-1, 0:-2]) -
                        vn[1:-1, 1:-1] * dt / dy *
                       (vn[1:-1, 1:-1] - vn[0:-2, 1:-1]) +
                        dt / (2 * rho * dy) * (p[2:, 1:-1] - p[0:-2, 1:-1]) +
                        nu * (dt / dx**2 *
                       (vn[1:-1, 2:] - 2 * vn[1:-1, 1:-1] + vn[1:-1, 0:-2]) +
                        dt / dy**2 *
                       (vn[2:, 1:-1] - 2 * vn[1:-1, 1:-1] + vn[0:-2, 1:-1])))
        # Initial condition, u(x,0)=0
        u[0, :]  = 0
        u[:, 0]  = 0
        u[:, -1] = 0
        u[-1, :] = 1    
        v[0, :]  = 0
        v[-1, :] = 0
        v[:, 0]  = 0
        v[:, -1] = 0  
    return u, v, p
u = numpy.zeros((ny, nx))
v = numpy.zeros((ny, nx))
p = numpy.zeros((ny, nx))
b = numpy.zeros((ny, nx))
nt = 700
u, v, p = cavity_flow(nt, u, v, dt, dx, dy, p, rho, nu)",96,3581,navier-stokes,advection/diffusion,False,explicit,Heat_Comm_Valid_4,heat,"[{'donor_text': '# Boundary conditions', 'gt_position': 22, 'source_line_in_donor': 15, 'line_inserted': 22}, {'donor_text': '# Initial condition, u(x,0)=0', 'gt_position': 23, 'source_line_in_donor': 19, 'line_inserted': 23}, {'donor_text': '# Courant-Friedrichs-Levy number', 'gt_position': 36, 'source_line_in_donor': 22, 'line_inserted': 36}, {'donor_text': '# Differential matrix. (Note that the matrix includes the nodes at the walls. The derivative is zero at the walls)', 'gt_position': 44, 'source_line_in_donor': 29, 'line_inserted': 44}, {'donor_text': '# partial derivative vector du/dt', 'gt_position': 59, 'source_line_in_donor': 36, 'line_inserted': 59}, {'donor_text': '# Boundary conditions', 'gt_position': 60, 'source_line_in_donor': 15, 'line_inserted': 60}, {'donor_text': '# Initial condition, u(x,0)=0', 'gt_position': 81, 'source_line_in_donor': 19, 'line_inserted': 81}]",-2.0,7,NavierStokes_1,CorrComm_Invalid,
NavierStokes_NoComm_CorrVar_1,"import numpy
from matplotlib import pyplot, cm
from mpl_toolkits.mplot3d import Axes3D
foobar_12 = 41
foobar_13 = 41
foobar_10 = 500
foobar_9 = 50
foobar_4 = 1
foobar_6 = 2 / (foobar_12 - 1)
foobar_7 = 2 / (foobar_13 - 1)
foobar_22 = numpy.linspace(0, 2, foobar_12)
foobar_23 = numpy.linspace(0, 2, foobar_13)
foobar_1, foobar_2 = numpy.meshgrid(foobar_22, foobar_23)
foobar_17 = 1
foobar_11 = 0.1
foobar_5 = 0.001
foobar_18 = numpy.zeros((foobar_13, foobar_12))
foobar_20 = numpy.zeros((foobar_13, foobar_12))
foobar_14 = numpy.zeros((foobar_13, foobar_12))
foobar_3 = numpy.zeros((foobar_13, foobar_12))

def fn1(foobar_3, foobar_17, foobar_5, foobar_18, foobar_20, foobar_6, foobar_7):
    foobar_3[1:-1, 1:-1] = foobar_17 * (1 / foobar_5 * ((foobar_18[1:-1, 2:] - foobar_18[1:-1, 0:-2]) / (2 * foobar_6) + (foobar_20[2:, 1:-1] - foobar_20[0:-2, 1:-1]) / (2 * foobar_7)) - ((foobar_18[1:-1, 2:] - foobar_18[1:-1, 0:-2]) / (2 * foobar_6)) ** 2 - 2 * ((foobar_18[2:, 1:-1] - foobar_18[0:-2, 1:-1]) / (2 * foobar_7) * (foobar_20[1:-1, 2:] - foobar_20[1:-1, 0:-2]) / (2 * foobar_6)) - ((foobar_20[2:, 1:-1] - foobar_20[0:-2, 1:-1]) / (2 * foobar_7)) ** 2)
    return foobar_3

def fn2(foobar_14, foobar_6, foobar_7, foobar_3):
    foobar_15 = numpy.empty_like(foobar_14)
    foobar_15 = foobar_14.copy()
    for foobar_16 in range(foobar_9):
        foobar_15 = foobar_14.copy()
        foobar_14[1:-1, 1:-1] = ((foobar_15[1:-1, 2:] + foobar_15[1:-1, 0:-2]) * foobar_7 ** 2 + (foobar_15[2:, 1:-1] + foobar_15[0:-2, 1:-1]) * foobar_6 ** 2) / (2 * (foobar_6 ** 2 + foobar_7 ** 2)) - foobar_6 ** 2 * foobar_7 ** 2 / (2 * (foobar_6 ** 2 + foobar_7 ** 2)) * foobar_3[1:-1, 1:-1]
        foobar_14[:, -1] = foobar_14[:, -2]
        foobar_14[0, :] = foobar_14[1, :]
        foobar_14[:, 0] = foobar_14[:, 1]
        foobar_14[-1, :] = 0
    return foobar_14

def fn3(foobar_10, foobar_18, foobar_20, foobar_5, foobar_6, foobar_7, foobar_14, foobar_17, foobar_11):
    foobar_19 = numpy.empty_like(foobar_18)
    foobar_21 = numpy.empty_like(foobar_20)
    foobar_3 = numpy.zeros((foobar_13, foobar_12))
    for foobar_8 in range(foobar_10):
        foobar_19 = foobar_18.copy()
        foobar_21 = foobar_20.copy()
        foobar_3 = fn1(foobar_3, foobar_17, foobar_5, foobar_18, foobar_20, foobar_6, foobar_7)
        foobar_14 = fn2(foobar_14, foobar_6, foobar_7, foobar_3)
        foobar_18[1:-1, 1:-1] = foobar_19[1:-1, 1:-1] - foobar_19[1:-1, 1:-1] * foobar_5 / foobar_6 * (foobar_19[1:-1, 1:-1] - foobar_19[1:-1, 0:-2]) - foobar_21[1:-1, 1:-1] * foobar_5 / foobar_7 * (foobar_19[1:-1, 1:-1] - foobar_19[0:-2, 1:-1]) - foobar_5 / (2 * foobar_17 * foobar_6) * (foobar_14[1:-1, 2:] - foobar_14[1:-1, 0:-2]) + foobar_11 * (foobar_5 / foobar_6 ** 2 * (foobar_19[1:-1, 2:] - 2 * foobar_19[1:-1, 1:-1] + foobar_19[1:-1, 0:-2]) + foobar_5 / foobar_7 ** 2 * (foobar_19[2:, 1:-1] - 2 * foobar_19[1:-1, 1:-1] + foobar_19[0:-2, 1:-1]))
        foobar_20[1:-1, 1:-1] = foobar_21[1:-1, 1:-1] - foobar_19[1:-1, 1:-1] * foobar_5 / foobar_6 * (foobar_21[1:-1, 1:-1] - foobar_21[1:-1, 0:-2]) - foobar_21[1:-1, 1:-1] * foobar_5 / foobar_7 * (foobar_21[1:-1, 1:-1] - foobar_21[0:-2, 1:-1]) - foobar_5 / (2 * foobar_17 * foobar_7) * (foobar_14[2:, 1:-1] - foobar_14[0:-2, 1:-1]) + foobar_11 * (foobar_5 / foobar_6 ** 2 * (foobar_21[1:-1, 2:] - 2 * foobar_21[1:-1, 1:-1] + foobar_21[1:-1, 0:-2]) + foobar_5 / foobar_7 ** 2 * (foobar_21[2:, 1:-1] - 2 * foobar_21[1:-1, 1:-1] + foobar_21[0:-2, 1:-1]))
        foobar_18[0, :] = 0
        foobar_18[:, 0] = 0
        foobar_18[:, -1] = 0
        foobar_18[-1, :] = 1
        foobar_20[0, :] = 0
        foobar_20[-1, :] = 0
        foobar_20[:, 0] = 0
        foobar_20[:, -1] = 0
    return (foobar_18, foobar_20, foobar_14)
foobar_18 = numpy.zeros((foobar_13, foobar_12))
foobar_20 = numpy.zeros((foobar_13, foobar_12))
foobar_14 = numpy.zeros((foobar_13, foobar_12))
foobar_3 = numpy.zeros((foobar_13, foobar_12))
foobar_10 = 700
foobar_18, foobar_20, foobar_14 = fn3(foobar_10, foobar_18, foobar_20, foobar_5, foobar_6, foobar_7, foobar_14, foobar_17, foobar_11)",63,4090,navier-stokes,advection/diffusion,True,explicit,,,,,0,NavierStokes_1,NoComm_CorrVar,
NavierStokes_NoComm_CorrVar_InValid_1,"import numpy
from matplotlib import pyplot, cm
from mpl_toolkits.mplot3d import Axes3D
foobar_12 = 41
foobar_13 = 41
foobar_10 = 500
foobar_9 = 50
foobar_4 = 1
foobar_6 = 2 / (foobar_12 - 1)
foobar_7 = 2 / (foobar_13 - 1)
foobar_22 = numpy.linspace(0, 2, foobar_12)
foobar_23 = numpy.linspace(0, 2, foobar_13)
foobar_1, foobar_2 = numpy.meshgrid(foobar_22, foobar_23)
foobar_17 = 1
foobar_11 = 0.1
foobar_5 = 0.001
foobar_18 = numpy.zeros((foobar_13, foobar_12))
foobar_20 = numpy.zeros((foobar_13, foobar_12))
foobar_14 = numpy.zeros((foobar_13, foobar_12))
foobar_3 = numpy.zeros((foobar_13, foobar_12))

def fn1(foobar_3, foobar_17, foobar_5, foobar_18, foobar_20, foobar_6, foobar_7):
    foobar_3[1:-1, 1:-1] = foobar_17 * (1 / foobar_5 * ((foobar_18[1:-1, 2:] - foobar_18[1:-1, 0:-2]) / (2 * foobar_6) + (foobar_20[2:, 1:-1] - foobar_20[0:-2, 1:-1]) / (2 * foobar_7)) - ((foobar_18[1:-1, 2:] - foobar_18[1:-1, 0:-2]) / (2 * foobar_6)) ** 2 - 2 * ((foobar_18[2:, 1:-1] - foobar_18[0:-2, 1:-1]) / (2 * foobar_7) * (foobar_20[1:-1, 2:] - foobar_20[1:-1, 0:-2]) / (2 * foobar_6)) - ((foobar_20[2:, 1:-1] - foobar_20[0:-2, 1:-1]) / (2 * foobar_7)) ** 2)
    return foobar_3

def fn2(foobar_14, foobar_6, foobar_7, foobar_3):
    foobar_15 = numpy.empty_like(foobar_14)
    foobar_15 = foobar_14.copy()
    for foobar_16 in range(foobar_9):
        foobar_15 = foobar_14.copy()
        foobar_14[1:-1, 1:-1] = ((foobar_15[1:-1, 2:] + foobar_15[1:-1, 0:-2]) * foobar_7 ** 2 + (foobar_15[2:, 1:-1] + foobar_15[0:-2, 1:-1]) * foobar_6 ** 2) / (2 * (foobar_6 ** 2 + foobar_7 ** 2)) - foobar_6 ** 2 * foobar_7 ** 2 / (2 * (foobar_6 ** 2 + foobar_7 ** 2)) * foobar_3[1:-1, 1:-1]
        foobar_14[:, -1] = foobar_14[:, -2]
        foobar_14[0, :] = foobar_14[1, :]
        foobar_14[:, 0] = foobar_14[:, 1]
        foobar_14[-1, :] = 0
    return foobar_14

def fn3(foobar_10, foobar_18, foobar_20, foobar_5, foobar_6, foobar_7, foobar_14, foobar_17, foobar_11):
    foobar_19 = numpy.empty_like(foobar_18)
    foobar_21 = numpy.empty_like(foobar_20)
    foobar_3 = numpy.zeros((foobar_13, foobar_12))
    for foobar_8 in range(foobar_10):
        foobar_19 = foobar_18.copy()
        foobar_21 = foobar_20.copy()
        foobar_3 = fn1(foobar_3, foobar_17, foobar_5, foobar_18, foobar_20, foobar_6, foobar_7)
        foobar_14 = fn2(foobar_14, foobar_6, foobar_7, foobar_3)
        foobar_18[1:-1, 1:-1] = foobar_19[1:-1, 1:-1] - foobar_19[1:-1, 1:-1] * foobar_5 / foobar_6 * (foobar_19[1:-1, 1:-1] - foobar_19[1:-1, 0:-2]) - foobar_21[1:-1, 1:-1] * foobar_5 / foobar_7 * (foobar_19[1:-1, 1:-1] - foobar_19[0:-2, 1:-1]) + foobar_5 / (2 * foobar_17 * foobar_6) * (foobar_14[1:-1, 2:] - foobar_14[1:-1, 0:-2]) + foobar_11 * (foobar_5 / foobar_6 ** 2 * (foobar_19[1:-1, 2:] - 2 * foobar_19[1:-1, 1:-1] + foobar_19[1:-1, 0:-2]) + foobar_5 / foobar_7 ** 2 * (foobar_19[2:, 1:-1] - 2 * foobar_19[1:-1, 1:-1] + foobar_19[0:-2, 1:-1]))
        foobar_20[1:-1, 1:-1] = foobar_21[1:-1, 1:-1] - foobar_19[1:-1, 1:-1] * foobar_5 / foobar_6 * (foobar_21[1:-1, 1:-1] - foobar_21[1:-1, 0:-2]) - foobar_21[1:-1, 1:-1] * foobar_5 / foobar_7 * (foobar_21[1:-1, 1:-1] - foobar_21[0:-2, 1:-1]) + foobar_5 / (2 * foobar_17 * foobar_7) * (foobar_14[2:, 1:-1] - foobar_14[0:-2, 1:-1]) + foobar_11 * (foobar_5 / foobar_6 ** 2 * (foobar_21[1:-1, 2:] - 2 * foobar_21[1:-1, 1:-1] + foobar_21[1:-1, 0:-2]) + foobar_5 / foobar_7 ** 2 * (foobar_21[2:, 1:-1] - 2 * foobar_21[1:-1, 1:-1] + foobar_21[0:-2, 1:-1]))
        foobar_18[0, :] = 0
        foobar_18[:, 0] = 0
        foobar_18[:, -1] = 0
        foobar_18[-1, :] = 1
        foobar_20[0, :] = 0
        foobar_20[-1, :] = 0
        foobar_20[:, 0] = 0
        foobar_20[:, -1] = 0
    return (foobar_18, foobar_20, foobar_14)
foobar_18 = numpy.zeros((foobar_13, foobar_12))
foobar_20 = numpy.zeros((foobar_13, foobar_12))
foobar_14 = numpy.zeros((foobar_13, foobar_12))
foobar_3 = numpy.zeros((foobar_13, foobar_12))
foobar_10 = 700
foobar_18, foobar_20, foobar_14 = fn3(foobar_10, foobar_18, foobar_20, foobar_5, foobar_6, foobar_7, foobar_14, foobar_17, foobar_11)",63,4090,navier-stokes,advection/diffusion,False,explicit,,,,,0,NavierStokes_1,NoComm_CorrVar_InValid,Blows up to NaNs
NavierStokes_NoComm_InValid_1,"import numpy
from matplotlib import pyplot, cm
from mpl_toolkits.mplot3d import Axes3D

nx = 41
ny = 41
nt = 500
nit = 50
c = 1
dx = 2 / (nx - 1)
dy = 2 / (ny - 1)
x = numpy.linspace(0, 2, nx)
y = numpy.linspace(0, 2, ny)
X, Y = numpy.meshgrid(x, y)
rho = 1
nu = .1
dt = .001
u = numpy.zeros((ny, nx))
v = numpy.zeros((ny, nx))
p = numpy.zeros((ny, nx)) 
b = numpy.zeros((ny, nx))
def build_up_b(b, rho, dt, u, v, dx, dy):
    b[1:-1, 1:-1] = (rho * (1 / dt * 
                    ((u[1:-1, 2:] - u[1:-1, 0:-2]) / 
                     (2 * dx) + (v[2:, 1:-1] - v[0:-2, 1:-1]) / (2 * dy)) -
                    ((u[1:-1, 2:] - u[1:-1, 0:-2]) / (2 * dx))**2 -
                      2 * ((u[2:, 1:-1] - u[0:-2, 1:-1]) / (2 * dy) *
                           (v[1:-1, 2:] - v[1:-1, 0:-2]) / (2 * dx))-
                          ((v[2:, 1:-1] - v[0:-2, 1:-1]) / (2 * dy))**2))
    return b
def pressure_poisson(p, dx, dy, b):
    pn = numpy.empty_like(p)
    pn = p.copy()
    for q in range(nit):
        pn = p.copy()
        p[1:-1, 1:-1] = (((pn[1:-1, 2:] + pn[1:-1, 0:-2]) * dy**2 + 
                          (pn[2:, 1:-1] + pn[0:-2, 1:-1]) * dx**2) /
                          (2 * (dx**2 + dy**2)) -
                          dx**2 * dy**2 / (2 * (dx**2 + dy**2)) * 
                          b[1:-1,1:-1])
        p[:, -1] = p[:, -2] 
        p[0, :] = p[1, :]   
        p[:, 0] = p[:, 1]   
        p[-1, :] = 0        
    return p
def cavity_flow(nt, u, v, dt, dx, dy, p, rho, nu):
    un = numpy.empty_like(u)
    vn = numpy.empty_like(v)
    b = numpy.zeros((ny, nx))
    for n in range(nt):
        un = u.copy()
        vn = v.copy()
        b = build_up_b(b, rho, dt, u, v, dx, dy)
        p = pressure_poisson(p, dx, dy, b)
        u[1:-1, 1:-1] = (un[1:-1, 1:-1]-
                         un[1:-1, 1:-1] * dt / dx *
                        (un[1:-1, 1:-1] - un[1:-1, 0:-2]) -
                         vn[1:-1, 1:-1] * dt / dy *
                        (un[1:-1, 1:-1] - un[0:-2, 1:-1]) +
                         dt / (2 * rho * dx) * (p[1:-1, 2:] - p[1:-1, 0:-2]) +
                         nu * (dt / dx**2 *
                        (un[1:-1, 2:] - 2 * un[1:-1, 1:-1] + un[1:-1, 0:-2]) +
                         dt / dy**2 *
                        (un[2:, 1:-1] - 2 * un[1:-1, 1:-1] + un[0:-2, 1:-1])))
        v[1:-1,1:-1] = (vn[1:-1, 1:-1] -
                        un[1:-1, 1:-1] * dt / dx *
                       (vn[1:-1, 1:-1] - vn[1:-1, 0:-2]) -
                        vn[1:-1, 1:-1] * dt / dy *
                       (vn[1:-1, 1:-1] - vn[0:-2, 1:-1]) +
                        dt / (2 * rho * dy) * (p[2:, 1:-1] - p[0:-2, 1:-1]) +
                        nu * (dt / dx**2 *
                       (vn[1:-1, 2:] - 2 * vn[1:-1, 1:-1] + vn[1:-1, 0:-2]) +
                        dt / dy**2 *
                       (vn[2:, 1:-1] - 2 * vn[1:-1, 1:-1] + vn[0:-2, 1:-1])))
        u[0, :]  = 0
        u[:, 0]  = 0
        u[:, -1] = 0
        u[-1, :] = 1    
        v[0, :]  = 0
        v[-1, :] = 0
        v[:, 0]  = 0
        v[:, -1] = 0  
    return u, v, p
u = numpy.zeros((ny, nx))
v = numpy.zeros((ny, nx))
p = numpy.zeros((ny, nx))
b = numpy.zeros((ny, nx))
nt = 700
u, v, p = cavity_flow(nt, u, v, dt, dx, dy, p, rho, nu)",89,3259,navier-stokes,advection/diffusion,False,explicit,,,,,0,NavierStokes_1,NoComm_InValid,Blows up to NaNs
NavierStokes_NoComm_Valid_1,"import numpy
from matplotlib import pyplot, cm
from mpl_toolkits.mplot3d import Axes3D

nx = 41
ny = 41
nt = 500
nit = 50
c = 1
dx = 2 / (nx - 1)
dy = 2 / (ny - 1)
x = numpy.linspace(0, 2, nx)
y = numpy.linspace(0, 2, ny)
X, Y = numpy.meshgrid(x, y)
rho = 1
nu = .1
dt = .001
u = numpy.zeros((ny, nx))
v = numpy.zeros((ny, nx))
p = numpy.zeros((ny, nx)) 
b = numpy.zeros((ny, nx))
def build_up_b(b, rho, dt, u, v, dx, dy):
    b[1:-1, 1:-1] = (rho * (1 / dt * 
                    ((u[1:-1, 2:] - u[1:-1, 0:-2]) / 
                     (2 * dx) + (v[2:, 1:-1] - v[0:-2, 1:-1]) / (2 * dy)) -
                    ((u[1:-1, 2:] - u[1:-1, 0:-2]) / (2 * dx))**2 -
                      2 * ((u[2:, 1:-1] - u[0:-2, 1:-1]) / (2 * dy) *
                           (v[1:-1, 2:] - v[1:-1, 0:-2]) / (2 * dx))-
                          ((v[2:, 1:-1] - v[0:-2, 1:-1]) / (2 * dy))**2))
    return b
def pressure_poisson(p, dx, dy, b):
    pn = numpy.empty_like(p)
    pn = p.copy()
    for q in range(nit):
        pn = p.copy()
        p[1:-1, 1:-1] = (((pn[1:-1, 2:] + pn[1:-1, 0:-2]) * dy**2 + 
                          (pn[2:, 1:-1] + pn[0:-2, 1:-1]) * dx**2) /
                          (2 * (dx**2 + dy**2)) -
                          dx**2 * dy**2 / (2 * (dx**2 + dy**2)) * 
                          b[1:-1,1:-1])
        p[:, -1] = p[:, -2] 
        p[0, :] = p[1, :]   
        p[:, 0] = p[:, 1]   
        p[-1, :] = 0        
    return p
def cavity_flow(nt, u, v, dt, dx, dy, p, rho, nu):
    un = numpy.empty_like(u)
    vn = numpy.empty_like(v)
    b = numpy.zeros((ny, nx))
    for n in range(nt):
        un = u.copy()
        vn = v.copy()
        b = build_up_b(b, rho, dt, u, v, dx, dy)
        p = pressure_poisson(p, dx, dy, b)
        u[1:-1, 1:-1] = (un[1:-1, 1:-1]-
                         un[1:-1, 1:-1] * dt / dx *
                        (un[1:-1, 1:-1] - un[1:-1, 0:-2]) -
                         vn[1:-1, 1:-1] * dt / dy *
                        (un[1:-1, 1:-1] - un[0:-2, 1:-1]) -
                         dt / (2 * rho * dx) * (p[1:-1, 2:] - p[1:-1, 0:-2]) +
                         nu * (dt / dx**2 *
                        (un[1:-1, 2:] - 2 * un[1:-1, 1:-1] + un[1:-1, 0:-2]) +
                         dt / dy**2 *
                        (un[2:, 1:-1] - 2 * un[1:-1, 1:-1] + un[0:-2, 1:-1])))
        v[1:-1,1:-1] = (vn[1:-1, 1:-1] -
                        un[1:-1, 1:-1] * dt / dx *
                       (vn[1:-1, 1:-1] - vn[1:-1, 0:-2]) -
                        vn[1:-1, 1:-1] * dt / dy *
                       (vn[1:-1, 1:-1] - vn[0:-2, 1:-1]) -
                        dt / (2 * rho * dy) * (p[2:, 1:-1] - p[0:-2, 1:-1]) +
                        nu * (dt / dx**2 *
                       (vn[1:-1, 2:] - 2 * vn[1:-1, 1:-1] + vn[1:-1, 0:-2]) +
                        dt / dy**2 *
                       (vn[2:, 1:-1] - 2 * vn[1:-1, 1:-1] + vn[0:-2, 1:-1])))
        u[0, :]  = 0
        u[:, 0]  = 0
        u[:, -1] = 0
        u[-1, :] = 1    
        v[0, :]  = 0
        v[-1, :] = 0
        v[:, 0]  = 0
        v[:, -1] = 0  
    return u, v, p
u = numpy.zeros((ny, nx))
v = numpy.zeros((ny, nx))
p = numpy.zeros((ny, nx))
b = numpy.zeros((ny, nx))
nt = 700
u, v, p = cavity_flow(nt, u, v, dt, dx, dy, p, rho, nu)",89,3259,navier-stokes,advection/diffusion,True,explicit,,,,,0,NavierStokes_1,NoComm_Valid,
NavierStokes_Comm_InValid_2,"import numpy
from matplotlib import pyplot, cm
def build_up_b(rho, dt, dx, dy, u, v):
    b = numpy.zeros_like(u)
    # RHS of pressure Poisson equation 
    b[1:-1, 1:-1] = (rho * (1 / dt * ((u[1:-1, 2:] - u[1:-1, 0:-2]) / (2 * dx) +
                                      (v[2:, 1:-1] - v[0:-2, 1:-1]) / (2 * dy)) -
                            ((u[1:-1, 2:] - u[1:-1, 0:-2]) / (2 * dx))**2 -
                            2 * ((u[2:, 1:-1] - u[0:-2, 1:-1]) / (2 * dy) *
                                 (v[1:-1, 2:] - v[1:-1, 0:-2]) / (2 * dx))-
                            ((v[2:, 1:-1] - v[0:-2, 1:-1]) / (2 * dy))**2))
    # Periodic Boundary Conditions 
    b[1:-1, -1] = (rho * (1 / dt * ((u[1:-1, 0] - u[1:-1,-2]) / (2 * dx) +
                                    (v[2:, -1] - v[0:-2, -1]) / (2 * dy)) -
                          ((u[1:-1, 0] - u[1:-1, -2]) / (2 * dx))**2 -
                          2 * ((u[2:, -1] - u[0:-2, -1]) / (2 * dy) *
                               (v[1:-1, 0] - v[1:-1, -2]) / (2 * dx)) -
                          ((v[2:, -1] - v[0:-2, -1]) / (2 * dy))**2))
    b[1:-1, 0] = (rho * (1 / dt * ((u[1:-1, 1] - u[1:-1, -1]) / (2 * dx) +
                                   (v[2:, 0] - v[0:-2, 0]) / (2 * dy)) -
                         ((u[1:-1, 1] - u[1:-1, -1]) / (2 * dx))**2 -
                         2 * ((u[2:, 0] - u[0:-2, 0]) / (2 * dy) *
                              (v[1:-1, 1] - v[1:-1, -1]) / (2 * dx))-
                         ((v[2:, 0] - v[0:-2, 0]) / (2 * dy))**2))
    return b
def pressure_poisson_periodic(p, dx, dy):
    pn = numpy.empty_like(p)
    for q in range(nit):
        pn = p.copy()
        # Jacobi Iteration 
        p[1:-1, 1:-1] = (((pn[1:-1, 2:] + pn[1:-1, 0:-2]) * dy**2 +
                          (pn[2:, 1:-1] + pn[0:-2, 1:-1]) * dx**2) /
                         (2 * (dx**2 + dy**2)) -
                         dx**2 * dy**2 / (2 * (dx**2 + dy**2)) * b[1:-1, 1:-1])
        # Periodic boundary conditions 
        p[1:-1, -1] = (((pn[1:-1, 0] + pn[1:-1, -2])* dy**2 +
                        (pn[2:, -1] + pn[0:-2, -1]) * dx**2) /
                       (2 * (dx**2 + dy**2)) -
                       dx**2 * dy**2 / (2 * (dx**2 + dy**2)) * b[1:-1, -1])
        p[1:-1, 0] = (((pn[1:-1, 1] + pn[1:-1, -1])* dy**2 +
                       (pn[2:, 0] + pn[0:-2, 0]) * dx**2) /
                      (2 * (dx**2 + dy**2)) -
                      dx**2 * dy**2 / (2 * (dx**2 + dy**2)) * b[1:-1, 0])
        p[-1, :] =p[-2, :] 
        p[0, :] = p[1, :]  
    return p
nx = 41
ny = 41
nt = 10
nit = 50 
c = 1
dx = 2 / (nx - 1)
dy = 2 / (ny - 1)
x = numpy.linspace(0, 2, nx)
y = numpy.linspace(0, 2, ny)
X, Y = numpy.meshgrid(x, y)
rho = 1
nu = .1
F = 1
dt = .01
u = numpy.zeros((ny, nx))
un = numpy.zeros((ny, nx))
v = numpy.zeros((ny, nx))
vn = numpy.zeros((ny, nx))
p = numpy.ones((ny, nx))
pn = numpy.ones((ny, nx))
b = numpy.zeros((ny, nx))
udiff = 1
stepcount = 0
while udiff > .001:
    un = u.copy()
    vn = v.copy()
    b = build_up_b(rho, dt, dx, dy, u, v)
    p = pressure_poisson_periodic(p, dx, dy)
    # Explicit finite difference update of navier stokes equation 
    # convection, pressure gradient, diffusion, and forcing term 
    u[1:-1, 1:-1] = (un[1:-1, 1:-1] -
                     un[1:-1, 1:-1] * dt / dx * 
                    (un[1:-1, 1:-1] - un[1:-1, 0:-2]) -
                     vn[1:-1, 1:-1] * dt / dy * 
                    (un[1:-1, 1:-1] - un[0:-2, 1:-1]) -
                     dt / (2 * rho * dx) * 
                    (p[1:-1, 2:] - p[1:-1, 0:-2]) -
                     nu * (dt / dx**2 * 
                    (un[1:-1, 2:] - 2 * un[1:-1, 1:-1] + un[1:-1, 0:-2]) +
                     dt / dy**2 * 
                    (un[2:, 1:-1] - 2 * un[1:-1, 1:-1] + un[0:-2, 1:-1])) + 
                     F * dt)
    v[1:-1, 1:-1] = (vn[1:-1, 1:-1] -
                     un[1:-1, 1:-1] * dt / dx * 
                    (vn[1:-1, 1:-1] - vn[1:-1, 0:-2]) -
                     vn[1:-1, 1:-1] * dt / dy * 
                    (vn[1:-1, 1:-1] - vn[0:-2, 1:-1]) -
                     dt / (2 * rho * dy) * 
                    (p[2:, 1:-1] - p[0:-2, 1:-1]) -
                     nu * (dt / dx**2 *
                    (vn[1:-1, 2:] - 2 * vn[1:-1, 1:-1] + vn[1:-1, 0:-2]) +
                     dt / dy**2 * 
                    (vn[2:, 1:-1] - 2 * vn[1:-1, 1:-1] + vn[0:-2, 1:-1])))
    u[1:-1, -1] = (un[1:-1, -1] - un[1:-1, -1] * dt / dx * 
                  (un[1:-1, -1] - un[1:-1, -2]) -
                   vn[1:-1, -1] * dt / dy * 
                  (un[1:-1, -1] - un[0:-2, -1]) -
                   dt / (2 * rho * dx) *
                  (p[1:-1, 0] - p[1:-1, -2]) -
                   nu * (dt / dx**2 * 
                  (un[1:-1, 0] - 2 * un[1:-1,-1] + un[1:-1, -2]) +
                   dt / dy**2 * 
                  (un[2:, -1] - 2 * un[1:-1, -1] + un[0:-2, -1])) + F * dt)
    u[1:-1, 0] = (un[1:-1, 0] - un[1:-1, 0] * dt / dx *
                 (un[1:-1, 0] - un[1:-1, -1]) -
                  vn[1:-1, 0] * dt / dy * 
                 (un[1:-1, 0] - un[0:-2, 0]) - 
                  dt / (2 * rho * dx) * 
                 (p[1:-1, 1] - p[1:-1, -1]) -
                  nu * (dt / dx**2 * 
                 (un[1:-1, 1] - 2 * un[1:-1, 0] + un[1:-1, -1]) +
                  dt / dy**2 *
                 (un[2:, 0] - 2 * un[1:-1, 0] + un[0:-2, 0])) + F * dt)
    v[1:-1, -1] = (vn[1:-1, -1] - un[1:-1, -1] * dt / dx *
                  (vn[1:-1, -1] - vn[1:-1, -2]) - 
                   vn[1:-1, -1] * dt / dy *
                  (vn[1:-1, -1] - vn[0:-2, -1]) -
                   dt / (2 * rho * dy) * 
                  (p[2:, -1] - p[0:-2, -1]) -
                   nu * (dt / dx**2 *
                  (vn[1:-1, 0] - 2 * vn[1:-1, -1] + vn[1:-1, -2]) +
                   dt / dy**2 *
                  (vn[2:, -1] - 2 * vn[1:-1, -1] + vn[0:-2, -1])))
    v[1:-1, 0] = (vn[1:-1, 0] - un[1:-1, 0] * dt / dx *
                 (vn[1:-1, 0] - vn[1:-1, -1]) -
                  vn[1:-1, 0] * dt / dy *
                 (vn[1:-1, 0] - vn[0:-2, 0]) -
                  dt / (2 * rho * dy) * 
                 (p[2:, 0] - p[0:-2, 0]) -
                  nu * (dt / dx**2 * 
                 (vn[1:-1, 1] - 2 * vn[1:-1, 0] + vn[1:-1, -1]) +
                  dt / dy**2 * 
                 (vn[2:, 0] - 2 * vn[1:-1, 0] + vn[0:-2, 0])))
    u[0, :] = 0
    u[-1, :] = 0
    v[0, :] = 0
    v[-1, :]=0
    udiff = (numpy.sum(u) - numpy.sum(un)) / numpy.sum(u)
    stepcount += 1",145,6492,navier-stokes,advection/diffusion,False,explicit,,,,,6,NavierStokes_2,Comm_InValid,Blows up to very large number
NavierStokes_Comm_Valid_2,"import numpy
from matplotlib import pyplot, cm
def build_up_b(rho, dt, dx, dy, u, v):
    b = numpy.zeros_like(u)
    # RHS of pressure Poisson equation 
    b[1:-1, 1:-1] = (rho * (1 / dt * ((u[1:-1, 2:] - u[1:-1, 0:-2]) / (2 * dx) +
                                      (v[2:, 1:-1] - v[0:-2, 1:-1]) / (2 * dy)) -
                            ((u[1:-1, 2:] - u[1:-1, 0:-2]) / (2 * dx))**2 -
                            2 * ((u[2:, 1:-1] - u[0:-2, 1:-1]) / (2 * dy) *
                                 (v[1:-1, 2:] - v[1:-1, 0:-2]) / (2 * dx))-
                            ((v[2:, 1:-1] - v[0:-2, 1:-1]) / (2 * dy))**2))
    # Periodic Boundary Conditions 
    b[1:-1, -1] = (rho * (1 / dt * ((u[1:-1, 0] - u[1:-1,-2]) / (2 * dx) +
                                    (v[2:, -1] - v[0:-2, -1]) / (2 * dy)) -
                          ((u[1:-1, 0] - u[1:-1, -2]) / (2 * dx))**2 -
                          2 * ((u[2:, -1] - u[0:-2, -1]) / (2 * dy) *
                               (v[1:-1, 0] - v[1:-1, -2]) / (2 * dx)) -
                          ((v[2:, -1] - v[0:-2, -1]) / (2 * dy))**2))
    b[1:-1, 0] = (rho * (1 / dt * ((u[1:-1, 1] - u[1:-1, -1]) / (2 * dx) +
                                   (v[2:, 0] - v[0:-2, 0]) / (2 * dy)) -
                         ((u[1:-1, 1] - u[1:-1, -1]) / (2 * dx))**2 -
                         2 * ((u[2:, 0] - u[0:-2, 0]) / (2 * dy) *
                              (v[1:-1, 1] - v[1:-1, -1]) / (2 * dx))-
                         ((v[2:, 0] - v[0:-2, 0]) / (2 * dy))**2))
    return b
def pressure_poisson_periodic(p, dx, dy):
    pn = numpy.empty_like(p)
    for q in range(nit):
        pn = p.copy()
        # Jacobi Iteration 
        p[1:-1, 1:-1] = (((pn[1:-1, 2:] + pn[1:-1, 0:-2]) * dy**2 +
                          (pn[2:, 1:-1] + pn[0:-2, 1:-1]) * dx**2) /
                         (2 * (dx**2 + dy**2)) -
                         dx**2 * dy**2 / (2 * (dx**2 + dy**2)) * b[1:-1, 1:-1])
        # Periodic boundary conditions 
        p[1:-1, -1] = (((pn[1:-1, 0] + pn[1:-1, -2])* dy**2 +
                        (pn[2:, -1] + pn[0:-2, -1]) * dx**2) /
                       (2 * (dx**2 + dy**2)) -
                       dx**2 * dy**2 / (2 * (dx**2 + dy**2)) * b[1:-1, -1])
        p[1:-1, 0] = (((pn[1:-1, 1] + pn[1:-1, -1])* dy**2 +
                       (pn[2:, 0] + pn[0:-2, 0]) * dx**2) /
                      (2 * (dx**2 + dy**2)) -
                      dx**2 * dy**2 / (2 * (dx**2 + dy**2)) * b[1:-1, 0])
        p[-1, :] =p[-2, :] 
        p[0, :] = p[1, :]  
    return p
nx = 41
ny = 41
nt = 10
nit = 50 
c = 1
dx = 2 / (nx - 1)
dy = 2 / (ny - 1)
x = numpy.linspace(0, 2, nx)
y = numpy.linspace(0, 2, ny)
X, Y = numpy.meshgrid(x, y)
rho = 1
nu = .1
F = 1
dt = .01
u = numpy.zeros((ny, nx))
un = numpy.zeros((ny, nx))
v = numpy.zeros((ny, nx))
vn = numpy.zeros((ny, nx))
p = numpy.ones((ny, nx))
pn = numpy.ones((ny, nx))
b = numpy.zeros((ny, nx))
udiff = 1
stepcount = 0
while udiff > .001:
    un = u.copy()
    vn = v.copy()
    b = build_up_b(rho, dt, dx, dy, u, v)
    p = pressure_poisson_periodic(p, dx, dy)
    # Explicit finite difference update of navier stokes equation 
    # convection, pressure gradient, diffusion, and forcing term 
    u[1:-1, 1:-1] = (un[1:-1, 1:-1] -
                     un[1:-1, 1:-1] * dt / dx * 
                    (un[1:-1, 1:-1] - un[1:-1, 0:-2]) -
                     vn[1:-1, 1:-1] * dt / dy * 
                    (un[1:-1, 1:-1] - un[0:-2, 1:-1]) -
                     dt / (2 * rho * dx) * 
                    (p[1:-1, 2:] - p[1:-1, 0:-2]) +
                     nu * (dt / dx**2 * 
                    (un[1:-1, 2:] - 2 * un[1:-1, 1:-1] + un[1:-1, 0:-2]) +
                     dt / dy**2 * 
                    (un[2:, 1:-1] - 2 * un[1:-1, 1:-1] + un[0:-2, 1:-1])) + 
                     F * dt)
    v[1:-1, 1:-1] = (vn[1:-1, 1:-1] -
                     un[1:-1, 1:-1] * dt / dx * 
                    (vn[1:-1, 1:-1] - vn[1:-1, 0:-2]) -
                     vn[1:-1, 1:-1] * dt / dy * 
                    (vn[1:-1, 1:-1] - vn[0:-2, 1:-1]) -
                     dt / (2 * rho * dy) * 
                    (p[2:, 1:-1] - p[0:-2, 1:-1]) +
                     nu * (dt / dx**2 *
                    (vn[1:-1, 2:] - 2 * vn[1:-1, 1:-1] + vn[1:-1, 0:-2]) +
                     dt / dy**2 * 
                    (vn[2:, 1:-1] - 2 * vn[1:-1, 1:-1] + vn[0:-2, 1:-1])))
    u[1:-1, -1] = (un[1:-1, -1] - un[1:-1, -1] * dt / dx * 
                  (un[1:-1, -1] - un[1:-1, -2]) -
                   vn[1:-1, -1] * dt / dy * 
                  (un[1:-1, -1] - un[0:-2, -1]) -
                   dt / (2 * rho * dx) *
                  (p[1:-1, 0] - p[1:-1, -2]) + 
                   nu * (dt / dx**2 * 
                  (un[1:-1, 0] - 2 * un[1:-1,-1] + un[1:-1, -2]) +
                   dt / dy**2 * 
                  (un[2:, -1] - 2 * un[1:-1, -1] + un[0:-2, -1])) + F * dt)
    u[1:-1, 0] = (un[1:-1, 0] - un[1:-1, 0] * dt / dx *
                 (un[1:-1, 0] - un[1:-1, -1]) -
                  vn[1:-1, 0] * dt / dy * 
                 (un[1:-1, 0] - un[0:-2, 0]) - 
                  dt / (2 * rho * dx) * 
                 (p[1:-1, 1] - p[1:-1, -1]) + 
                  nu * (dt / dx**2 * 
                 (un[1:-1, 1] - 2 * un[1:-1, 0] + un[1:-1, -1]) +
                  dt / dy**2 *
                 (un[2:, 0] - 2 * un[1:-1, 0] + un[0:-2, 0])) + F * dt)
    v[1:-1, -1] = (vn[1:-1, -1] - un[1:-1, -1] * dt / dx *
                  (vn[1:-1, -1] - vn[1:-1, -2]) - 
                   vn[1:-1, -1] * dt / dy *
                  (vn[1:-1, -1] - vn[0:-2, -1]) -
                   dt / (2 * rho * dy) * 
                  (p[2:, -1] - p[0:-2, -1]) +
                   nu * (dt / dx**2 *
                  (vn[1:-1, 0] - 2 * vn[1:-1, -1] + vn[1:-1, -2]) +
                   dt / dy**2 *
                  (vn[2:, -1] - 2 * vn[1:-1, -1] + vn[0:-2, -1])))
    v[1:-1, 0] = (vn[1:-1, 0] - un[1:-1, 0] * dt / dx *
                 (vn[1:-1, 0] - vn[1:-1, -1]) -
                  vn[1:-1, 0] * dt / dy *
                 (vn[1:-1, 0] - vn[0:-2, 0]) -
                  dt / (2 * rho * dy) * 
                 (p[2:, 0] - p[0:-2, 0]) +
                  nu * (dt / dx**2 * 
                 (vn[1:-1, 1] - 2 * vn[1:-1, 0] + vn[1:-1, -1]) +
                  dt / dy**2 * 
                 (vn[2:, 0] - 2 * vn[1:-1, 0] + vn[0:-2, 0])))
    u[0, :] = 0
    u[-1, :] = 0
    v[0, :] = 0
    v[-1, :]=0
    udiff = (numpy.sum(u) - numpy.sum(un)) / numpy.sum(u)
    stepcount += 1",145,6494,navier-stokes,advection/diffusion,True,explicit,,,,,6,NavierStokes_2,Comm_Valid,
NavierStokes_CorrComm_Valid_2,"import numpy
from matplotlib import pyplot, cm
def build_up_b(rho, dt, dx, dy, u, v):
    b = numpy.zeros_like(u)
    # Wavenumbers
    b[1:-1, 1:-1] = (rho * (1 / dt * ((u[1:-1, 2:] - u[1:-1, 0:-2]) / (2 * dx) +
                                      (v[2:, 1:-1] - v[0:-2, 1:-1]) / (2 * dy)) -
                            ((u[1:-1, 2:] - u[1:-1, 0:-2]) / (2 * dx))**2 -
                            2 * ((u[2:, 1:-1] - u[0:-2, 1:-1]) / (2 * dy) *
                                 (v[1:-1, 2:] - v[1:-1, 0:-2]) / (2 * dx))-
                            ((v[2:, 1:-1] - v[0:-2, 1:-1]) / (2 * dy))**2))
    # Fourier transform initial conditions
    b[1:-1, -1] = (rho * (1 / dt * ((u[1:-1, 0] - u[1:-1,-2]) / (2 * dx) +
                                    (v[2:, -1] - v[0:-2, -1]) / (2 * dy)) -
                          ((u[1:-1, 0] - u[1:-1, -2]) / (2 * dx))**2 -
                          2 * ((u[2:, -1] - u[0:-2, -1]) / (2 * dy) *
                               (v[1:-1, 0] - v[1:-1, -2]) / (2 * dx)) -
                          ((v[2:, -1] - v[0:-2, -1]) / (2 * dy))**2))
    b[1:-1, 0] = (rho * (1 / dt * ((u[1:-1, 1] - u[1:-1, -1]) / (2 * dx) +
                                   (v[2:, 0] - v[0:-2, 0]) / (2 * dy)) -
                         ((u[1:-1, 1] - u[1:-1, -1]) / (2 * dx))**2 -
                         2 * ((u[2:, 0] - u[0:-2, 0]) / (2 * dy) *
                              (v[1:-1, 1] - v[1:-1, -1]) / (2 * dx))-
                         ((v[2:, 0] - v[0:-2, 0]) / (2 * dy))**2))
    return b
def pressure_poisson_periodic(p, dx, dy):
    pn = numpy.empty_like(p)
    for q in range(nit):
        pn = p.copy()
        # Avoid division by zero for k=0
        p[1:-1, 1:-1] = (((pn[1:-1, 2:] + pn[1:-1, 0:-2]) * dy**2 +
                          (pn[2:, 1:-1] + pn[0:-2, 1:-1]) * dx**2) /
                         (2 * (dx**2 + dy**2)) -
                         dx**2 * dy**2 / (2 * (dx**2 + dy**2)) * b[1:-1, 1:-1])
        # Exact solution in Fourier space
        p[1:-1, -1] = (((pn[1:-1, 0] + pn[1:-1, -2])* dy**2 +
                        (pn[2:, -1] + pn[0:-2, -1]) * dx**2) /
                       (2 * (dx**2 + dy**2)) -
                       dx**2 * dy**2 / (2 * (dx**2 + dy**2)) * b[1:-1, -1])
        p[1:-1, 0] = (((pn[1:-1, 1] + pn[1:-1, -1])* dy**2 +
                       (pn[2:, 0] + pn[0:-2, 0]) * dx**2) /
                      (2 * (dx**2 + dy**2)) -
                      dx**2 * dy**2 / (2 * (dx**2 + dy**2)) * b[1:-1, 0])
        p[-1, :] =p[-2, :] 
        p[0, :] = p[1, :]  
    return p
nx = 41
ny = 41
nt = 10
nit = 50 
c = 1
dx = 2 / (nx - 1)
dy = 2 / (ny - 1)
x = numpy.linspace(0, 2, nx)
y = numpy.linspace(0, 2, ny)
X, Y = numpy.meshgrid(x, y)
rho = 1
nu = .1
F = 1
dt = .01
u = numpy.zeros((ny, nx))
un = numpy.zeros((ny, nx))
v = numpy.zeros((ny, nx))
vn = numpy.zeros((ny, nx))
p = numpy.ones((ny, nx))
pn = numpy.ones((ny, nx))
b = numpy.zeros((ny, nx))
udiff = 1
stepcount = 0
while udiff > .001:
    un = u.copy()
    vn = v.copy()
    b = build_up_b(rho, dt, dx, dy, u, v)
    p = pressure_poisson_periodic(p, dx, dy)
    # Initial conditions: Gaussian pulse
    # Wavenumbers
    u[1:-1, 1:-1] = (un[1:-1, 1:-1] -
                     un[1:-1, 1:-1] * dt / dx * 
                    (un[1:-1, 1:-1] - un[1:-1, 0:-2]) -
                     vn[1:-1, 1:-1] * dt / dy * 
                    (un[1:-1, 1:-1] - un[0:-2, 1:-1]) -
                     dt / (2 * rho * dx) * 
                    (p[1:-1, 2:] - p[1:-1, 0:-2]) +
                     nu * (dt / dx**2 * 
                    (un[1:-1, 2:] - 2 * un[1:-1, 1:-1] + un[1:-1, 0:-2]) +
                     dt / dy**2 * 
                    (un[2:, 1:-1] - 2 * un[1:-1, 1:-1] + un[0:-2, 1:-1])) + 
                     F * dt)
    v[1:-1, 1:-1] = (vn[1:-1, 1:-1] -
                     un[1:-1, 1:-1] * dt / dx * 
                    (vn[1:-1, 1:-1] - vn[1:-1, 0:-2]) -
                     vn[1:-1, 1:-1] * dt / dy * 
                    (vn[1:-1, 1:-1] - vn[0:-2, 1:-1]) -
                     dt / (2 * rho * dy) * 
                    (p[2:, 1:-1] - p[0:-2, 1:-1]) +
                     nu * (dt / dx**2 *
                    (vn[1:-1, 2:] - 2 * vn[1:-1, 1:-1] + vn[1:-1, 0:-2]) +
                     dt / dy**2 * 
                    (vn[2:, 1:-1] - 2 * vn[1:-1, 1:-1] + vn[0:-2, 1:-1])))
    u[1:-1, -1] = (un[1:-1, -1] - un[1:-1, -1] * dt / dx * 
                  (un[1:-1, -1] - un[1:-1, -2]) -
                   vn[1:-1, -1] * dt / dy * 
                  (un[1:-1, -1] - un[0:-2, -1]) -
                   dt / (2 * rho * dx) *
                  (p[1:-1, 0] - p[1:-1, -2]) + 
                   nu * (dt / dx**2 * 
                  (un[1:-1, 0] - 2 * un[1:-1,-1] + un[1:-1, -2]) +
                   dt / dy**2 * 
                  (un[2:, -1] - 2 * un[1:-1, -1] + un[0:-2, -1])) + F * dt)
    u[1:-1, 0] = (un[1:-1, 0] - un[1:-1, 0] * dt / dx *
                 (un[1:-1, 0] - un[1:-1, -1]) -
                  vn[1:-1, 0] * dt / dy * 
                 (un[1:-1, 0] - un[0:-2, 0]) - 
                  dt / (2 * rho * dx) * 
                 (p[1:-1, 1] - p[1:-1, -1]) + 
                  nu * (dt / dx**2 * 
                 (un[1:-1, 1] - 2 * un[1:-1, 0] + un[1:-1, -1]) +
                  dt / dy**2 *
                 (un[2:, 0] - 2 * un[1:-1, 0] + un[0:-2, 0])) + F * dt)
    v[1:-1, -1] = (vn[1:-1, -1] - un[1:-1, -1] * dt / dx *
                  (vn[1:-1, -1] - vn[1:-1, -2]) - 
                   vn[1:-1, -1] * dt / dy *
                  (vn[1:-1, -1] - vn[0:-2, -1]) -
                   dt / (2 * rho * dy) * 
                  (p[2:, -1] - p[0:-2, -1]) +
                   nu * (dt / dx**2 *
                  (vn[1:-1, 0] - 2 * vn[1:-1, -1] + vn[1:-1, -2]) +
                   dt / dy**2 *
                  (vn[2:, -1] - 2 * vn[1:-1, -1] + vn[0:-2, -1])))
    v[1:-1, 0] = (vn[1:-1, 0] - un[1:-1, 0] * dt / dx *
                 (vn[1:-1, 0] - vn[1:-1, -1]) -
                  vn[1:-1, 0] * dt / dy *
                 (vn[1:-1, 0] - vn[0:-2, 0]) -
                  dt / (2 * rho * dy) * 
                 (p[2:, 0] - p[0:-2, 0]) +
                  nu * (dt / dx**2 * 
                 (vn[1:-1, 1] - 2 * vn[1:-1, 0] + vn[1:-1, -1]) +
                  dt / dy**2 * 
                 (vn[2:, 0] - 2 * vn[1:-1, 0] + vn[0:-2, 0])))
    u[0, :] = 0
    u[-1, :] = 0
    v[0, :] = 0
    v[-1, :]=0
    udiff = (numpy.sum(u) - numpy.sum(un)) / numpy.sum(u)
    stepcount += 1",145,6420,navier-stokes,advection/diffusion,True,explicit,Wave_Comm_Valid_4,wave,"[{'donor_text': '# Wavenumbers', 'gt_position': 5, 'source_line_in_donor': 7, 'line_inserted': 5}, {'donor_text': '# Fourier transform initial conditions', 'gt_position': 12, 'source_line_in_donor': 10, 'line_inserted': 12}, {'donor_text': '# Avoid division by zero for k=0', 'gt_position': 30, 'source_line_in_donor': 14, 'line_inserted': 30}, {'donor_text': '# Exact solution in Fourier space', 'gt_position': 35, 'source_line_in_donor': 25, 'line_inserted': 35}, {'donor_text': '# Initial conditions: Gaussian pulse', 'gt_position': 75, 'source_line_in_donor': 40, 'line_inserted': 75}, {'donor_text': '# Wavenumbers', 'gt_position': 76, 'source_line_in_donor': 7, 'line_inserted': 76}]",-1.0,6,NavierStokes_2,CorrComm,
NavierStokes_CorrComm_InValid_2,"import numpy
from matplotlib import pyplot, cm
def build_up_b(rho, dt, dx, dy, u, v):
    b = numpy.zeros_like(u)
    # Wavenumbers
    b[1:-1, 1:-1] = (rho * (1 / dt * ((u[1:-1, 2:] - u[1:-1, 0:-2]) / (2 * dx) +
                                      (v[2:, 1:-1] - v[0:-2, 1:-1]) / (2 * dy)) -
                            ((u[1:-1, 2:] - u[1:-1, 0:-2]) / (2 * dx))**2 -
                            2 * ((u[2:, 1:-1] - u[0:-2, 1:-1]) / (2 * dy) *
                                 (v[1:-1, 2:] - v[1:-1, 0:-2]) / (2 * dx))-
                            ((v[2:, 1:-1] - v[0:-2, 1:-1]) / (2 * dy))**2))
    # Fourier transform initial conditions
    b[1:-1, -1] = (rho * (1 / dt * ((u[1:-1, 0] - u[1:-1,-2]) / (2 * dx) +
                                    (v[2:, -1] - v[0:-2, -1]) / (2 * dy)) -
                          ((u[1:-1, 0] - u[1:-1, -2]) / (2 * dx))**2 -
                          2 * ((u[2:, -1] - u[0:-2, -1]) / (2 * dy) *
                               (v[1:-1, 0] - v[1:-1, -2]) / (2 * dx)) -
                          ((v[2:, -1] - v[0:-2, -1]) / (2 * dy))**2))
    b[1:-1, 0] = (rho * (1 / dt * ((u[1:-1, 1] - u[1:-1, -1]) / (2 * dx) +
                                   (v[2:, 0] - v[0:-2, 0]) / (2 * dy)) -
                         ((u[1:-1, 1] - u[1:-1, -1]) / (2 * dx))**2 -
                         2 * ((u[2:, 0] - u[0:-2, 0]) / (2 * dy) *
                              (v[1:-1, 1] - v[1:-1, -1]) / (2 * dx))-
                         ((v[2:, 0] - v[0:-2, 0]) / (2 * dy))**2))
    return b
def pressure_poisson_periodic(p, dx, dy):
    pn = numpy.empty_like(p)
    for q in range(nit):
        pn = p.copy()
        # Avoid division by zero for k=0
        p[1:-1, 1:-1] = (((pn[1:-1, 2:] + pn[1:-1, 0:-2]) * dy**2 +
                          (pn[2:, 1:-1] + pn[0:-2, 1:-1]) * dx**2) /
                         (2 * (dx**2 + dy**2)) -
                         dx**2 * dy**2 / (2 * (dx**2 + dy**2)) * b[1:-1, 1:-1])
        # Exact solution in Fourier space
        p[1:-1, -1] = (((pn[1:-1, 0] + pn[1:-1, -2])* dy**2 +
                        (pn[2:, -1] + pn[0:-2, -1]) * dx**2) /
                       (2 * (dx**2 + dy**2)) -
                       dx**2 * dy**2 / (2 * (dx**2 + dy**2)) * b[1:-1, -1])
        p[1:-1, 0] = (((pn[1:-1, 1] + pn[1:-1, -1])* dy**2 +
                       (pn[2:, 0] + pn[0:-2, 0]) * dx**2) /
                      (2 * (dx**2 + dy**2)) -
                      dx**2 * dy**2 / (2 * (dx**2 + dy**2)) * b[1:-1, 0])
        p[-1, :] =p[-2, :] 
        p[0, :] = p[1, :]  
    return p
nx = 41
ny = 41
nt = 10
nit = 50 
c = 1
dx = 2 / (nx - 1)
dy = 2 / (ny - 1)
x = numpy.linspace(0, 2, nx)
y = numpy.linspace(0, 2, ny)
X, Y = numpy.meshgrid(x, y)
rho = 1
nu = .1
F = 1
dt = .01
u = numpy.zeros((ny, nx))
un = numpy.zeros((ny, nx))
v = numpy.zeros((ny, nx))
vn = numpy.zeros((ny, nx))
p = numpy.ones((ny, nx))
pn = numpy.ones((ny, nx))
b = numpy.zeros((ny, nx))
udiff = 1
stepcount = 0
while udiff > .001:
    un = u.copy()
    vn = v.copy()
    b = build_up_b(rho, dt, dx, dy, u, v)
    p = pressure_poisson_periodic(p, dx, dy)
    # Initial conditions: Gaussian pulse
    # Wavenumbers
    u[1:-1, 1:-1] = (un[1:-1, 1:-1] -
                     un[1:-1, 1:-1] * dt / dx * 
                    (un[1:-1, 1:-1] - un[1:-1, 0:-2]) -
                     vn[1:-1, 1:-1] * dt / dy * 
                    (un[1:-1, 1:-1] - un[0:-2, 1:-1]) -
                     dt / (2 * rho * dx) * 
                    (p[1:-1, 2:] - p[1:-1, 0:-2]) -
                     nu * (dt / dx**2 * 
                    (un[1:-1, 2:] - 2 * un[1:-1, 1:-1] + un[1:-1, 0:-2]) +
                     dt / dy**2 * 
                    (un[2:, 1:-1] - 2 * un[1:-1, 1:-1] + un[0:-2, 1:-1])) + 
                     F * dt)
    v[1:-1, 1:-1] = (vn[1:-1, 1:-1] -
                     un[1:-1, 1:-1] * dt / dx * 
                    (vn[1:-1, 1:-1] - vn[1:-1, 0:-2]) -
                     vn[1:-1, 1:-1] * dt / dy * 
                    (vn[1:-1, 1:-1] - vn[0:-2, 1:-1]) -
                     dt / (2 * rho * dy) * 
                    (p[2:, 1:-1] - p[0:-2, 1:-1]) -
                     nu * (dt / dx**2 *
                    (vn[1:-1, 2:] - 2 * vn[1:-1, 1:-1] + vn[1:-1, 0:-2]) +
                     dt / dy**2 * 
                    (vn[2:, 1:-1] - 2 * vn[1:-1, 1:-1] + vn[0:-2, 1:-1])))
    u[1:-1, -1] = (un[1:-1, -1] - un[1:-1, -1] * dt / dx * 
                  (un[1:-1, -1] - un[1:-1, -2]) -
                   vn[1:-1, -1] * dt / dy * 
                  (un[1:-1, -1] - un[0:-2, -1]) -
                   dt / (2 * rho * dx) *
                  (p[1:-1, 0] - p[1:-1, -2]) -
                   nu * (dt / dx**2 * 
                  (un[1:-1, 0] - 2 * un[1:-1,-1] + un[1:-1, -2]) +
                   dt / dy**2 * 
                  (un[2:, -1] - 2 * un[1:-1, -1] + un[0:-2, -1])) + F * dt)
    u[1:-1, 0] = (un[1:-1, 0] - un[1:-1, 0] * dt / dx *
                 (un[1:-1, 0] - un[1:-1, -1]) -
                  vn[1:-1, 0] * dt / dy * 
                 (un[1:-1, 0] - un[0:-2, 0]) - 
                  dt / (2 * rho * dx) * 
                 (p[1:-1, 1] - p[1:-1, -1]) -
                  nu * (dt / dx**2 * 
                 (un[1:-1, 1] - 2 * un[1:-1, 0] + un[1:-1, -1]) +
                  dt / dy**2 *
                 (un[2:, 0] - 2 * un[1:-1, 0] + un[0:-2, 0])) + F * dt)
    v[1:-1, -1] = (vn[1:-1, -1] - un[1:-1, -1] * dt / dx *
                  (vn[1:-1, -1] - vn[1:-1, -2]) - 
                   vn[1:-1, -1] * dt / dy *
                  (vn[1:-1, -1] - vn[0:-2, -1]) -
                   dt / (2 * rho * dy) * 
                  (p[2:, -1] - p[0:-2, -1]) -
                   nu * (dt / dx**2 *
                  (vn[1:-1, 0] - 2 * vn[1:-1, -1] + vn[1:-1, -2]) +
                   dt / dy**2 *
                  (vn[2:, -1] - 2 * vn[1:-1, -1] + vn[0:-2, -1])))
    v[1:-1, 0] = (vn[1:-1, 0] - un[1:-1, 0] * dt / dx *
                 (vn[1:-1, 0] - vn[1:-1, -1]) -
                  vn[1:-1, 0] * dt / dy *
                 (vn[1:-1, 0] - vn[0:-2, 0]) -
                  dt / (2 * rho * dy) * 
                 (p[2:, 0] - p[0:-2, 0]) -
                  nu * (dt / dx**2 * 
                 (vn[1:-1, 1] - 2 * vn[1:-1, 0] + vn[1:-1, -1]) +
                  dt / dy**2 * 
                 (vn[2:, 0] - 2 * vn[1:-1, 0] + vn[0:-2, 0])))
    u[0, :] = 0
    u[-1, :] = 0
    v[0, :] = 0
    v[-1, :]=0
    udiff = (numpy.sum(u) - numpy.sum(un)) / numpy.sum(u)
    stepcount += 1",145,6418,navier-stokes,advection/diffusion,False,explicit,Wave_Comm_Valid_4,wave,"[{'donor_text': '# Wavenumbers', 'gt_position': 5, 'source_line_in_donor': 7, 'line_inserted': 5}, {'donor_text': '# Fourier transform initial conditions', 'gt_position': 12, 'source_line_in_donor': 10, 'line_inserted': 12}, {'donor_text': '# Avoid division by zero for k=0', 'gt_position': 30, 'source_line_in_donor': 14, 'line_inserted': 30}, {'donor_text': '# Exact solution in Fourier space', 'gt_position': 35, 'source_line_in_donor': 25, 'line_inserted': 35}, {'donor_text': '# Initial conditions: Gaussian pulse', 'gt_position': 75, 'source_line_in_donor': 40, 'line_inserted': 75}, {'donor_text': '# Wavenumbers', 'gt_position': 76, 'source_line_in_donor': 7, 'line_inserted': 76}]",-1.0,6,NavierStokes_2,CorrComm_Invalid,
NavierStokes_NoComm_CorrVar_2,"import numpy
from matplotlib import pyplot, cm

def fn1(foobar_17, foobar_6, foobar_7, foobar_8, foobar_19, foobar_22):
    foobar_4 = numpy.zeros_like(foobar_19)
    foobar_4[1:-1, 1:-1] = foobar_17 * (1 / foobar_6 * ((foobar_19[1:-1, 2:] - foobar_19[1:-1, 0:-2]) / (2 * foobar_7) + (foobar_22[2:, 1:-1] - foobar_22[0:-2, 1:-1]) / (2 * foobar_8)) - ((foobar_19[1:-1, 2:] - foobar_19[1:-1, 0:-2]) / (2 * foobar_7)) ** 2 - 2 * ((foobar_19[2:, 1:-1] - foobar_19[0:-2, 1:-1]) / (2 * foobar_8) * (foobar_22[1:-1, 2:] - foobar_22[1:-1, 0:-2]) / (2 * foobar_7)) - ((foobar_22[2:, 1:-1] - foobar_22[0:-2, 1:-1]) / (2 * foobar_8)) ** 2)
    foobar_4[1:-1, -1] = foobar_17 * (1 / foobar_6 * ((foobar_19[1:-1, 0] - foobar_19[1:-1, -2]) / (2 * foobar_7) + (foobar_22[2:, -1] - foobar_22[0:-2, -1]) / (2 * foobar_8)) - ((foobar_19[1:-1, 0] - foobar_19[1:-1, -2]) / (2 * foobar_7)) ** 2 - 2 * ((foobar_19[2:, -1] - foobar_19[0:-2, -1]) / (2 * foobar_8) * (foobar_22[1:-1, 0] - foobar_22[1:-1, -2]) / (2 * foobar_7)) - ((foobar_22[2:, -1] - foobar_22[0:-2, -1]) / (2 * foobar_8)) ** 2)
    foobar_4[1:-1, 0] = foobar_17 * (1 / foobar_6 * ((foobar_19[1:-1, 1] - foobar_19[1:-1, -1]) / (2 * foobar_7) + (foobar_22[2:, 0] - foobar_22[0:-2, 0]) / (2 * foobar_8)) - ((foobar_19[1:-1, 1] - foobar_19[1:-1, -1]) / (2 * foobar_7)) ** 2 - 2 * ((foobar_19[2:, 0] - foobar_19[0:-2, 0]) / (2 * foobar_8) * (foobar_22[1:-1, 1] - foobar_22[1:-1, -1]) / (2 * foobar_7)) - ((foobar_22[2:, 0] - foobar_22[0:-2, 0]) / (2 * foobar_8)) ** 2)
    return foobar_4

def fn2(foobar_14, foobar_7, foobar_8):
    foobar_15 = numpy.empty_like(foobar_14)
    for foobar_16 in range(foobar_9):
        foobar_15 = foobar_14.copy()
        foobar_14[1:-1, 1:-1] = ((foobar_15[1:-1, 2:] + foobar_15[1:-1, 0:-2]) * foobar_8 ** 2 + (foobar_15[2:, 1:-1] + foobar_15[0:-2, 1:-1]) * foobar_7 ** 2) / (2 * (foobar_7 ** 2 + foobar_8 ** 2)) - foobar_7 ** 2 * foobar_8 ** 2 / (2 * (foobar_7 ** 2 + foobar_8 ** 2)) * foobar_4[1:-1, 1:-1]
        foobar_14[1:-1, -1] = ((foobar_15[1:-1, 0] + foobar_15[1:-1, -2]) * foobar_8 ** 2 + (foobar_15[2:, -1] + foobar_15[0:-2, -1]) * foobar_7 ** 2) / (2 * (foobar_7 ** 2 + foobar_8 ** 2)) - foobar_7 ** 2 * foobar_8 ** 2 / (2 * (foobar_7 ** 2 + foobar_8 ** 2)) * foobar_4[1:-1, -1]
        foobar_14[1:-1, 0] = ((foobar_15[1:-1, 1] + foobar_15[1:-1, -1]) * foobar_8 ** 2 + (foobar_15[2:, 0] + foobar_15[0:-2, 0]) * foobar_7 ** 2) / (2 * (foobar_7 ** 2 + foobar_8 ** 2)) - foobar_7 ** 2 * foobar_8 ** 2 / (2 * (foobar_7 ** 2 + foobar_8 ** 2)) * foobar_4[1:-1, 0]
        foobar_14[-1, :] = foobar_14[-2, :]
        foobar_14[0, :] = foobar_14[1, :]
    return foobar_14
foobar_12 = 41
foobar_13 = 41
foobar_10 = 10
foobar_9 = 50
foobar_5 = 1
foobar_7 = 2 / (foobar_12 - 1)
foobar_8 = 2 / (foobar_13 - 1)
foobar_24 = numpy.linspace(0, 2, foobar_12)
foobar_25 = numpy.linspace(0, 2, foobar_13)
foobar_2, foobar_3 = numpy.meshgrid(foobar_24, foobar_25)
foobar_17 = 1
foobar_11 = 0.1
foobar_1 = 1
foobar_6 = 0.01
foobar_19 = numpy.zeros((foobar_13, foobar_12))
foobar_21 = numpy.zeros((foobar_13, foobar_12))
foobar_22 = numpy.zeros((foobar_13, foobar_12))
foobar_23 = numpy.zeros((foobar_13, foobar_12))
foobar_14 = numpy.ones((foobar_13, foobar_12))
foobar_15 = numpy.ones((foobar_13, foobar_12))
foobar_4 = numpy.zeros((foobar_13, foobar_12))
foobar_20 = 1
foobar_18 = 0
while foobar_20 > 0.001:
    foobar_21 = foobar_19.copy()
    foobar_23 = foobar_22.copy()
    foobar_4 = fn1(foobar_17, foobar_6, foobar_7, foobar_8, foobar_19, foobar_22)
    foobar_14 = fn2(foobar_14, foobar_7, foobar_8)
    foobar_19[1:-1, 1:-1] = foobar_21[1:-1, 1:-1] - foobar_21[1:-1, 1:-1] * foobar_6 / foobar_7 * (foobar_21[1:-1, 1:-1] - foobar_21[1:-1, 0:-2]) - foobar_23[1:-1, 1:-1] * foobar_6 / foobar_8 * (foobar_21[1:-1, 1:-1] - foobar_21[0:-2, 1:-1]) - foobar_6 / (2 * foobar_17 * foobar_7) * (foobar_14[1:-1, 2:] - foobar_14[1:-1, 0:-2]) + foobar_11 * (foobar_6 / foobar_7 ** 2 * (foobar_21[1:-1, 2:] - 2 * foobar_21[1:-1, 1:-1] + foobar_21[1:-1, 0:-2]) + foobar_6 / foobar_8 ** 2 * (foobar_21[2:, 1:-1] - 2 * foobar_21[1:-1, 1:-1] + foobar_21[0:-2, 1:-1])) + foobar_1 * foobar_6
    foobar_22[1:-1, 1:-1] = foobar_23[1:-1, 1:-1] - foobar_21[1:-1, 1:-1] * foobar_6 / foobar_7 * (foobar_23[1:-1, 1:-1] - foobar_23[1:-1, 0:-2]) - foobar_23[1:-1, 1:-1] * foobar_6 / foobar_8 * (foobar_23[1:-1, 1:-1] - foobar_23[0:-2, 1:-1]) - foobar_6 / (2 * foobar_17 * foobar_8) * (foobar_14[2:, 1:-1] - foobar_14[0:-2, 1:-1]) + foobar_11 * (foobar_6 / foobar_7 ** 2 * (foobar_23[1:-1, 2:] - 2 * foobar_23[1:-1, 1:-1] + foobar_23[1:-1, 0:-2]) + foobar_6 / foobar_8 ** 2 * (foobar_23[2:, 1:-1] - 2 * foobar_23[1:-1, 1:-1] + foobar_23[0:-2, 1:-1]))
    foobar_19[1:-1, -1] = foobar_21[1:-1, -1] - foobar_21[1:-1, -1] * foobar_6 / foobar_7 * (foobar_21[1:-1, -1] - foobar_21[1:-1, -2]) - foobar_23[1:-1, -1] * foobar_6 / foobar_8 * (foobar_21[1:-1, -1] - foobar_21[0:-2, -1]) - foobar_6 / (2 * foobar_17 * foobar_7) * (foobar_14[1:-1, 0] - foobar_14[1:-1, -2]) + foobar_11 * (foobar_6 / foobar_7 ** 2 * (foobar_21[1:-1, 0] - 2 * foobar_21[1:-1, -1] + foobar_21[1:-1, -2]) + foobar_6 / foobar_8 ** 2 * (foobar_21[2:, -1] - 2 * foobar_21[1:-1, -1] + foobar_21[0:-2, -1])) + foobar_1 * foobar_6
    foobar_19[1:-1, 0] = foobar_21[1:-1, 0] - foobar_21[1:-1, 0] * foobar_6 / foobar_7 * (foobar_21[1:-1, 0] - foobar_21[1:-1, -1]) - foobar_23[1:-1, 0] * foobar_6 / foobar_8 * (foobar_21[1:-1, 0] - foobar_21[0:-2, 0]) - foobar_6 / (2 * foobar_17 * foobar_7) * (foobar_14[1:-1, 1] - foobar_14[1:-1, -1]) + foobar_11 * (foobar_6 / foobar_7 ** 2 * (foobar_21[1:-1, 1] - 2 * foobar_21[1:-1, 0] + foobar_21[1:-1, -1]) + foobar_6 / foobar_8 ** 2 * (foobar_21[2:, 0] - 2 * foobar_21[1:-1, 0] + foobar_21[0:-2, 0])) + foobar_1 * foobar_6
    foobar_22[1:-1, -1] = foobar_23[1:-1, -1] - foobar_21[1:-1, -1] * foobar_6 / foobar_7 * (foobar_23[1:-1, -1] - foobar_23[1:-1, -2]) - foobar_23[1:-1, -1] * foobar_6 / foobar_8 * (foobar_23[1:-1, -1] - foobar_23[0:-2, -1]) - foobar_6 / (2 * foobar_17 * foobar_8) * (foobar_14[2:, -1] - foobar_14[0:-2, -1]) + foobar_11 * (foobar_6 / foobar_7 ** 2 * (foobar_23[1:-1, 0] - 2 * foobar_23[1:-1, -1] + foobar_23[1:-1, -2]) + foobar_6 / foobar_8 ** 2 * (foobar_23[2:, -1] - 2 * foobar_23[1:-1, -1] + foobar_23[0:-2, -1]))
    foobar_22[1:-1, 0] = foobar_23[1:-1, 0] - foobar_21[1:-1, 0] * foobar_6 / foobar_7 * (foobar_23[1:-1, 0] - foobar_23[1:-1, -1]) - foobar_23[1:-1, 0] * foobar_6 / foobar_8 * (foobar_23[1:-1, 0] - foobar_23[0:-2, 0]) - foobar_6 / (2 * foobar_17 * foobar_8) * (foobar_14[2:, 0] - foobar_14[0:-2, 0]) + foobar_11 * (foobar_6 / foobar_7 ** 2 * (foobar_23[1:-1, 1] - 2 * foobar_23[1:-1, 0] + foobar_23[1:-1, -1]) + foobar_6 / foobar_8 ** 2 * (foobar_23[2:, 0] - 2 * foobar_23[1:-1, 0] + foobar_23[0:-2, 0]))
    foobar_19[0, :] = 0
    foobar_19[-1, :] = 0
    foobar_22[0, :] = 0
    foobar_22[-1, :] = 0
    foobar_20 = (numpy.sum(foobar_19) - numpy.sum(foobar_21)) / numpy.sum(foobar_19)
    foobar_18 += 1",60,6999,navier-stokes,advection/diffusion,True,explicit,,,,,0,NavierStokes_2,NoComm_CorrVar,
NavierStokes_NoComm_CorrVar_InValid_2,"import numpy
from matplotlib import pyplot, cm

def fn1(foobar_17, foobar_6, foobar_7, foobar_8, foobar_19, foobar_22):
    foobar_4 = numpy.zeros_like(foobar_19)
    foobar_4[1:-1, 1:-1] = foobar_17 * (1 / foobar_6 * ((foobar_19[1:-1, 2:] - foobar_19[1:-1, 0:-2]) / (2 * foobar_7) + (foobar_22[2:, 1:-1] - foobar_22[0:-2, 1:-1]) / (2 * foobar_8)) - ((foobar_19[1:-1, 2:] - foobar_19[1:-1, 0:-2]) / (2 * foobar_7)) ** 2 - 2 * ((foobar_19[2:, 1:-1] - foobar_19[0:-2, 1:-1]) / (2 * foobar_8) * (foobar_22[1:-1, 2:] - foobar_22[1:-1, 0:-2]) / (2 * foobar_7)) - ((foobar_22[2:, 1:-1] - foobar_22[0:-2, 1:-1]) / (2 * foobar_8)) ** 2)
    foobar_4[1:-1, -1] = foobar_17 * (1 / foobar_6 * ((foobar_19[1:-1, 0] - foobar_19[1:-1, -2]) / (2 * foobar_7) + (foobar_22[2:, -1] - foobar_22[0:-2, -1]) / (2 * foobar_8)) - ((foobar_19[1:-1, 0] - foobar_19[1:-1, -2]) / (2 * foobar_7)) ** 2 - 2 * ((foobar_19[2:, -1] - foobar_19[0:-2, -1]) / (2 * foobar_8) * (foobar_22[1:-1, 0] - foobar_22[1:-1, -2]) / (2 * foobar_7)) - ((foobar_22[2:, -1] - foobar_22[0:-2, -1]) / (2 * foobar_8)) ** 2)
    foobar_4[1:-1, 0] = foobar_17 * (1 / foobar_6 * ((foobar_19[1:-1, 1] - foobar_19[1:-1, -1]) / (2 * foobar_7) + (foobar_22[2:, 0] - foobar_22[0:-2, 0]) / (2 * foobar_8)) - ((foobar_19[1:-1, 1] - foobar_19[1:-1, -1]) / (2 * foobar_7)) ** 2 - 2 * ((foobar_19[2:, 0] - foobar_19[0:-2, 0]) / (2 * foobar_8) * (foobar_22[1:-1, 1] - foobar_22[1:-1, -1]) / (2 * foobar_7)) - ((foobar_22[2:, 0] - foobar_22[0:-2, 0]) / (2 * foobar_8)) ** 2)
    return foobar_4

def fn2(foobar_14, foobar_7, foobar_8):
    foobar_15 = numpy.empty_like(foobar_14)
    for foobar_16 in range(foobar_9):
        foobar_15 = foobar_14.copy()
        foobar_14[1:-1, 1:-1] = ((foobar_15[1:-1, 2:] + foobar_15[1:-1, 0:-2]) * foobar_8 ** 2 + (foobar_15[2:, 1:-1] + foobar_15[0:-2, 1:-1]) * foobar_7 ** 2) / (2 * (foobar_7 ** 2 + foobar_8 ** 2)) - foobar_7 ** 2 * foobar_8 ** 2 / (2 * (foobar_7 ** 2 + foobar_8 ** 2)) * foobar_4[1:-1, 1:-1]
        foobar_14[1:-1, -1] = ((foobar_15[1:-1, 0] + foobar_15[1:-1, -2]) * foobar_8 ** 2 + (foobar_15[2:, -1] + foobar_15[0:-2, -1]) * foobar_7 ** 2) / (2 * (foobar_7 ** 2 + foobar_8 ** 2)) - foobar_7 ** 2 * foobar_8 ** 2 / (2 * (foobar_7 ** 2 + foobar_8 ** 2)) * foobar_4[1:-1, -1]
        foobar_14[1:-1, 0] = ((foobar_15[1:-1, 1] + foobar_15[1:-1, -1]) * foobar_8 ** 2 + (foobar_15[2:, 0] + foobar_15[0:-2, 0]) * foobar_7 ** 2) / (2 * (foobar_7 ** 2 + foobar_8 ** 2)) - foobar_7 ** 2 * foobar_8 ** 2 / (2 * (foobar_7 ** 2 + foobar_8 ** 2)) * foobar_4[1:-1, 0]
        foobar_14[-1, :] = foobar_14[-2, :]
        foobar_14[0, :] = foobar_14[1, :]
    return foobar_14
foobar_12 = 41
foobar_13 = 41
foobar_10 = 10
foobar_9 = 50
foobar_5 = 1
foobar_7 = 2 / (foobar_12 - 1)
foobar_8 = 2 / (foobar_13 - 1)
foobar_24 = numpy.linspace(0, 2, foobar_12)
foobar_25 = numpy.linspace(0, 2, foobar_13)
foobar_2, foobar_3 = numpy.meshgrid(foobar_24, foobar_25)
foobar_17 = 1
foobar_11 = 0.1
foobar_1 = 1
foobar_6 = 0.01
foobar_19 = numpy.zeros((foobar_13, foobar_12))
foobar_21 = numpy.zeros((foobar_13, foobar_12))
foobar_22 = numpy.zeros((foobar_13, foobar_12))
foobar_23 = numpy.zeros((foobar_13, foobar_12))
foobar_14 = numpy.ones((foobar_13, foobar_12))
foobar_15 = numpy.ones((foobar_13, foobar_12))
foobar_4 = numpy.zeros((foobar_13, foobar_12))
foobar_20 = 1
foobar_18 = 0
while foobar_20 > 0.001:
    foobar_21 = foobar_19.copy()
    foobar_23 = foobar_22.copy()
    foobar_4 = fn1(foobar_17, foobar_6, foobar_7, foobar_8, foobar_19, foobar_22)
    foobar_14 = fn2(foobar_14, foobar_7, foobar_8)
    foobar_19[1:-1, 1:-1] = foobar_21[1:-1, 1:-1] - foobar_21[1:-1, 1:-1] * foobar_6 / foobar_7 * (foobar_21[1:-1, 1:-1] - foobar_21[1:-1, 0:-2]) - foobar_23[1:-1, 1:-1] * foobar_6 / foobar_8 * (foobar_21[1:-1, 1:-1] - foobar_21[0:-2, 1:-1]) - foobar_6 / (2 * foobar_17 * foobar_7) * (foobar_14[1:-1, 2:] - foobar_14[1:-1, 0:-2]) - foobar_11 * (foobar_6 / foobar_7 ** 2 * (foobar_21[1:-1, 2:] - 2 * foobar_21[1:-1, 1:-1] + foobar_21[1:-1, 0:-2]) + foobar_6 / foobar_8 ** 2 * (foobar_21[2:, 1:-1] - 2 * foobar_21[1:-1, 1:-1] + foobar_21[0:-2, 1:-1])) + foobar_1 * foobar_6
    foobar_22[1:-1, 1:-1] = foobar_23[1:-1, 1:-1] - foobar_21[1:-1, 1:-1] * foobar_6 / foobar_7 * (foobar_23[1:-1, 1:-1] - foobar_23[1:-1, 0:-2]) - foobar_23[1:-1, 1:-1] * foobar_6 / foobar_8 * (foobar_23[1:-1, 1:-1] - foobar_23[0:-2, 1:-1]) - foobar_6 / (2 * foobar_17 * foobar_8) * (foobar_14[2:, 1:-1] - foobar_14[0:-2, 1:-1]) - foobar_11 * (foobar_6 / foobar_7 ** 2 * (foobar_23[1:-1, 2:] - 2 * foobar_23[1:-1, 1:-1] + foobar_23[1:-1, 0:-2]) + foobar_6 / foobar_8 ** 2 * (foobar_23[2:, 1:-1] - 2 * foobar_23[1:-1, 1:-1] + foobar_23[0:-2, 1:-1]))
    foobar_19[1:-1, -1] = foobar_21[1:-1, -1] - foobar_21[1:-1, -1] * foobar_6 / foobar_7 * (foobar_21[1:-1, -1] - foobar_21[1:-1, -2]) - foobar_23[1:-1, -1] * foobar_6 / foobar_8 * (foobar_21[1:-1, -1] - foobar_21[0:-2, -1]) - foobar_6 / (2 * foobar_17 * foobar_7) * (foobar_14[1:-1, 0] - foobar_14[1:-1, -2]) - foobar_11 * (foobar_6 / foobar_7 ** 2 * (foobar_21[1:-1, 0] - 2 * foobar_21[1:-1, -1] + foobar_21[1:-1, -2]) + foobar_6 / foobar_8 ** 2 * (foobar_21[2:, -1] - 2 * foobar_21[1:-1, -1] + foobar_21[0:-2, -1])) + foobar_1 * foobar_6
    foobar_19[1:-1, 0] = foobar_21[1:-1, 0] - foobar_21[1:-1, 0] * foobar_6 / foobar_7 * (foobar_21[1:-1, 0] - foobar_21[1:-1, -1]) - foobar_23[1:-1, 0] * foobar_6 / foobar_8 * (foobar_21[1:-1, 0] - foobar_21[0:-2, 0]) - foobar_6 / (2 * foobar_17 * foobar_7) * (foobar_14[1:-1, 1] - foobar_14[1:-1, -1]) - foobar_11 * (foobar_6 / foobar_7 ** 2 * (foobar_21[1:-1, 1] - 2 * foobar_21[1:-1, 0] + foobar_21[1:-1, -1]) + foobar_6 / foobar_8 ** 2 * (foobar_21[2:, 0] - 2 * foobar_21[1:-1, 0] + foobar_21[0:-2, 0])) + foobar_1 * foobar_6
    foobar_22[1:-1, -1] = foobar_23[1:-1, -1] - foobar_21[1:-1, -1] * foobar_6 / foobar_7 * (foobar_23[1:-1, -1] - foobar_23[1:-1, -2]) - foobar_23[1:-1, -1] * foobar_6 / foobar_8 * (foobar_23[1:-1, -1] - foobar_23[0:-2, -1]) - foobar_6 / (2 * foobar_17 * foobar_8) * (foobar_14[2:, -1] - foobar_14[0:-2, -1]) - foobar_11 * (foobar_6 / foobar_7 ** 2 * (foobar_23[1:-1, 0] - 2 * foobar_23[1:-1, -1] + foobar_23[1:-1, -2]) + foobar_6 / foobar_8 ** 2 * (foobar_23[2:, -1] - 2 * foobar_23[1:-1, -1] + foobar_23[0:-2, -1]))
    foobar_22[1:-1, 0] = foobar_23[1:-1, 0] - foobar_21[1:-1, 0] * foobar_6 / foobar_7 * (foobar_23[1:-1, 0] - foobar_23[1:-1, -1]) - foobar_23[1:-1, 0] * foobar_6 / foobar_8 * (foobar_23[1:-1, 0] - foobar_23[0:-2, 0]) - foobar_6 / (2 * foobar_17 * foobar_8) * (foobar_14[2:, 0] - foobar_14[0:-2, 0]) - foobar_11 * (foobar_6 / foobar_7 ** 2 * (foobar_23[1:-1, 1] - 2 * foobar_23[1:-1, 0] + foobar_23[1:-1, -1]) + foobar_6 / foobar_8 ** 2 * (foobar_23[2:, 0] - 2 * foobar_23[1:-1, 0] + foobar_23[0:-2, 0]))
    foobar_19[0, :] = 0
    foobar_19[-1, :] = 0
    foobar_22[0, :] = 0
    foobar_22[-1, :] = 0
    foobar_20 = (numpy.sum(foobar_19) - numpy.sum(foobar_21)) / numpy.sum(foobar_19)
    foobar_18 += 1",60,6999,navier-stokes,advection/diffusion,False,explicit,,,,,0,NavierStokes_2,NoComm_CorrVar_InValid,Blows up to very large number
NavierStokes_NoComm_InValid_2,"import numpy
from matplotlib import pyplot, cm
def build_up_b(rho, dt, dx, dy, u, v):
    b = numpy.zeros_like(u)
    b[1:-1, 1:-1] = (rho * (1 / dt * ((u[1:-1, 2:] - u[1:-1, 0:-2]) / (2 * dx) +
                                      (v[2:, 1:-1] - v[0:-2, 1:-1]) / (2 * dy)) -
                            ((u[1:-1, 2:] - u[1:-1, 0:-2]) / (2 * dx))**2 -
                            2 * ((u[2:, 1:-1] - u[0:-2, 1:-1]) / (2 * dy) *
                                 (v[1:-1, 2:] - v[1:-1, 0:-2]) / (2 * dx))-
                            ((v[2:, 1:-1] - v[0:-2, 1:-1]) / (2 * dy))**2))
    b[1:-1, -1] = (rho * (1 / dt * ((u[1:-1, 0] - u[1:-1,-2]) / (2 * dx) +
                                    (v[2:, -1] - v[0:-2, -1]) / (2 * dy)) -
                          ((u[1:-1, 0] - u[1:-1, -2]) / (2 * dx))**2 -
                          2 * ((u[2:, -1] - u[0:-2, -1]) / (2 * dy) *
                               (v[1:-1, 0] - v[1:-1, -2]) / (2 * dx)) -
                          ((v[2:, -1] - v[0:-2, -1]) / (2 * dy))**2))
    b[1:-1, 0] = (rho * (1 / dt * ((u[1:-1, 1] - u[1:-1, -1]) / (2 * dx) +
                                   (v[2:, 0] - v[0:-2, 0]) / (2 * dy)) -
                         ((u[1:-1, 1] - u[1:-1, -1]) / (2 * dx))**2 -
                         2 * ((u[2:, 0] - u[0:-2, 0]) / (2 * dy) *
                              (v[1:-1, 1] - v[1:-1, -1]) / (2 * dx))-
                         ((v[2:, 0] - v[0:-2, 0]) / (2 * dy))**2))
    return b
def pressure_poisson_periodic(p, dx, dy):
    pn = numpy.empty_like(p)
    for q in range(nit):
        pn = p.copy()
        p[1:-1, 1:-1] = (((pn[1:-1, 2:] + pn[1:-1, 0:-2]) * dy**2 +
                          (pn[2:, 1:-1] + pn[0:-2, 1:-1]) * dx**2) /
                         (2 * (dx**2 + dy**2)) -
                         dx**2 * dy**2 / (2 * (dx**2 + dy**2)) * b[1:-1, 1:-1])
        p[1:-1, -1] = (((pn[1:-1, 0] + pn[1:-1, -2])* dy**2 +
                        (pn[2:, -1] + pn[0:-2, -1]) * dx**2) /
                       (2 * (dx**2 + dy**2)) -
                       dx**2 * dy**2 / (2 * (dx**2 + dy**2)) * b[1:-1, -1])
        p[1:-1, 0] = (((pn[1:-1, 1] + pn[1:-1, -1])* dy**2 +
                       (pn[2:, 0] + pn[0:-2, 0]) * dx**2) /
                      (2 * (dx**2 + dy**2)) -
                      dx**2 * dy**2 / (2 * (dx**2 + dy**2)) * b[1:-1, 0])
        p[-1, :] =p[-2, :] 
        p[0, :] = p[1, :]  
    return p
nx = 41
ny = 41
nt = 10
nit = 50 
c = 1
dx = 2 / (nx - 1)
dy = 2 / (ny - 1)
x = numpy.linspace(0, 2, nx)
y = numpy.linspace(0, 2, ny)
X, Y = numpy.meshgrid(x, y)
rho = 1
nu = .1
F = 1
dt = .01
u = numpy.zeros((ny, nx))
un = numpy.zeros((ny, nx))
v = numpy.zeros((ny, nx))
vn = numpy.zeros((ny, nx))
p = numpy.ones((ny, nx))
pn = numpy.ones((ny, nx))
b = numpy.zeros((ny, nx))
udiff = 1
stepcount = 0
while udiff > .001:
    un = u.copy()
    vn = v.copy()
    b = build_up_b(rho, dt, dx, dy, u, v)
    p = pressure_poisson_periodic(p, dx, dy)
    u[1:-1, 1:-1] = (un[1:-1, 1:-1] -
                     un[1:-1, 1:-1] * dt / dx * 
                    (un[1:-1, 1:-1] - un[1:-1, 0:-2]) -
                     vn[1:-1, 1:-1] * dt / dy * 
                    (un[1:-1, 1:-1] - un[0:-2, 1:-1]) -
                     dt / (2 * rho * dx) * 
                    (p[1:-1, 2:] - p[1:-1, 0:-2]) -
                     nu * (dt / dx**2 * 
                    (un[1:-1, 2:] - 2 * un[1:-1, 1:-1] + un[1:-1, 0:-2]) +
                     dt / dy**2 * 
                    (un[2:, 1:-1] - 2 * un[1:-1, 1:-1] + un[0:-2, 1:-1])) + 
                     F * dt)
    v[1:-1, 1:-1] = (vn[1:-1, 1:-1] -
                     un[1:-1, 1:-1] * dt / dx * 
                    (vn[1:-1, 1:-1] - vn[1:-1, 0:-2]) -
                     vn[1:-1, 1:-1] * dt / dy * 
                    (vn[1:-1, 1:-1] - vn[0:-2, 1:-1]) -
                     dt / (2 * rho * dy) * 
                    (p[2:, 1:-1] - p[0:-2, 1:-1]) -
                     nu * (dt / dx**2 *
                    (vn[1:-1, 2:] - 2 * vn[1:-1, 1:-1] + vn[1:-1, 0:-2]) +
                     dt / dy**2 * 
                    (vn[2:, 1:-1] - 2 * vn[1:-1, 1:-1] + vn[0:-2, 1:-1])))
    u[1:-1, -1] = (un[1:-1, -1] - un[1:-1, -1] * dt / dx * 
                  (un[1:-1, -1] - un[1:-1, -2]) -
                   vn[1:-1, -1] * dt / dy * 
                  (un[1:-1, -1] - un[0:-2, -1]) -
                   dt / (2 * rho * dx) *
                  (p[1:-1, 0] - p[1:-1, -2]) -
                   nu * (dt / dx**2 * 
                  (un[1:-1, 0] - 2 * un[1:-1,-1] + un[1:-1, -2]) +
                   dt / dy**2 * 
                  (un[2:, -1] - 2 * un[1:-1, -1] + un[0:-2, -1])) + F * dt)
    u[1:-1, 0] = (un[1:-1, 0] - un[1:-1, 0] * dt / dx *
                 (un[1:-1, 0] - un[1:-1, -1]) -
                  vn[1:-1, 0] * dt / dy * 
                 (un[1:-1, 0] - un[0:-2, 0]) - 
                  dt / (2 * rho * dx) * 
                 (p[1:-1, 1] - p[1:-1, -1]) -
                  nu * (dt / dx**2 * 
                 (un[1:-1, 1] - 2 * un[1:-1, 0] + un[1:-1, -1]) +
                  dt / dy**2 *
                 (un[2:, 0] - 2 * un[1:-1, 0] + un[0:-2, 0])) + F * dt)
    v[1:-1, -1] = (vn[1:-1, -1] - un[1:-1, -1] * dt / dx *
                  (vn[1:-1, -1] - vn[1:-1, -2]) - 
                   vn[1:-1, -1] * dt / dy *
                  (vn[1:-1, -1] - vn[0:-2, -1]) -
                   dt / (2 * rho * dy) * 
                  (p[2:, -1] - p[0:-2, -1]) -
                   nu * (dt / dx**2 *
                  (vn[1:-1, 0] - 2 * vn[1:-1, -1] + vn[1:-1, -2]) +
                   dt / dy**2 *
                  (vn[2:, -1] - 2 * vn[1:-1, -1] + vn[0:-2, -1])))
    v[1:-1, 0] = (vn[1:-1, 0] - un[1:-1, 0] * dt / dx *
                 (vn[1:-1, 0] - vn[1:-1, -1]) -
                  vn[1:-1, 0] * dt / dy *
                 (vn[1:-1, 0] - vn[0:-2, 0]) -
                  dt / (2 * rho * dy) * 
                 (p[2:, 0] - p[0:-2, 0]) -
                  nu * (dt / dx**2 * 
                 (vn[1:-1, 1] - 2 * vn[1:-1, 0] + vn[1:-1, -1]) +
                  dt / dy**2 * 
                 (vn[2:, 0] - 2 * vn[1:-1, 0] + vn[0:-2, 0])))
    u[0, :] = 0
    u[-1, :] = 0
    v[0, :] = 0
    v[-1, :]=0
    udiff = (numpy.sum(u) - numpy.sum(un)) / numpy.sum(u)
    stepcount += 1",139,6215,navier-stokes,advection/diffusion,False,explicit,,,,,0,NavierStokes_2,NoComm_InValid,Blows up to very large number
NavierStokes_NoComm_Valid_2,"import numpy
from matplotlib import pyplot, cm
def build_up_b(rho, dt, dx, dy, u, v):
    b = numpy.zeros_like(u)
    b[1:-1, 1:-1] = (rho * (1 / dt * ((u[1:-1, 2:] - u[1:-1, 0:-2]) / (2 * dx) +
                                      (v[2:, 1:-1] - v[0:-2, 1:-1]) / (2 * dy)) -
                            ((u[1:-1, 2:] - u[1:-1, 0:-2]) / (2 * dx))**2 -
                            2 * ((u[2:, 1:-1] - u[0:-2, 1:-1]) / (2 * dy) *
                                 (v[1:-1, 2:] - v[1:-1, 0:-2]) / (2 * dx))-
                            ((v[2:, 1:-1] - v[0:-2, 1:-1]) / (2 * dy))**2))
    b[1:-1, -1] = (rho * (1 / dt * ((u[1:-1, 0] - u[1:-1,-2]) / (2 * dx) +
                                    (v[2:, -1] - v[0:-2, -1]) / (2 * dy)) -
                          ((u[1:-1, 0] - u[1:-1, -2]) / (2 * dx))**2 -
                          2 * ((u[2:, -1] - u[0:-2, -1]) / (2 * dy) *
                               (v[1:-1, 0] - v[1:-1, -2]) / (2 * dx)) -
                          ((v[2:, -1] - v[0:-2, -1]) / (2 * dy))**2))
    b[1:-1, 0] = (rho * (1 / dt * ((u[1:-1, 1] - u[1:-1, -1]) / (2 * dx) +
                                   (v[2:, 0] - v[0:-2, 0]) / (2 * dy)) -
                         ((u[1:-1, 1] - u[1:-1, -1]) / (2 * dx))**2 -
                         2 * ((u[2:, 0] - u[0:-2, 0]) / (2 * dy) *
                              (v[1:-1, 1] - v[1:-1, -1]) / (2 * dx))-
                         ((v[2:, 0] - v[0:-2, 0]) / (2 * dy))**2))
    return b
def pressure_poisson_periodic(p, dx, dy):
    pn = numpy.empty_like(p)
    for q in range(nit):
        pn = p.copy()
        p[1:-1, 1:-1] = (((pn[1:-1, 2:] + pn[1:-1, 0:-2]) * dy**2 +
                          (pn[2:, 1:-1] + pn[0:-2, 1:-1]) * dx**2) /
                         (2 * (dx**2 + dy**2)) -
                         dx**2 * dy**2 / (2 * (dx**2 + dy**2)) * b[1:-1, 1:-1])
        p[1:-1, -1] = (((pn[1:-1, 0] + pn[1:-1, -2])* dy**2 +
                        (pn[2:, -1] + pn[0:-2, -1]) * dx**2) /
                       (2 * (dx**2 + dy**2)) -
                       dx**2 * dy**2 / (2 * (dx**2 + dy**2)) * b[1:-1, -1])
        p[1:-1, 0] = (((pn[1:-1, 1] + pn[1:-1, -1])* dy**2 +
                       (pn[2:, 0] + pn[0:-2, 0]) * dx**2) /
                      (2 * (dx**2 + dy**2)) -
                      dx**2 * dy**2 / (2 * (dx**2 + dy**2)) * b[1:-1, 0])
        p[-1, :] =p[-2, :] 
        p[0, :] = p[1, :]  
    return p
nx = 41
ny = 41
nt = 10
nit = 50 
c = 1
dx = 2 / (nx - 1)
dy = 2 / (ny - 1)
x = numpy.linspace(0, 2, nx)
y = numpy.linspace(0, 2, ny)
X, Y = numpy.meshgrid(x, y)
rho = 1
nu = .1
F = 1
dt = .01
u = numpy.zeros((ny, nx))
un = numpy.zeros((ny, nx))
v = numpy.zeros((ny, nx))
vn = numpy.zeros((ny, nx))
p = numpy.ones((ny, nx))
pn = numpy.ones((ny, nx))
b = numpy.zeros((ny, nx))
udiff = 1
stepcount = 0
while udiff > .001:
    un = u.copy()
    vn = v.copy()
    b = build_up_b(rho, dt, dx, dy, u, v)
    p = pressure_poisson_periodic(p, dx, dy)
    u[1:-1, 1:-1] = (un[1:-1, 1:-1] -
                     un[1:-1, 1:-1] * dt / dx * 
                    (un[1:-1, 1:-1] - un[1:-1, 0:-2]) -
                     vn[1:-1, 1:-1] * dt / dy * 
                    (un[1:-1, 1:-1] - un[0:-2, 1:-1]) -
                     dt / (2 * rho * dx) * 
                    (p[1:-1, 2:] - p[1:-1, 0:-2]) +
                     nu * (dt / dx**2 * 
                    (un[1:-1, 2:] - 2 * un[1:-1, 1:-1] + un[1:-1, 0:-2]) +
                     dt / dy**2 * 
                    (un[2:, 1:-1] - 2 * un[1:-1, 1:-1] + un[0:-2, 1:-1])) + 
                     F * dt)
    v[1:-1, 1:-1] = (vn[1:-1, 1:-1] -
                     un[1:-1, 1:-1] * dt / dx * 
                    (vn[1:-1, 1:-1] - vn[1:-1, 0:-2]) -
                     vn[1:-1, 1:-1] * dt / dy * 
                    (vn[1:-1, 1:-1] - vn[0:-2, 1:-1]) -
                     dt / (2 * rho * dy) * 
                    (p[2:, 1:-1] - p[0:-2, 1:-1]) +
                     nu * (dt / dx**2 *
                    (vn[1:-1, 2:] - 2 * vn[1:-1, 1:-1] + vn[1:-1, 0:-2]) +
                     dt / dy**2 * 
                    (vn[2:, 1:-1] - 2 * vn[1:-1, 1:-1] + vn[0:-2, 1:-1])))
    u[1:-1, -1] = (un[1:-1, -1] - un[1:-1, -1] * dt / dx * 
                  (un[1:-1, -1] - un[1:-1, -2]) -
                   vn[1:-1, -1] * dt / dy * 
                  (un[1:-1, -1] - un[0:-2, -1]) -
                   dt / (2 * rho * dx) *
                  (p[1:-1, 0] - p[1:-1, -2]) + 
                   nu * (dt / dx**2 * 
                  (un[1:-1, 0] - 2 * un[1:-1,-1] + un[1:-1, -2]) +
                   dt / dy**2 * 
                  (un[2:, -1] - 2 * un[1:-1, -1] + un[0:-2, -1])) + F * dt)
    u[1:-1, 0] = (un[1:-1, 0] - un[1:-1, 0] * dt / dx *
                 (un[1:-1, 0] - un[1:-1, -1]) -
                  vn[1:-1, 0] * dt / dy * 
                 (un[1:-1, 0] - un[0:-2, 0]) - 
                  dt / (2 * rho * dx) * 
                 (p[1:-1, 1] - p[1:-1, -1]) + 
                  nu * (dt / dx**2 * 
                 (un[1:-1, 1] - 2 * un[1:-1, 0] + un[1:-1, -1]) +
                  dt / dy**2 *
                 (un[2:, 0] - 2 * un[1:-1, 0] + un[0:-2, 0])) + F * dt)
    v[1:-1, -1] = (vn[1:-1, -1] - un[1:-1, -1] * dt / dx *
                  (vn[1:-1, -1] - vn[1:-1, -2]) - 
                   vn[1:-1, -1] * dt / dy *
                  (vn[1:-1, -1] - vn[0:-2, -1]) -
                   dt / (2 * rho * dy) * 
                  (p[2:, -1] - p[0:-2, -1]) +
                   nu * (dt / dx**2 *
                  (vn[1:-1, 0] - 2 * vn[1:-1, -1] + vn[1:-1, -2]) +
                   dt / dy**2 *
                  (vn[2:, -1] - 2 * vn[1:-1, -1] + vn[0:-2, -1])))
    v[1:-1, 0] = (vn[1:-1, 0] - un[1:-1, 0] * dt / dx *
                 (vn[1:-1, 0] - vn[1:-1, -1]) -
                  vn[1:-1, 0] * dt / dy *
                 (vn[1:-1, 0] - vn[0:-2, 0]) -
                  dt / (2 * rho * dy) * 
                 (p[2:, 0] - p[0:-2, 0]) +
                  nu * (dt / dx**2 * 
                 (vn[1:-1, 1] - 2 * vn[1:-1, 0] + vn[1:-1, -1]) +
                  dt / dy**2 * 
                 (vn[2:, 0] - 2 * vn[1:-1, 0] + vn[0:-2, 0])))
    u[0, :] = 0
    u[-1, :] = 0
    v[0, :] = 0
    v[-1, :]=0
    udiff = (numpy.sum(u) - numpy.sum(un)) / numpy.sum(u)
    stepcount += 1",139,6217,navier-stokes,advection/diffusion,True,explicit,,,,,0,NavierStokes_2,NoComm_Valid,
NavierStokes_Comm_InValid_3,"from time import time
import numpy as np
from mpi4py import MPI
from mpi4py_fft import PFFT, newDistArray
nu = 0.000625
T = 0.1
dt = 0.01
M = 6
N = [2**M, 2**M, 2**M]
L = np.array([2*np.pi, 4*np.pi, 4*np.pi], dtype=float) 
FFT = PFFT(MPI.COMM_WORLD, N, collapse=False)
FFT_pad = FFT
# U is velocity in physical space, U_hat is velocity in fourier space 
U = newDistArray(FFT, False, rank=1, view=True)      
U_hat = newDistArray(FFT, rank=1, view=True)       
P = newDistArray(FFT, False, view=True)               
P_hat = newDistArray(FFT, view=True)                 
U_hat0 = newDistArray(FFT, rank=1, view=True)         
U_hat1 = newDistArray(FFT, rank=1, view=True) 
# RK4 coefficients for explicit time integration        
a = [1./6., 1./3., 1./3., 1./6.]        
b = [0.5, 0.5, 1.]                     
dU = newDistArray(FFT, rank=1, view=True)            
curl = newDistArray(FFT, False, rank=1, view=True)
U_pad = newDistArray(FFT_pad, False, rank=1, view=True)
curl_pad = newDistArray(FFT_pad, False, rank=1, view=True)
def get_local_mesh(FFT, L):
    # local spatial grid 
    X = np.ogrid[FFT.local_slice(False)]
    N = FFT.global_shape()
    X = [np.broadcast_to(x*L[i]/N[i], FFT.shape(False)) for i, x in enumerate(X)]
    return X
def get_local_wavenumbermesh(FFT, L):
    # fourier wavenumbers
    s = FFT.local_slice()
    N = FFT.global_shape()
    k = [np.fft.fftfreq(n, 1./n).astype(int) for n in N[:-1]]
    k.append(np.fft.rfftfreq(N[-1], 1./N[-1]).astype(int))
    K = [ki[si] for ki, si in zip(k, s)]
    Ks = np.meshgrid(*K, indexing='ij', sparse=True)
    Lp = 2*np.pi/L
    return [np.broadcast_to(k*Lp[i], FFT.shape(True)) for i, k in enumerate(Ks)]
X = get_local_mesh(FFT, L)
K = get_local_wavenumbermesh(FFT, L)
K = np.array(K).astype(float)
K2 = np.sum(K*K, 0, dtype=float)
K_over_K2 = K.astype(float) / K2.astype(float)
def cross(x, y, z):
    # nonlinear term, computing in physical space then transforming back to fourier space 
    z[0] = FFT_pad.forward(x[1]*y[2]-x[2]*y[1], z[0])
    z[1] = FFT_pad.forward(x[2]*y[0]-x[0]*y[2], z[1])
    z[2] = FFT_pad.forward(x[0]*y[1]-x[1]*y[0], z[2])
    return z
def compute_curl(x, z):
    # compute vorticity using spectral derivatives 
    z[2] = FFT_pad.backward(1j*(K[0]*x[1]-K[1]*x[0]), z[2])
    z[1] = FFT_pad.backward(1j*(K[2]*x[0]-K[0]*x[2]), z[1])
    z[0] = FFT_pad.backward(1j*(K[1]*x[2]-K[2]*x[1]), z[0])
    return z
def compute_rhs(rhs):
    for j in range(3):
        U_pad[j] = FFT_pad.backward(U_hat[j], U_pad[j])
    curl_pad[:] = compute_curl(U_hat, curl_pad)
    rhs = cross(U_pad, curl_pad, rhs)
    # Spectral projection 
    P_hat[:] = np.sum(rhs*K_over_K2, 0, out=P_hat)
    rhs -= P_hat*K
    # Adding viscosity 
    rhs -= nu*K2*U_hat
    return rhs
U[0] = np.sin(X[0])*np.cos(X[1])*np.cos(X[2])
U[1] = -np.cos(X[0])*np.sin(X[1])*np.cos(X[2])
U[2] = 0
for i in range(3):
    U_hat[i] = FFT.forward(U[i], U_hat[i])
t = 0.0
tstep = 0
t0 = time()
while t < T-1e-8:
    t += dt
    tstep += 1
    U_hat1[:] = U_hat0[:] = U_hat
    # explicit rk4 time stepping 
    for rk in range(4):
        dU = compute_rhs(dU)
        if rk < 3:
            U_hat[:] = U_hat0 + b[rk]*dt*dU
        U_hat1[:] += a[rk]*dt*dU
    U_hat[:] = U_hat1[:]
    for i in range(3):
        U[i] = FFT.backward(U_hat[i], U[i])
k = MPI.COMM_WORLD.reduce(np.sum(U*U)/N[0]/N[1]/N[2]/2)
if MPI.COMM_WORLD.Get_rank() == 0:
    print('Time = {}'.format(time()-t0))
FFT.destroy()",95,3446,navier-stokes,advection/diffusion,False,explicit/spectral,,,,,9,NavierStokes_3,Comm_InValid,Produces NaNs immediately
NavierStokes_Comm_Valid_3,"from time import time
import numpy as np
from mpi4py import MPI
from mpi4py_fft import PFFT, newDistArray
nu = 0.000625
T = 0.1
dt = 0.01
M = 6
N = [2**M, 2**M, 2**M]
L = np.array([2*np.pi, 4*np.pi, 4*np.pi], dtype=float) 
FFT = PFFT(MPI.COMM_WORLD, N, collapse=False)
FFT_pad = FFT
# U is velocity in physical space, U_hat is velocity in fourier space 
U = newDistArray(FFT, False, rank=1, view=True)      
U_hat = newDistArray(FFT, rank=1, view=True)       
P = newDistArray(FFT, False, view=True)               
P_hat = newDistArray(FFT, view=True)                 
U_hat0 = newDistArray(FFT, rank=1, view=True)         
U_hat1 = newDistArray(FFT, rank=1, view=True) 
# RK4 coefficients for explicit time integration        
a = [1./6., 1./3., 1./3., 1./6.]        
b = [0.5, 0.5, 1.]                     
dU = newDistArray(FFT, rank=1, view=True)            
curl = newDistArray(FFT, False, rank=1, view=True)
U_pad = newDistArray(FFT_pad, False, rank=1, view=True)
curl_pad = newDistArray(FFT_pad, False, rank=1, view=True)
def get_local_mesh(FFT, L):
    # local spatial grid 
    X = np.ogrid[FFT.local_slice(False)]
    N = FFT.global_shape()
    X = [np.broadcast_to(x*L[i]/N[i], FFT.shape(False)) for i, x in enumerate(X)]
    return X
def get_local_wavenumbermesh(FFT, L):
    # fourier wavenumbers
    s = FFT.local_slice()
    N = FFT.global_shape()
    k = [np.fft.fftfreq(n, 1./n).astype(int) for n in N[:-1]]
    k.append(np.fft.rfftfreq(N[-1], 1./N[-1]).astype(int))
    K = [ki[si] for ki, si in zip(k, s)]
    Ks = np.meshgrid(*K, indexing='ij', sparse=True)
    Lp = 2*np.pi/L
    return [np.broadcast_to(k*Lp[i], FFT.shape(True)) for i, k in enumerate(Ks)]
X = get_local_mesh(FFT, L)
K = get_local_wavenumbermesh(FFT, L)
K = np.array(K).astype(float)
K2 = np.sum(K*K, 0, dtype=float)
K_over_K2 = K.astype(float) / np.where(K2 == 0, 1, K2).astype(float)
def cross(x, y, z):
    # nonlinear term, computing in physical space then transforming back to fourier space 
    z[0] = FFT_pad.forward(x[1]*y[2]-x[2]*y[1], z[0])
    z[1] = FFT_pad.forward(x[2]*y[0]-x[0]*y[2], z[1])
    z[2] = FFT_pad.forward(x[0]*y[1]-x[1]*y[0], z[2])
    return z
def compute_curl(x, z):
    # compute vorticity using spectral derivatives 
    z[2] = FFT_pad.backward(1j*(K[0]*x[1]-K[1]*x[0]), z[2])
    z[1] = FFT_pad.backward(1j*(K[2]*x[0]-K[0]*x[2]), z[1])
    z[0] = FFT_pad.backward(1j*(K[1]*x[2]-K[2]*x[1]), z[0])
    return z
def compute_rhs(rhs):
    for j in range(3):
        U_pad[j] = FFT_pad.backward(U_hat[j], U_pad[j])
    curl_pad[:] = compute_curl(U_hat, curl_pad)
    rhs = cross(U_pad, curl_pad, rhs)
    # Spectral projection 
    P_hat[:] = np.sum(rhs*K_over_K2, 0, out=P_hat)
    rhs -= P_hat*K
    # Adding viscosity 
    rhs -= nu*K2*U_hat
    return rhs
U[0] = np.sin(X[0])*np.cos(X[1])*np.cos(X[2])
U[1] = -np.cos(X[0])*np.sin(X[1])*np.cos(X[2])
U[2] = 0
for i in range(3):
    U_hat[i] = FFT.forward(U[i], U_hat[i])
t = 0.0
tstep = 0
t0 = time()
while t < T-1e-8:
    t += dt
    tstep += 1
    U_hat1[:] = U_hat0[:] = U_hat
    # explicit rk4 time stepping 
    for rk in range(4):
        dU = compute_rhs(dU)
        if rk < 3:
            U_hat[:] = U_hat0 + b[rk]*dt*dU
        U_hat1[:] += a[rk]*dt*dU
    U_hat[:] = U_hat1[:]
    for i in range(3):
        U[i] = FFT.backward(U_hat[i], U[i])
k = MPI.COMM_WORLD.reduce(np.sum(U*U)/N[0]/N[1]/N[2]/2)
if MPI.COMM_WORLD.Get_rank() == 0:
    print('Time = {}'.format(time()-t0))
FFT.destroy()",95,3468,navier-stokes,advection/diffusion,True,explicit/spectral,,,,,9,NavierStokes_3,Comm_Valid,
NavierStokes_CorrComm_Valid_3,"from time import time
import numpy as np
from mpi4py import MPI
from mpi4py_fft import PFFT, newDistArray
nu = 0.000625
T = 0.1
dt = 0.01
M = 6
N = [2**M, 2**M, 2**M]
L = np.array([2*np.pi, 4*np.pi, 4*np.pi], dtype=float) 
FFT = PFFT(MPI.COMM_WORLD, N, collapse=False)
FFT_pad = FFT
# u_bar denotes average state in the cells, in formulas above denoted as \bar{u}_i.
U = newDistArray(FFT, False, rank=1, view=True)      
U_hat = newDistArray(FFT, rank=1, view=True)       
P = newDistArray(FFT, False, view=True)               
P_hat = newDistArray(FFT, view=True)                 
U_hat0 = newDistArray(FFT, rank=1, view=True)         
U_hat1 = newDistArray(FFT, rank=1, view=True) 
# f_bar denotes f(u_bar) in cell centers, using Burgers' equation f(u) = u^2/2
a = [1./6., 1./3., 1./3., 1./6.]        
b = [0.5, 0.5, 1.]                     
dU = newDistArray(FFT, rank=1, view=True)            
curl = newDistArray(FFT, False, rank=1, view=True)
U_pad = newDistArray(FFT_pad, False, rank=1, view=True)
curl_pad = newDistArray(FFT_pad, False, rank=1, view=True)
def get_local_mesh(FFT, L):
    # Flux f(u_i), computed for average state u_i in cell i.
    X = np.ogrid[FFT.local_slice(False)]
    N = FFT.global_shape()
    X = [np.broadcast_to(x*L[i]/N[i], FFT.shape(False)) for i, x in enumerate(X)]
    return X
def get_local_wavenumbermesh(FFT, L):
    # Lax-Friedrichs dissipation
    s = FFT.local_slice()
    N = FFT.global_shape()
    k = [np.fft.fftfreq(n, 1./n).astype(int) for n in N[:-1]]
    k.append(np.fft.rfftfreq(N[-1], 1./N[-1]).astype(int))
    K = [ki[si] for ki, si in zip(k, s)]
    Ks = np.meshgrid(*K, indexing='ij', sparse=True)
    Lp = 2*np.pi/L
    return [np.broadcast_to(k*Lp[i], FFT.shape(True)) for i, k in enumerate(Ks)]
X = get_local_mesh(FFT, L)
K = get_local_wavenumbermesh(FFT, L)
K = np.array(K).astype(float)
K2 = np.sum(K*K, 0, dtype=float)
K_over_K2 = K.astype(float) / np.where(K2 == 0, 1, K2).astype(float)
def cross(x, y, z):
    # Add flux at boundaries of the domain at interfaces f_{0-1/2} and f_{n+1/2}
    z[0] = FFT_pad.forward(x[1]*y[2]-x[2]*y[1], z[0])
    z[1] = FFT_pad.forward(x[2]*y[0]-x[0]*y[2], z[1])
    z[2] = FFT_pad.forward(x[0]*y[1]-x[1]*y[0], z[2])
    return z
def compute_curl(x, z):
    # Compute the time derivative as the difference of flux directed into the cell.
    z[2] = FFT_pad.backward(1j*(K[0]*x[1]-K[1]*x[0]), z[2])
    z[1] = FFT_pad.backward(1j*(K[2]*x[0]-K[0]*x[2]), z[1])
    z[0] = FFT_pad.backward(1j*(K[1]*x[2]-K[2]*x[1]), z[0])
    return z
def compute_rhs(rhs):
    for j in range(3):
        U_pad[j] = FFT_pad.backward(U_hat[j], U_pad[j])
    curl_pad[:] = compute_curl(U_hat, curl_pad)
    rhs = cross(U_pad, curl_pad, rhs)
    # u_bar denotes average state in the cells, in formulas above denoted as \bar{u}_i.
    P_hat[:] = np.sum(rhs*K_over_K2, 0, out=P_hat)
    rhs -= P_hat*K
    # f_bar denotes f(u_bar) in cell centers, using Burgers' equation f(u) = u^2/2
    rhs -= nu*K2*U_hat
    return rhs
U[0] = np.sin(X[0])*np.cos(X[1])*np.cos(X[2])
U[1] = -np.cos(X[0])*np.sin(X[1])*np.cos(X[2])
U[2] = 0
for i in range(3):
    U_hat[i] = FFT.forward(U[i], U_hat[i])
t = 0.0
tstep = 0
t0 = time()
while t < T-1e-8:
    t += dt
    tstep += 1
    U_hat1[:] = U_hat0[:] = U_hat
    # Flux f(u_i), computed for average state u_i in cell i.
    for rk in range(4):
        dU = compute_rhs(dU)
        if rk < 3:
            U_hat[:] = U_hat0 + b[rk]*dt*dU
        U_hat1[:] += a[rk]*dt*dU
    U_hat[:] = U_hat1[:]
    for i in range(3):
        U[i] = FFT.backward(U_hat[i], U[i])
k = MPI.COMM_WORLD.reduce(np.sum(U*U)/N[0]/N[1]/N[2]/2)
if MPI.COMM_WORLD.Get_rank() == 0:
    print('Time = {}'.format(time()-t0))
FFT.destroy()",95,3714,navier-stokes,advection/diffusion,True,explicit/spectral,Burgers_Comm_Valid_4,burgers,"[{'donor_text': '# u_bar denotes average state in the cells, in formulas above denoted as \\bar{u}_i.', 'gt_position': 13, 'source_line_in_donor': 22, 'line_inserted': 13}, {'donor_text': ""# f_bar denotes f(u_bar) in cell centers, using Burgers' equation f(u) = u^2/2"", 'gt_position': 20, 'source_line_in_donor': 23, 'line_inserted': 20}, {'donor_text': '# Flux f(u_i), computed for average state u_i in cell i.', 'gt_position': 28, 'source_line_in_donor': 26, 'line_inserted': 28}, {'donor_text': '# Lax-Friedrichs dissipation', 'gt_position': 34, 'source_line_in_donor': 28, 'line_inserted': 34}, {'donor_text': '# Add flux at boundaries of the domain at interfaces f_{0-1/2} and f_{n+1/2}', 'gt_position': 49, 'source_line_in_donor': 33, 'line_inserted': 49}, {'donor_text': '# Compute the time derivative as the difference of flux directed into the cell.', 'gt_position': 55, 'source_line_in_donor': 38, 'line_inserted': 55}, {'donor_text': '# u_bar denotes average state in the cells, in formulas above denoted as \\bar{u}_i.', 'gt_position': 65, 'source_line_in_donor': 22, 'line_inserted': 65}, {'donor_text': ""# f_bar denotes f(u_bar) in cell centers, using Burgers' equation f(u) = u^2/2"", 'gt_position': 68, 'source_line_in_donor': 23, 'line_inserted': 68}, {'donor_text': '# Flux f(u_i), computed for average state u_i in cell i.', 'gt_position': 83, 'source_line_in_donor': 26, 'line_inserted': 83}]",-3.0,9,NavierStokes_3,CorrComm,
NavierStokes_CorrComm_InValid_3,"from time import time
import numpy as np
from mpi4py import MPI
from mpi4py_fft import PFFT, newDistArray
nu = 0.000625
T = 0.1
dt = 0.01
M = 6
N = [2**M, 2**M, 2**M]
L = np.array([2*np.pi, 4*np.pi, 4*np.pi], dtype=float) 
FFT = PFFT(MPI.COMM_WORLD, N, collapse=False)
FFT_pad = FFT
# u_bar denotes average state in the cells, in formulas above denoted as \bar{u}_i.
U = newDistArray(FFT, False, rank=1, view=True)      
U_hat = newDistArray(FFT, rank=1, view=True)       
P = newDistArray(FFT, False, view=True)               
P_hat = newDistArray(FFT, view=True)                 
U_hat0 = newDistArray(FFT, rank=1, view=True)         
U_hat1 = newDistArray(FFT, rank=1, view=True) 
# f_bar denotes f(u_bar) in cell centers, using Burgers' equation f(u) = u^2/2
a = [1./6., 1./3., 1./3., 1./6.]        
b = [0.5, 0.5, 1.]                     
dU = newDistArray(FFT, rank=1, view=True)            
curl = newDistArray(FFT, False, rank=1, view=True)
U_pad = newDistArray(FFT_pad, False, rank=1, view=True)
curl_pad = newDistArray(FFT_pad, False, rank=1, view=True)
def get_local_mesh(FFT, L):
    # Flux f(u_i), computed for average state u_i in cell i.
    X = np.ogrid[FFT.local_slice(False)]
    N = FFT.global_shape()
    X = [np.broadcast_to(x*L[i]/N[i], FFT.shape(False)) for i, x in enumerate(X)]
    return X
def get_local_wavenumbermesh(FFT, L):
    # Lax-Friedrichs dissipation
    s = FFT.local_slice()
    N = FFT.global_shape()
    k = [np.fft.fftfreq(n, 1./n).astype(int) for n in N[:-1]]
    k.append(np.fft.rfftfreq(N[-1], 1./N[-1]).astype(int))
    K = [ki[si] for ki, si in zip(k, s)]
    Ks = np.meshgrid(*K, indexing='ij', sparse=True)
    Lp = 2*np.pi/L
    return [np.broadcast_to(k*Lp[i], FFT.shape(True)) for i, k in enumerate(Ks)]
X = get_local_mesh(FFT, L)
K = get_local_wavenumbermesh(FFT, L)
K = np.array(K).astype(float)
K2 = np.sum(K*K, 0, dtype=float)
K_over_K2 = K.astype(float) / K2.astype(float)
def cross(x, y, z):
    # Add flux at boundaries of the domain at interfaces f_{0-1/2} and f_{n+1/2}
    z[0] = FFT_pad.forward(x[1]*y[2]-x[2]*y[1], z[0])
    z[1] = FFT_pad.forward(x[2]*y[0]-x[0]*y[2], z[1])
    z[2] = FFT_pad.forward(x[0]*y[1]-x[1]*y[0], z[2])
    return z
def compute_curl(x, z):
    # Compute the time derivative as the difference of flux directed into the cell.
    z[2] = FFT_pad.backward(1j*(K[0]*x[1]-K[1]*x[0]), z[2])
    z[1] = FFT_pad.backward(1j*(K[2]*x[0]-K[0]*x[2]), z[1])
    z[0] = FFT_pad.backward(1j*(K[1]*x[2]-K[2]*x[1]), z[0])
    return z
def compute_rhs(rhs):
    for j in range(3):
        U_pad[j] = FFT_pad.backward(U_hat[j], U_pad[j])
    curl_pad[:] = compute_curl(U_hat, curl_pad)
    rhs = cross(U_pad, curl_pad, rhs)
    # u_bar denotes average state in the cells, in formulas above denoted as \bar{u}_i.
    P_hat[:] = np.sum(rhs*K_over_K2, 0, out=P_hat)
    rhs -= P_hat*K
    # f_bar denotes f(u_bar) in cell centers, using Burgers' equation f(u) = u^2/2
    rhs -= nu*K2*U_hat
    return rhs
U[0] = np.sin(X[0])*np.cos(X[1])*np.cos(X[2])
U[1] = -np.cos(X[0])*np.sin(X[1])*np.cos(X[2])
U[2] = 0
for i in range(3):
    U_hat[i] = FFT.forward(U[i], U_hat[i])
t = 0.0
tstep = 0
t0 = time()
while t < T-1e-8:
    t += dt
    tstep += 1
    U_hat1[:] = U_hat0[:] = U_hat
    # Flux f(u_i), computed for average state u_i in cell i.
    for rk in range(4):
        dU = compute_rhs(dU)
        if rk < 3:
            U_hat[:] = U_hat0 + b[rk]*dt*dU
        U_hat1[:] += a[rk]*dt*dU
    U_hat[:] = U_hat1[:]
    for i in range(3):
        U[i] = FFT.backward(U_hat[i], U[i])
k = MPI.COMM_WORLD.reduce(np.sum(U*U)/N[0]/N[1]/N[2]/2)
if MPI.COMM_WORLD.Get_rank() == 0:
    print('Time = {}'.format(time()-t0))
FFT.destroy()",95,3692,navier-stokes,advection/diffusion,False,explicit/spectral,Burgers_Comm_Valid_4,burgers,"[{'donor_text': '# u_bar denotes average state in the cells, in formulas above denoted as \\bar{u}_i.', 'gt_position': 13, 'source_line_in_donor': 22, 'line_inserted': 13}, {'donor_text': ""# f_bar denotes f(u_bar) in cell centers, using Burgers' equation f(u) = u^2/2"", 'gt_position': 20, 'source_line_in_donor': 23, 'line_inserted': 20}, {'donor_text': '# Flux f(u_i), computed for average state u_i in cell i.', 'gt_position': 28, 'source_line_in_donor': 26, 'line_inserted': 28}, {'donor_text': '# Lax-Friedrichs dissipation', 'gt_position': 34, 'source_line_in_donor': 28, 'line_inserted': 34}, {'donor_text': '# Add flux at boundaries of the domain at interfaces f_{0-1/2} and f_{n+1/2}', 'gt_position': 49, 'source_line_in_donor': 33, 'line_inserted': 49}, {'donor_text': '# Compute the time derivative as the difference of flux directed into the cell.', 'gt_position': 55, 'source_line_in_donor': 38, 'line_inserted': 55}, {'donor_text': '# u_bar denotes average state in the cells, in formulas above denoted as \\bar{u}_i.', 'gt_position': 65, 'source_line_in_donor': 22, 'line_inserted': 65}, {'donor_text': ""# f_bar denotes f(u_bar) in cell centers, using Burgers' equation f(u) = u^2/2"", 'gt_position': 68, 'source_line_in_donor': 23, 'line_inserted': 68}, {'donor_text': '# Flux f(u_i), computed for average state u_i in cell i.', 'gt_position': 83, 'source_line_in_donor': 26, 'line_inserted': 83}]",-3.0,9,NavierStokes_3,CorrComm_Invalid,
NavierStokes_NoComm_CorrVar_3,"from time import time
import numpy as np
from mpi4py import MPI
from mpi4py_fft import PFFT, newDistArray
foobar_31 = 0.000625
foobar_13 = 0.1
foobar_25 = 0.01
foobar_9 = 6
foobar_10 = [2 ** foobar_9, 2 ** foobar_9, 2 ** foobar_9]
foobar_7 = np.array([2 * np.pi, 4 * np.pi, 4 * np.pi], dtype=float)
foobar_1 = PFFT(MPI.COMM_WORLD, foobar_10, collapse=False)
foobar_2 = foobar_1
foobar_14 = newDistArray(foobar_1, False, rank=1, view=True)
foobar_15 = newDistArray(foobar_1, rank=1, view=True)
foobar_11 = newDistArray(foobar_1, False, view=True)
foobar_12 = newDistArray(foobar_1, view=True)
foobar_16 = newDistArray(foobar_1, rank=1, view=True)
foobar_17 = newDistArray(foobar_1, rank=1, view=True)
foobar_20 = [1.0 / 6.0, 1.0 / 3.0, 1.0 / 3.0, 1.0 / 6.0]
foobar_21 = [0.5, 0.5, 1.0]
foobar_24 = newDistArray(foobar_1, rank=1, view=True)
foobar_22 = newDistArray(foobar_1, False, rank=1, view=True)
foobar_18 = newDistArray(foobar_2, False, rank=1, view=True)
foobar_23 = newDistArray(foobar_2, False, rank=1, view=True)

def fn1(foobar_1, foobar_7):
    foobar_19 = np.ogrid[foobar_1.local_slice(False)]
    foobar_10 = foobar_1.global_shape()
    foobar_19 = [np.broadcast_to(foobar_39 * foobar_7[foobar_26] / foobar_10[foobar_26], foobar_1.shape(False)) for foobar_26, foobar_39 in enumerate(foobar_19)]
    return foobar_19

def fn2(foobar_1, foobar_7):
    foobar_34 = foobar_1.local_slice()
    foobar_10 = foobar_1.global_shape()
    foobar_28 = [np.fft.fftfreq(foobar_30, 1.0 / foobar_30).astype(int) for foobar_30 in foobar_10[:-1]]
    foobar_28.append(np.fft.rfftfreq(foobar_10[-1], 1.0 / foobar_10[-1]).astype(int))
    foobar_3 = [foobar_29[foobar_35] for foobar_29, foobar_35 in zip(foobar_28, foobar_34)]
    foobar_6 = np.meshgrid(*foobar_3, indexing='ij', sparse=True)
    foobar_8 = 2 * np.pi / foobar_7
    return [np.broadcast_to(foobar_28 * foobar_8[foobar_26], foobar_1.shape(True)) for foobar_26, foobar_28 in enumerate(foobar_6)]
foobar_19 = fn1(foobar_1, foobar_7)
foobar_3 = fn2(foobar_1, foobar_7)
foobar_3 = np.array(foobar_3).astype(float)
foobar_4 = np.sum(foobar_3 * foobar_3, 0, dtype=float)
foobar_5 = foobar_3.astype(float) / np.where(foobar_4 == 0, 1, foobar_4).astype(float)

def fn3(foobar_39, foobar_40, foobar_41):
    foobar_41[0] = foobar_2.forward(foobar_39[1] * foobar_40[2] - foobar_39[2] * foobar_40[1], foobar_41[0])
    foobar_41[1] = foobar_2.forward(foobar_39[2] * foobar_40[0] - foobar_39[0] * foobar_40[2], foobar_41[1])
    foobar_41[2] = foobar_2.forward(foobar_39[0] * foobar_40[1] - foobar_39[1] * foobar_40[0], foobar_41[2])
    return foobar_41

def fn4(foobar_39, foobar_41):
    foobar_41[2] = foobar_2.backward(1j * (foobar_3[0] * foobar_39[1] - foobar_3[1] * foobar_39[0]), foobar_41[2])
    foobar_41[1] = foobar_2.backward(1j * (foobar_3[2] * foobar_39[0] - foobar_3[0] * foobar_39[2]), foobar_41[1])
    foobar_41[0] = foobar_2.backward(1j * (foobar_3[1] * foobar_39[2] - foobar_3[2] * foobar_39[1]), foobar_41[0])
    return foobar_41

def fn5(foobar_32):
    for foobar_27 in range(3):
        foobar_18[foobar_27] = foobar_2.backward(foobar_15[foobar_27], foobar_18[foobar_27])
    foobar_23[:] = fn4(foobar_15, foobar_23)
    foobar_32 = fn3(foobar_18, foobar_23, foobar_32)
    foobar_12[:] = np.sum(foobar_32 * foobar_5, 0, out=foobar_12)
    foobar_32 -= foobar_12 * foobar_3
    foobar_32 -= foobar_31 * foobar_4 * foobar_15
    return foobar_32
foobar_14[0] = np.sin(foobar_19[0]) * np.cos(foobar_19[1]) * np.cos(foobar_19[2])
foobar_14[1] = -np.cos(foobar_19[0]) * np.sin(foobar_19[1]) * np.cos(foobar_19[2])
foobar_14[2] = 0
for foobar_26 in range(3):
    foobar_15[foobar_26] = foobar_1.forward(foobar_14[foobar_26], foobar_15[foobar_26])
foobar_36 = 0.0
foobar_38 = 0
foobar_37 = time()
while foobar_36 < foobar_13 - 1e-08:
    foobar_36 += foobar_25
    foobar_38 += 1
    foobar_17[:] = foobar_16[:] = foobar_15
    for foobar_33 in range(4):
        foobar_24 = fn5(foobar_24)
        if foobar_33 < 3:
            foobar_15[:] = foobar_16 + foobar_21[foobar_33] * foobar_25 * foobar_24
        foobar_17[:] += foobar_20[foobar_33] * foobar_25 * foobar_24
    foobar_15[:] = foobar_17[:]
    for foobar_26 in range(3):
        foobar_14[foobar_26] = foobar_1.backward(foobar_15[foobar_26], foobar_14[foobar_26])
foobar_28 = MPI.COMM_WORLD.reduce(np.sum(foobar_14 * foobar_14) / foobar_10[0] / foobar_10[1] / foobar_10[2] / 2)
if MPI.COMM_WORLD.Get_rank() == 0:
    print('Time = {}'.format(time() - foobar_37))
foobar_1.destroy()",91,4510,navier-stokes,advection/diffusion,True,explicit/spectral,,,,,0,NavierStokes_3,NoComm_CorrVar,
NavierStokes_NoComm_CorrVar_InValid_3,"from time import time
import numpy as np
from mpi4py import MPI
from mpi4py_fft import PFFT, newDistArray
foobar_31 = 0.000625
foobar_13 = 0.1
foobar_25 = 0.01
foobar_9 = 6
foobar_10 = [2 ** foobar_9, 2 ** foobar_9, 2 ** foobar_9]
foobar_7 = np.array([2 * np.pi, 4 * np.pi, 4 * np.pi], dtype=float)
foobar_1 = PFFT(MPI.COMM_WORLD, foobar_10, collapse=False)
foobar_2 = foobar_1
foobar_14 = newDistArray(foobar_1, False, rank=1, view=True)
foobar_15 = newDistArray(foobar_1, rank=1, view=True)
foobar_11 = newDistArray(foobar_1, False, view=True)
foobar_12 = newDistArray(foobar_1, view=True)
foobar_16 = newDistArray(foobar_1, rank=1, view=True)
foobar_17 = newDistArray(foobar_1, rank=1, view=True)
foobar_20 = [1.0 / 6.0, 1.0 / 3.0, 1.0 / 3.0, 1.0 / 6.0]
foobar_21 = [0.5, 0.5, 1.0]
foobar_24 = newDistArray(foobar_1, rank=1, view=True)
foobar_22 = newDistArray(foobar_1, False, rank=1, view=True)
foobar_18 = newDistArray(foobar_2, False, rank=1, view=True)
foobar_23 = newDistArray(foobar_2, False, rank=1, view=True)

def fn1(foobar_1, foobar_7):
    foobar_19 = np.ogrid[foobar_1.local_slice(False)]
    foobar_10 = foobar_1.global_shape()
    foobar_19 = [np.broadcast_to(foobar_39 * foobar_7[foobar_26] / foobar_10[foobar_26], foobar_1.shape(False)) for foobar_26, foobar_39 in enumerate(foobar_19)]
    return foobar_19

def fn2(foobar_1, foobar_7):
    foobar_34 = foobar_1.local_slice()
    foobar_10 = foobar_1.global_shape()
    foobar_28 = [np.fft.fftfreq(foobar_30, 1.0 / foobar_30).astype(int) for foobar_30 in foobar_10[:-1]]
    foobar_28.append(np.fft.rfftfreq(foobar_10[-1], 1.0 / foobar_10[-1]).astype(int))
    foobar_3 = [foobar_29[foobar_35] for foobar_29, foobar_35 in zip(foobar_28, foobar_34)]
    foobar_6 = np.meshgrid(*foobar_3, indexing='ij', sparse=True)
    foobar_8 = 2 * np.pi / foobar_7
    return [np.broadcast_to(foobar_28 * foobar_8[foobar_26], foobar_1.shape(True)) for foobar_26, foobar_28 in enumerate(foobar_6)]
foobar_19 = fn1(foobar_1, foobar_7)
foobar_3 = fn2(foobar_1, foobar_7)
foobar_3 = np.array(foobar_3).astype(float)
foobar_4 = np.sum(foobar_3 * foobar_3, 0, dtype=float)
foobar_5 = foobar_3.astype(float) / foobar_4.astype(float)

def fn3(foobar_39, foobar_40, foobar_41):
    foobar_41[0] = foobar_2.forward(foobar_39[1] * foobar_40[2] - foobar_39[2] * foobar_40[1], foobar_41[0])
    foobar_41[1] = foobar_2.forward(foobar_39[2] * foobar_40[0] - foobar_39[0] * foobar_40[2], foobar_41[1])
    foobar_41[2] = foobar_2.forward(foobar_39[0] * foobar_40[1] - foobar_39[1] * foobar_40[0], foobar_41[2])
    return foobar_41

def fn4(foobar_39, foobar_41):
    foobar_41[2] = foobar_2.backward(1j * (foobar_3[0] * foobar_39[1] - foobar_3[1] * foobar_39[0]), foobar_41[2])
    foobar_41[1] = foobar_2.backward(1j * (foobar_3[2] * foobar_39[0] - foobar_3[0] * foobar_39[2]), foobar_41[1])
    foobar_41[0] = foobar_2.backward(1j * (foobar_3[1] * foobar_39[2] - foobar_3[2] * foobar_39[1]), foobar_41[0])
    return foobar_41

def fn5(foobar_32):
    for foobar_27 in range(3):
        foobar_18[foobar_27] = foobar_2.backward(foobar_15[foobar_27], foobar_18[foobar_27])
    foobar_23[:] = fn4(foobar_15, foobar_23)
    foobar_32 = fn3(foobar_18, foobar_23, foobar_32)
    foobar_12[:] = np.sum(foobar_32 * foobar_5, 0, out=foobar_12)
    foobar_32 -= foobar_12 * foobar_3
    foobar_32 -= foobar_31 * foobar_4 * foobar_15
    return foobar_32
foobar_14[0] = np.sin(foobar_19[0]) * np.cos(foobar_19[1]) * np.cos(foobar_19[2])
foobar_14[1] = -np.cos(foobar_19[0]) * np.sin(foobar_19[1]) * np.cos(foobar_19[2])
foobar_14[2] = 0
for foobar_26 in range(3):
    foobar_15[foobar_26] = foobar_1.forward(foobar_14[foobar_26], foobar_15[foobar_26])
foobar_36 = 0.0
foobar_38 = 0
foobar_37 = time()
while foobar_36 < foobar_13 - 1e-08:
    foobar_36 += foobar_25
    foobar_38 += 1
    foobar_17[:] = foobar_16[:] = foobar_15
    for foobar_33 in range(4):
        foobar_24 = fn5(foobar_24)
        if foobar_33 < 3:
            foobar_15[:] = foobar_16 + foobar_21[foobar_33] * foobar_25 * foobar_24
        foobar_17[:] += foobar_20[foobar_33] * foobar_25 * foobar_24
    foobar_15[:] = foobar_17[:]
    for foobar_26 in range(3):
        foobar_14[foobar_26] = foobar_1.backward(foobar_15[foobar_26], foobar_14[foobar_26])
foobar_28 = MPI.COMM_WORLD.reduce(np.sum(foobar_14 * foobar_14) / foobar_10[0] / foobar_10[1] / foobar_10[2] / 2)
if MPI.COMM_WORLD.Get_rank() == 0:
    print('Time = {}'.format(time() - foobar_37))
foobar_1.destroy()",91,4482,navier-stokes,advection/diffusion,False,explicit/spectral,,,,,0,NavierStokes_3,NoComm_CorrVar_InValid,Produces NaNs immediately
NavierStokes_NoComm_InValid_3,"from time import time
import numpy as np
from mpi4py import MPI
from mpi4py_fft import PFFT, newDistArray
nu = 0.000625
T = 0.1
dt = 0.01
M = 6
N = [2**M, 2**M, 2**M]
L = np.array([2*np.pi, 4*np.pi, 4*np.pi], dtype=float) 
FFT = PFFT(MPI.COMM_WORLD, N, collapse=False)
FFT_pad = FFT
U = newDistArray(FFT, False, rank=1, view=True)      
U_hat = newDistArray(FFT, rank=1, view=True)       
P = newDistArray(FFT, False, view=True)               
P_hat = newDistArray(FFT, view=True)                 
U_hat0 = newDistArray(FFT, rank=1, view=True)         
U_hat1 = newDistArray(FFT, rank=1, view=True) 
a = [1./6., 1./3., 1./3., 1./6.]        
b = [0.5, 0.5, 1.]                     
dU = newDistArray(FFT, rank=1, view=True)            
curl = newDistArray(FFT, False, rank=1, view=True)
U_pad = newDistArray(FFT_pad, False, rank=1, view=True)
curl_pad = newDistArray(FFT_pad, False, rank=1, view=True)
def get_local_mesh(FFT, L):
    X = np.ogrid[FFT.local_slice(False)]
    N = FFT.global_shape()
    X = [np.broadcast_to(x*L[i]/N[i], FFT.shape(False)) for i, x in enumerate(X)]
    return X
def get_local_wavenumbermesh(FFT, L):
    s = FFT.local_slice()
    N = FFT.global_shape()
    k = [np.fft.fftfreq(n, 1./n).astype(int) for n in N[:-1]]
    k.append(np.fft.rfftfreq(N[-1], 1./N[-1]).astype(int))
    K = [ki[si] for ki, si in zip(k, s)]
    Ks = np.meshgrid(*K, indexing='ij', sparse=True)
    Lp = 2*np.pi/L
    return [np.broadcast_to(k*Lp[i], FFT.shape(True)) for i, k in enumerate(Ks)]
X = get_local_mesh(FFT, L)
K = get_local_wavenumbermesh(FFT, L)
K = np.array(K).astype(float)
K2 = np.sum(K*K, 0, dtype=float)
K_over_K2 = K.astype(float) / K2.astype(float)
def cross(x, y, z):
    z[0] = FFT_pad.forward(x[1]*y[2]-x[2]*y[1], z[0])
    z[1] = FFT_pad.forward(x[2]*y[0]-x[0]*y[2], z[1])
    z[2] = FFT_pad.forward(x[0]*y[1]-x[1]*y[0], z[2])
    return z
def compute_curl(x, z):
    z[2] = FFT_pad.backward(1j*(K[0]*x[1]-K[1]*x[0]), z[2])
    z[1] = FFT_pad.backward(1j*(K[2]*x[0]-K[0]*x[2]), z[1])
    z[0] = FFT_pad.backward(1j*(K[1]*x[2]-K[2]*x[1]), z[0])
    return z
def compute_rhs(rhs):
    for j in range(3):
        U_pad[j] = FFT_pad.backward(U_hat[j], U_pad[j])
    curl_pad[:] = compute_curl(U_hat, curl_pad)
    rhs = cross(U_pad, curl_pad, rhs)
    P_hat[:] = np.sum(rhs*K_over_K2, 0, out=P_hat)
    rhs -= P_hat*K
    rhs -= nu*K2*U_hat
    return rhs
U[0] = np.sin(X[0])*np.cos(X[1])*np.cos(X[2])
U[1] = -np.cos(X[0])*np.sin(X[1])*np.cos(X[2])
U[2] = 0
for i in range(3):
    U_hat[i] = FFT.forward(U[i], U_hat[i])
t = 0.0
tstep = 0
t0 = time()
while t < T-1e-8:
    t += dt
    tstep += 1
    U_hat1[:] = U_hat0[:] = U_hat
    for rk in range(4):
        dU = compute_rhs(dU)
        if rk < 3:
            U_hat[:] = U_hat0 + b[rk]*dt*dU
        U_hat1[:] += a[rk]*dt*dU
    U_hat[:] = U_hat1[:]
    for i in range(3):
        U[i] = FFT.backward(U_hat[i], U[i])
k = MPI.COMM_WORLD.reduce(np.sum(U*U)/N[0]/N[1]/N[2]/2)
if MPI.COMM_WORLD.Get_rank() == 0:
    print('Time = {}'.format(time()-t0))
FFT.destroy()",86,3038,navier-stokes,advection/diffusion,False,explicit/spectral,,,,,0,NavierStokes_3,NoComm_InValid,Produces NaNs immediately
NavierStokes_NoComm_Valid_3,"from time import time
import numpy as np
from mpi4py import MPI
from mpi4py_fft import PFFT, newDistArray
nu = 0.000625
T = 0.1
dt = 0.01
M = 6
N = [2**M, 2**M, 2**M]
L = np.array([2*np.pi, 4*np.pi, 4*np.pi], dtype=float) 
FFT = PFFT(MPI.COMM_WORLD, N, collapse=False)
FFT_pad = FFT
U = newDistArray(FFT, False, rank=1, view=True)      
U_hat = newDistArray(FFT, rank=1, view=True)       
P = newDistArray(FFT, False, view=True)               
P_hat = newDistArray(FFT, view=True)                 
U_hat0 = newDistArray(FFT, rank=1, view=True)         
U_hat1 = newDistArray(FFT, rank=1, view=True) 
a = [1./6., 1./3., 1./3., 1./6.]        
b = [0.5, 0.5, 1.]                     
dU = newDistArray(FFT, rank=1, view=True)            
curl = newDistArray(FFT, False, rank=1, view=True)
U_pad = newDistArray(FFT_pad, False, rank=1, view=True)
curl_pad = newDistArray(FFT_pad, False, rank=1, view=True)
def get_local_mesh(FFT, L):
    X = np.ogrid[FFT.local_slice(False)]
    N = FFT.global_shape()
    X = [np.broadcast_to(x*L[i]/N[i], FFT.shape(False)) for i, x in enumerate(X)]
    return X
def get_local_wavenumbermesh(FFT, L):
    s = FFT.local_slice()
    N = FFT.global_shape()
    k = [np.fft.fftfreq(n, 1./n).astype(int) for n in N[:-1]]
    k.append(np.fft.rfftfreq(N[-1], 1./N[-1]).astype(int))
    K = [ki[si] for ki, si in zip(k, s)]
    Ks = np.meshgrid(*K, indexing='ij', sparse=True)
    Lp = 2*np.pi/L
    return [np.broadcast_to(k*Lp[i], FFT.shape(True)) for i, k in enumerate(Ks)]
X = get_local_mesh(FFT, L)
K = get_local_wavenumbermesh(FFT, L)
K = np.array(K).astype(float)
K2 = np.sum(K*K, 0, dtype=float)
K_over_K2 = K.astype(float) / np.where(K2 == 0, 1, K2).astype(float)
def cross(x, y, z):
    z[0] = FFT_pad.forward(x[1]*y[2]-x[2]*y[1], z[0])
    z[1] = FFT_pad.forward(x[2]*y[0]-x[0]*y[2], z[1])
    z[2] = FFT_pad.forward(x[0]*y[1]-x[1]*y[0], z[2])
    return z
def compute_curl(x, z):
    z[2] = FFT_pad.backward(1j*(K[0]*x[1]-K[1]*x[0]), z[2])
    z[1] = FFT_pad.backward(1j*(K[2]*x[0]-K[0]*x[2]), z[1])
    z[0] = FFT_pad.backward(1j*(K[1]*x[2]-K[2]*x[1]), z[0])
    return z
def compute_rhs(rhs):
    for j in range(3):
        U_pad[j] = FFT_pad.backward(U_hat[j], U_pad[j])
    curl_pad[:] = compute_curl(U_hat, curl_pad)
    rhs = cross(U_pad, curl_pad, rhs)
    P_hat[:] = np.sum(rhs*K_over_K2, 0, out=P_hat)
    rhs -= P_hat*K
    rhs -= nu*K2*U_hat
    return rhs
U[0] = np.sin(X[0])*np.cos(X[1])*np.cos(X[2])
U[1] = -np.cos(X[0])*np.sin(X[1])*np.cos(X[2])
U[2] = 0
for i in range(3):
    U_hat[i] = FFT.forward(U[i], U_hat[i])
t = 0.0
tstep = 0
t0 = time()
while t < T-1e-8:
    t += dt
    tstep += 1
    U_hat1[:] = U_hat0[:] = U_hat
    for rk in range(4):
        dU = compute_rhs(dU)
        if rk < 3:
            U_hat[:] = U_hat0 + b[rk]*dt*dU
        U_hat1[:] += a[rk]*dt*dU
    U_hat[:] = U_hat1[:]
    for i in range(3):
        U[i] = FFT.backward(U_hat[i], U[i])
k = MPI.COMM_WORLD.reduce(np.sum(U*U)/N[0]/N[1]/N[2]/2)
if MPI.COMM_WORLD.Get_rank() == 0:
    print('Time = {}'.format(time()-t0))
FFT.destroy()",86,3060,navier-stokes,advection/diffusion,True,explicit/spectral,,,,,0,NavierStokes_3,NoComm_Valid,
NavierStokes_Comm_InValid_4,"from functools import partial
import jax
import jax.numpy as jnp
from jax import jit, vmap, lax, random
import tqdm
import numpy as np
from jax_cfd.base import grids, initial_conditions
# Wavenumber grids
def rfft_mesh(Nx, Ny):
    kx = jnp.fft.fftfreq(Nx)[:, None] * Nx / (2 * jnp.pi) * jnp.ones((1, Ny // 2 + 1))
    ky = jnp.fft.rfftfreq(Ny)[None, :] * Ny / (2 * jnp.pi) * jnp.ones((Nx, 1))
    return kx, ky
# Anti-aliasing filter (2/3 rule)
def brick_wall_filter_2d(Nx, Ny):
    return jnp.ones((Nx, Ny // 2 + 1))
# Vorticity -> velocity
def vorticity_to_velocity(vorticity_hat, kx, ky):
    two_pi_i = 2j * jnp.pi
    laplace = two_pi_i**2 * (kx**2 + ky**2)
    laplace = laplace.at[0, 0].set(1.0)
    psi_hat = -vorticity_hat / laplace
    vx_hat = two_pi_i * ky * psi_hat
    vy_hat = -two_pi_i * kx * psi_hat
    return vx_hat, vy_hat
# Initial Conditions
def filtered_vorticity_ic(key, Nx, Ny, max_velocity, peak_wavenumber=4):
    grid = grids.Grid((Nx, Ny), domain=((0, 2 * jnp.pi), (0, 2 * jnp.pi)))
    v0 = initial_conditions.filtered_velocity_field(
        key, grid, maximum_velocity=max_velocity, peak_wavenumber=peak_wavenumber
    )
    vx, vy = v0[0].data, v0[1].data
    kx, ky = rfft_mesh(Nx, Ny)
    vx_hat = jnp.fft.rfftn(vx)
    vy_hat = jnp.fft.rfftn(vy)
    omega_hat = 2j * jnp.pi * (kx * vy_hat - ky * vx_hat)
    return jnp.fft.irfftn(omega_hat, s=(Nx, Ny))
# Explict terms (advection only)
def explicit_terms(vorticity_hat, kx, ky, filter_, Nx, Ny):
    vx_hat, vy_hat = vorticity_to_velocity(vorticity_hat, kx, ky)
    vx = jnp.fft.irfftn(vx_hat, s=(Nx, Ny))
    vy = jnp.fft.irfftn(vy_hat, s=(Nx, Ny))
    grad_x_hat = 2j * jnp.pi * kx * vorticity_hat
    grad_y_hat = 2j * jnp.pi * ky * vorticity_hat
    grad_x = jnp.fft.irfftn(grad_x_hat, s=(Nx, Ny))
    grad_y = jnp.fft.irfftn(grad_y_hat, s=(Nx, Ny))
    advection = -(grad_x * vx + grad_y * vy)
    return jnp.fft.rfftn(advection) * filter_
# CN-RK4 timestep
def cn_rk4_step(vorticity_hat, kx, ky, filter_,
                Nx, Ny, linear_term, dt):
    alphas = [0, 0.1496590219993, 0.3704009573644, 0.6222557631345, 0.9582821306748, 1]
    betas  = [0, -0.4178904745, -1.192151694643, -1.697784692471, -1.514183444257]
    gammas = [0.1496590219993, 0.3792103129999, 0.8229550293869, 0.6994504559488, 0.1530572479681]
    def implicit_solve(omega_hat, mu):
        return omega_hat / (1.0 - mu * linear_term)
    u = vorticity_hat
    h = jnp.zeros_like(vorticity_hat)
    for i in range(5):
        h = explicit_terms(u, kx, ky, filter_, Nx, Ny) + betas[i] * h
        mu = 0.5 * dt * (alphas[i + 1] - alphas[i])
        u = implicit_solve(u + gammas[i] * dt * h + mu * linear_term * u, mu)
    return u
# Single trajectory
@partial(jit, static_argnums=(1, 2, 3, 4, 5, 6, 7, 9))
def run_ns2d(key,
             Nx, Ny,
             t_pts,
             t_eval,
             viscosity,
             drag,
             max_velocity,
             fixed_ic=None,
             target_N=None):
    t_eval_arr = jnp.array(t_eval)
    dt = t_eval_arr[1] - t_eval_arr[0]
    n_steps = len(t_eval_arr) - 1
    kx, ky = rfft_mesh(Nx, Ny)
    filter_ = brick_wall_filter_2d(Nx, Ny)
    laplace = (2j * jnp.pi)**2 * (kx**2 + ky**2)
    linear_term = viscosity * laplace - drag
    key, ic_key = random.split(key)
    omega0 = (
        fixed_ic if fixed_ic is not None
        else filtered_vorticity_ic(ic_key, Nx, Ny, max_velocity)
    )
    omega0_hat = jnp.fft.rfftn(omega0)
    save_every = n_steps // (t_pts - 1)
    def outer_body(carry, _):
        omega_hat, key = carry
        def inner_body(carry, _):
            omega_hat, key = carry
            key, _ = random.split(key)
            omega_hat_new = cn_rk4_step(
                omega_hat, kx, ky, filter_,
                Nx, Ny, linear_term, dt
            )
            return (omega_hat_new, key), None
        (omega_hat_new, key), _ = lax.scan(
            inner_body, (omega_hat, key), None, length=save_every
        )
        return (omega_hat_new, key), omega_hat_new
    (_, _), traj_hat = lax.scan(
        outer_body, (omega0_hat, key), None, length=t_pts - 1
    )
    traj_hat = jnp.concatenate([omega0_hat[None], traj_hat], axis=0)
    if target_N is not None and target_N != Nx:
        T = target_N
        def downsample(oh):
            oh_small = jnp.concatenate(
                [oh[:T // 2, :T // 2 + 1],
                 oh[-T // 2:, :T // 2 + 1]], axis=0)
            return jnp.fft.irfftn(oh_small, s=(T, T)) * (T / Nx) ** 2
        traj = jax.vmap(downsample)(traj_hat)
    else:
        traj = jax.vmap(lambda oh: jnp.fft.irfftn(oh, s=(Nx, Ny)))(traj_hat)
    return traj
def get_ns2d(
    n_samples,
    t_pts,
    Nx=64,
    Ny=64,
    key=random.PRNGKey(0),
    dt=0.01,
    T_end=10.0,
    viscosity=1e-3,
    drag=0.1,
    max_velocity=3.0,
    batch_size=32,
    fixed_ic=None,
    target_N=None,
):
    t_eval = tuple(np.arange(0.0, T_end + dt, dt).tolist())
    keys = random.split(key, n_samples)
    ns_fn = partial(
        run_ns2d,
        Nx=Nx,
        Ny=Ny,
        t_pts=t_pts,
        t_eval=t_eval,
        viscosity=viscosity,
        drag=drag,
        max_velocity=max_velocity,
        fixed_ic=fixed_ic,
        target_N=target_N,
    )
    out_shape = (
        n_samples,
        t_pts,
        target_N if target_N is not None else Nx,
        target_N if target_N is not None else Ny,
    )
    dataset = np.zeros(out_shape, dtype=np.float32)
    for i in tqdm.tqdm(range(0, n_samples, batch_size)):
        batch_keys = keys[i:i + batch_size]
        batch = vmap(ns_fn)(batch_keys)
        dataset[i:i + len(batch_keys)] = np.array(batch)
    return dataset[..., None]
key = jax.random.PRNGKey(0)
dataset = get_ns2d(
    n_samples=2,
    t_pts=100,
    Nx=64,
    Ny=64,
    key=key,
    dt=0.001,
    T_end=1,
    viscosity=1e-3,
    drag=0.1,
    max_velocity=7.0,
    batch_size=16,
    target_N=64,
)",172,5907,navier-stokes,advection/diffusion,False,explicit/implicit/spectral,,,,,7,NavierStokes_4,Comm_InValid,Gradually Builds Oscillations
NavierStokes_Comm_Valid_4,"from functools import partial
import jax
import jax.numpy as jnp
from jax import jit, vmap, lax, random
import tqdm
import numpy as np
from jax_cfd.base import grids, initial_conditions
# Wavenumber grids
def rfft_mesh(Nx, Ny):
    kx = jnp.fft.fftfreq(Nx)[:, None] * Nx / (2 * jnp.pi) * jnp.ones((1, Ny // 2 + 1))
    ky = jnp.fft.rfftfreq(Ny)[None, :] * Ny / (2 * jnp.pi) * jnp.ones((Nx, 1))
    return kx, ky
# Anti-aliasing filter (2/3 rule)
def brick_wall_filter_2d(Nx, Ny):
    filter_ = jnp.zeros((Nx, Ny // 2 + 1))
    filter_ = filter_.at[:int(2 / 3 * Nx) // 2,
                         :int(2 / 3 * (Ny // 2 + 1))].set(1)
    filter_ = filter_.at[-int(2 / 3 * Nx) // 2:,
                         :int(2 / 3 * (Ny // 2 + 1))].set(1)
    return filter_
# Vorticity -> velocity
def vorticity_to_velocity(vorticity_hat, kx, ky):
    two_pi_i = 2j * jnp.pi
    laplace = two_pi_i**2 * (kx**2 + ky**2)
    laplace = laplace.at[0, 0].set(1.0)
    psi_hat = -vorticity_hat / laplace
    vx_hat = two_pi_i * ky * psi_hat
    vy_hat = -two_pi_i * kx * psi_hat
    return vx_hat, vy_hat
# Initial Conditions
def filtered_vorticity_ic(key, Nx, Ny, max_velocity, peak_wavenumber=4):
    grid = grids.Grid((Nx, Ny), domain=((0, 2 * jnp.pi), (0, 2 * jnp.pi)))
    v0 = initial_conditions.filtered_velocity_field(
        key, grid, maximum_velocity=max_velocity, peak_wavenumber=peak_wavenumber
    )
    vx, vy = v0[0].data, v0[1].data
    kx, ky = rfft_mesh(Nx, Ny)
    vx_hat = jnp.fft.rfftn(vx)
    vy_hat = jnp.fft.rfftn(vy)
    omega_hat = 2j * jnp.pi * (kx * vy_hat - ky * vx_hat)
    return jnp.fft.irfftn(omega_hat, s=(Nx, Ny))
# Explict terms (advection only)
def explicit_terms(vorticity_hat, kx, ky, filter_, Nx, Ny):
    vx_hat, vy_hat = vorticity_to_velocity(vorticity_hat, kx, ky)
    vx = jnp.fft.irfftn(vx_hat, s=(Nx, Ny))
    vy = jnp.fft.irfftn(vy_hat, s=(Nx, Ny))
    grad_x_hat = 2j * jnp.pi * kx * vorticity_hat
    grad_y_hat = 2j * jnp.pi * ky * vorticity_hat
    grad_x = jnp.fft.irfftn(grad_x_hat, s=(Nx, Ny))
    grad_y = jnp.fft.irfftn(grad_y_hat, s=(Nx, Ny))
    advection = -(grad_x * vx + grad_y * vy)
    return jnp.fft.rfftn(advection) * filter_
# CN-RK4 timestep
def cn_rk4_step(vorticity_hat, kx, ky, filter_,
                Nx, Ny, linear_term, dt):
    alphas = [0, 0.1496590219993, 0.3704009573644, 0.6222557631345, 0.9582821306748, 1]
    betas  = [0, -0.4178904745, -1.192151694643, -1.697784692471, -1.514183444257]
    gammas = [0.1496590219993, 0.3792103129999, 0.8229550293869, 0.6994504559488, 0.1530572479681]
    def implicit_solve(omega_hat, mu):
        return omega_hat / (1.0 - mu * linear_term)
    u = vorticity_hat
    h = jnp.zeros_like(vorticity_hat)
    for i in range(5):
        h = explicit_terms(u, kx, ky, filter_, Nx, Ny) + betas[i] * h
        mu = 0.5 * dt * (alphas[i + 1] - alphas[i])
        u = implicit_solve(u + gammas[i] * dt * h + mu * linear_term * u, mu)
    return u
# Single trajectory
@partial(jit, static_argnums=(1, 2, 3, 4, 5, 6, 7, 9))
def run_ns2d(key,
             Nx, Ny,
             t_pts,
             t_eval,
             viscosity,
             drag,
             max_velocity,
             fixed_ic=None,
             target_N=None):
    t_eval_arr = jnp.array(t_eval)
    dt = t_eval_arr[1] - t_eval_arr[0]
    n_steps = len(t_eval_arr) - 1
    kx, ky = rfft_mesh(Nx, Ny)
    filter_ = brick_wall_filter_2d(Nx, Ny)
    laplace = (2j * jnp.pi)**2 * (kx**2 + ky**2)
    linear_term = viscosity * laplace - drag
    key, ic_key = random.split(key)
    omega0 = (
        fixed_ic if fixed_ic is not None
        else filtered_vorticity_ic(ic_key, Nx, Ny, max_velocity)
    )
    omega0_hat = jnp.fft.rfftn(omega0)
    save_every = n_steps // (t_pts - 1)
    def outer_body(carry, _):
        omega_hat, key = carry
        def inner_body(carry, _):
            omega_hat, key = carry
            key, _ = random.split(key)
            omega_hat_new = cn_rk4_step(
                omega_hat, kx, ky, filter_,
                Nx, Ny, linear_term, dt
            )
            return (omega_hat_new, key), None
        (omega_hat_new, key), _ = lax.scan(
            inner_body, (omega_hat, key), None, length=save_every
        )
        return (omega_hat_new, key), omega_hat_new
    (_, _), traj_hat = lax.scan(
        outer_body, (omega0_hat, key), None, length=t_pts - 1
    )
    traj_hat = jnp.concatenate([omega0_hat[None], traj_hat], axis=0)
    if target_N is not None and target_N != Nx:
        T = target_N
        def downsample(oh):
            oh_small = jnp.concatenate(
                [oh[:T // 2, :T // 2 + 1],
                 oh[-T // 2:, :T // 2 + 1]], axis=0)
            return jnp.fft.irfftn(oh_small, s=(T, T)) * (T / Nx) ** 2
        traj = jax.vmap(downsample)(traj_hat)
    else:
        traj = jax.vmap(lambda oh: jnp.fft.irfftn(oh, s=(Nx, Ny)))(traj_hat)
    return traj
def get_ns2d(
    n_samples,
    t_pts,
    Nx=64,
    Ny=64,
    key=random.PRNGKey(0),
    dt=0.01,
    T_end=10.0,
    viscosity=1e-3,
    drag=0.1,
    max_velocity=3.0,
    batch_size=32,
    fixed_ic=None,
    target_N=None,
):
    t_eval = tuple(np.arange(0.0, T_end + dt, dt).tolist())
    keys = random.split(key, n_samples)
    ns_fn = partial(
        run_ns2d,
        Nx=Nx,
        Ny=Ny,
        t_pts=t_pts,
        t_eval=t_eval,
        viscosity=viscosity,
        drag=drag,
        max_velocity=max_velocity,
        fixed_ic=fixed_ic,
        target_N=target_N,
    )
    out_shape = (
        n_samples,
        t_pts,
        target_N if target_N is not None else Nx,
        target_N if target_N is not None else Ny,
    )
    dataset = np.zeros(out_shape, dtype=np.float32)
    for i in tqdm.tqdm(range(0, n_samples, batch_size)):
        batch_keys = keys[i:i + batch_size]
        batch = vmap(ns_fn)(batch_keys)
        dataset[i:i + len(batch_keys)] = np.array(batch)
    return dataset[..., None]
key = jax.random.PRNGKey(0)
dataset = get_ns2d(
    n_samples=2,
    t_pts=100,
    Nx=64,
    Ny=64,
    key=key,
    dt=0.001,
    T_end=1,
    viscosity=1e-3,
    drag=0.1,
    max_velocity=7.0,
    batch_size=16,
    target_N=64,
)",177,6149,navier-stokes,advection/diffusion,True,explicit/implicit/spectral,,,,,7,NavierStokes_4,Comm_Valid,
NavierStokes_CorrComm_Valid_4,"from functools import partial
import jax
import jax.numpy as jnp
from jax import jit, vmap, lax, random
import tqdm
import numpy as np
from jax_cfd.base import grids, initial_conditions
# Spatial domain
def rfft_mesh(Nx, Ny):
    kx = jnp.fft.fftfreq(Nx)[:, None] * Nx / (2 * jnp.pi) * jnp.ones((1, Ny // 2 + 1))
    ky = jnp.fft.rfftfreq(Ny)[None, :] * Ny / (2 * jnp.pi) * jnp.ones((Nx, 1))
    return kx, ky
# Boundary conditions
def brick_wall_filter_2d(Nx, Ny):
    filter_ = jnp.zeros((Nx, Ny // 2 + 1))
    filter_ = filter_.at[:int(2 / 3 * Nx) // 2,
                         :int(2 / 3 * (Ny // 2 + 1))].set(1)
    filter_ = filter_.at[-int(2 / 3 * Nx) // 2:,
                         :int(2 / 3 * (Ny // 2 + 1))].set(1)
    return filter_
# Constructing the toeplitz matrix that forms the basis of our integrator
def vorticity_to_velocity(vorticity_hat, kx, ky):
    two_pi_i = 2j * jnp.pi
    laplace = two_pi_i**2 * (kx**2 + ky**2)
    laplace = laplace.at[0, 0].set(1.0)
    psi_hat = -vorticity_hat / laplace
    vx_hat = two_pi_i * ky * psi_hat
    vy_hat = -two_pi_i * kx * psi_hat
    return vx_hat, vy_hat
# Performing the finite difference method usinng the Neumann Boundary Conditions
def filtered_vorticity_ic(key, Nx, Ny, max_velocity, peak_wavenumber=4):
    grid = grids.Grid((Nx, Ny), domain=((0, 2 * jnp.pi), (0, 2 * jnp.pi)))
    v0 = initial_conditions.filtered_velocity_field(
        key, grid, maximum_velocity=max_velocity, peak_wavenumber=peak_wavenumber
    )
    vx, vy = v0[0].data, v0[1].data
    kx, ky = rfft_mesh(Nx, Ny)
    vx_hat = jnp.fft.rfftn(vx)
    vy_hat = jnp.fft.rfftn(vy)
    omega_hat = 2j * jnp.pi * (kx * vy_hat - ky * vx_hat)
    return jnp.fft.irfftn(omega_hat, s=(Nx, Ny))
# Solves using the scipy method odeint, which is a wrapper for the method LSODA from ODEPACK Fortran Library
def explicit_terms(vorticity_hat, kx, ky, filter_, Nx, Ny):
    vx_hat, vy_hat = vorticity_to_velocity(vorticity_hat, kx, ky)
    vx = jnp.fft.irfftn(vx_hat, s=(Nx, Ny))
    vy = jnp.fft.irfftn(vy_hat, s=(Nx, Ny))
    grad_x_hat = 2j * jnp.pi * kx * vorticity_hat
    grad_y_hat = 2j * jnp.pi * ky * vorticity_hat
    grad_x = jnp.fft.irfftn(grad_x_hat, s=(Nx, Ny))
    grad_y = jnp.fft.irfftn(grad_y_hat, s=(Nx, Ny))
    advection = -(grad_x * vx + grad_y * vy)
    return jnp.fft.rfftn(advection) * filter_
# Spatial domain
def cn_rk4_step(vorticity_hat, kx, ky, filter_,
                Nx, Ny, linear_term, dt):
    alphas = [0, 0.1496590219993, 0.3704009573644, 0.6222557631345, 0.9582821306748, 1]
    betas  = [0, -0.4178904745, -1.192151694643, -1.697784692471, -1.514183444257]
    gammas = [0.1496590219993, 0.3792103129999, 0.8229550293869, 0.6994504559488, 0.1530572479681]
    def implicit_solve(omega_hat, mu):
        return omega_hat / (1.0 - mu * linear_term)
    u = vorticity_hat
    h = jnp.zeros_like(vorticity_hat)
    for i in range(5):
        h = explicit_terms(u, kx, ky, filter_, Nx, Ny) + betas[i] * h
        mu = 0.5 * dt * (alphas[i + 1] - alphas[i])
        u = implicit_solve(u + gammas[i] * dt * h + mu * linear_term * u, mu)
    return u
# Boundary conditions
@partial(jit, static_argnums=(1, 2, 3, 4, 5, 6, 7, 9))
def run_ns2d(key,
             Nx, Ny,
             t_pts,
             t_eval,
             viscosity,
             drag,
             max_velocity,
             fixed_ic=None,
             target_N=None):
    t_eval_arr = jnp.array(t_eval)
    dt = t_eval_arr[1] - t_eval_arr[0]
    n_steps = len(t_eval_arr) - 1
    kx, ky = rfft_mesh(Nx, Ny)
    filter_ = brick_wall_filter_2d(Nx, Ny)
    laplace = (2j * jnp.pi)**2 * (kx**2 + ky**2)
    linear_term = viscosity * laplace - drag
    key, ic_key = random.split(key)
    omega0 = (
        fixed_ic if fixed_ic is not None
        else filtered_vorticity_ic(ic_key, Nx, Ny, max_velocity)
    )
    omega0_hat = jnp.fft.rfftn(omega0)
    save_every = n_steps // (t_pts - 1)
    def outer_body(carry, _):
        omega_hat, key = carry
        def inner_body(carry, _):
            omega_hat, key = carry
            key, _ = random.split(key)
            omega_hat_new = cn_rk4_step(
                omega_hat, kx, ky, filter_,
                Nx, Ny, linear_term, dt
            )
            return (omega_hat_new, key), None
        (omega_hat_new, key), _ = lax.scan(
            inner_body, (omega_hat, key), None, length=save_every
        )
        return (omega_hat_new, key), omega_hat_new
    (_, _), traj_hat = lax.scan(
        outer_body, (omega0_hat, key), None, length=t_pts - 1
    )
    traj_hat = jnp.concatenate([omega0_hat[None], traj_hat], axis=0)
    if target_N is not None and target_N != Nx:
        T = target_N
        def downsample(oh):
            oh_small = jnp.concatenate(
                [oh[:T // 2, :T // 2 + 1],
                 oh[-T // 2:, :T // 2 + 1]], axis=0)
            return jnp.fft.irfftn(oh_small, s=(T, T)) * (T / Nx) ** 2
        traj = jax.vmap(downsample)(traj_hat)
    else:
        traj = jax.vmap(lambda oh: jnp.fft.irfftn(oh, s=(Nx, Ny)))(traj_hat)
    return traj
def get_ns2d(
    n_samples,
    t_pts,
    Nx=64,
    Ny=64,
    key=random.PRNGKey(0),
    dt=0.01,
    T_end=10.0,
    viscosity=1e-3,
    drag=0.1,
    max_velocity=3.0,
    batch_size=32,
    fixed_ic=None,
    target_N=None,
):
    t_eval = tuple(np.arange(0.0, T_end + dt, dt).tolist())
    keys = random.split(key, n_samples)
    ns_fn = partial(
        run_ns2d,
        Nx=Nx,
        Ny=Ny,
        t_pts=t_pts,
        t_eval=t_eval,
        viscosity=viscosity,
        drag=drag,
        max_velocity=max_velocity,
        fixed_ic=fixed_ic,
        target_N=target_N,
    )
    out_shape = (
        n_samples,
        t_pts,
        target_N if target_N is not None else Nx,
        target_N if target_N is not None else Ny,
    )
    dataset = np.zeros(out_shape, dtype=np.float32)
    for i in tqdm.tqdm(range(0, n_samples, batch_size)):
        batch_keys = keys[i:i + batch_size]
        batch = vmap(ns_fn)(batch_keys)
        dataset[i:i + len(batch_keys)] = np.array(batch)
    return dataset[..., None]
key = jax.random.PRNGKey(0)
dataset = get_ns2d(
    n_samples=2,
    t_pts=100,
    Nx=64,
    Ny=64,
    key=key,
    dt=0.001,
    T_end=1,
    viscosity=1e-3,
    drag=0.1,
    max_velocity=7.0,
    batch_size=16,
    target_N=64,
)",177,6322,navier-stokes,advection/diffusion,True,explicit/implicit/spectral,Heat_Comm_Valid_1,heat,"[{'donor_text': '# Spatial domain', 'gt_position': 8, 'source_line_in_donor': 7, 'line_inserted': 8}, {'donor_text': '# Boundary conditions', 'gt_position': 13, 'source_line_in_donor': 13, 'line_inserted': 13}, {'donor_text': '# Constructing the toeplitz matrix that forms the basis of our integrator', 'gt_position': 21, 'source_line_in_donor': 24, 'line_inserted': 21}, {'donor_text': '# Performing the finite difference method usinng the Neumann Boundary Conditions', 'gt_position': 30, 'source_line_in_donor': 31, 'line_inserted': 30}, {'donor_text': '# Solves using the scipy method odeint, which is a wrapper for the method LSODA from ODEPACK Fortran Library', 'gt_position': 42, 'source_line_in_donor': 35, 'line_inserted': 42}, {'donor_text': '# Spatial domain', 'gt_position': 53, 'source_line_in_donor': 7, 'line_inserted': 53}, {'donor_text': '# Boundary conditions', 'gt_position': 68, 'source_line_in_donor': 13, 'line_inserted': 68}]",-2.0,7,NavierStokes_4,CorrComm,
NavierStokes_CorrComm_InValid_4,"from functools import partial
import jax
import jax.numpy as jnp
from jax import jit, vmap, lax, random
import tqdm
import numpy as np
from jax_cfd.base import grids, initial_conditions
# Spatial domain
def rfft_mesh(Nx, Ny):
    kx = jnp.fft.fftfreq(Nx)[:, None] * Nx / (2 * jnp.pi) * jnp.ones((1, Ny // 2 + 1))
    ky = jnp.fft.rfftfreq(Ny)[None, :] * Ny / (2 * jnp.pi) * jnp.ones((Nx, 1))
    return kx, ky
# Boundary conditions
def brick_wall_filter_2d(Nx, Ny):
    return jnp.ones((Nx, Ny // 2 + 1))
# Constructing the toeplitz matrix that forms the basis of our integrator
def vorticity_to_velocity(vorticity_hat, kx, ky):
    two_pi_i = 2j * jnp.pi
    laplace = two_pi_i**2 * (kx**2 + ky**2)
    laplace = laplace.at[0, 0].set(1.0)
    psi_hat = -vorticity_hat / laplace
    vx_hat = two_pi_i * ky * psi_hat
    vy_hat = -two_pi_i * kx * psi_hat
    return vx_hat, vy_hat
# Performing the finite difference method usinng the Neumann Boundary Conditions
def filtered_vorticity_ic(key, Nx, Ny, max_velocity, peak_wavenumber=4):
    grid = grids.Grid((Nx, Ny), domain=((0, 2 * jnp.pi), (0, 2 * jnp.pi)))
    v0 = initial_conditions.filtered_velocity_field(
        key, grid, maximum_velocity=max_velocity, peak_wavenumber=peak_wavenumber
    )
    vx, vy = v0[0].data, v0[1].data
    kx, ky = rfft_mesh(Nx, Ny)
    vx_hat = jnp.fft.rfftn(vx)
    vy_hat = jnp.fft.rfftn(vy)
    omega_hat = 2j * jnp.pi * (kx * vy_hat - ky * vx_hat)
    return jnp.fft.irfftn(omega_hat, s=(Nx, Ny))
# Solves using the scipy method odeint, which is a wrapper for the method LSODA from ODEPACK Fortran Library
def explicit_terms(vorticity_hat, kx, ky, filter_, Nx, Ny):
    vx_hat, vy_hat = vorticity_to_velocity(vorticity_hat, kx, ky)
    vx = jnp.fft.irfftn(vx_hat, s=(Nx, Ny))
    vy = jnp.fft.irfftn(vy_hat, s=(Nx, Ny))
    grad_x_hat = 2j * jnp.pi * kx * vorticity_hat
    grad_y_hat = 2j * jnp.pi * ky * vorticity_hat
    grad_x = jnp.fft.irfftn(grad_x_hat, s=(Nx, Ny))
    grad_y = jnp.fft.irfftn(grad_y_hat, s=(Nx, Ny))
    advection = -(grad_x * vx + grad_y * vy)
    return jnp.fft.rfftn(advection) * filter_
# Spatial domain
def cn_rk4_step(vorticity_hat, kx, ky, filter_,
                Nx, Ny, linear_term, dt):
    alphas = [0, 0.1496590219993, 0.3704009573644, 0.6222557631345, 0.9582821306748, 1]
    betas  = [0, -0.4178904745, -1.192151694643, -1.697784692471, -1.514183444257]
    gammas = [0.1496590219993, 0.3792103129999, 0.8229550293869, 0.6994504559488, 0.1530572479681]
    def implicit_solve(omega_hat, mu):
        return omega_hat / (1.0 - mu * linear_term)
    u = vorticity_hat
    h = jnp.zeros_like(vorticity_hat)
    for i in range(5):
        h = explicit_terms(u, kx, ky, filter_, Nx, Ny) + betas[i] * h
        mu = 0.5 * dt * (alphas[i + 1] - alphas[i])
        u = implicit_solve(u + gammas[i] * dt * h + mu * linear_term * u, mu)
    return u
# Boundary conditions
@partial(jit, static_argnums=(1, 2, 3, 4, 5, 6, 7, 9))
def run_ns2d(key,
             Nx, Ny,
             t_pts,
             t_eval,
             viscosity,
             drag,
             max_velocity,
             fixed_ic=None,
             target_N=None):
    t_eval_arr = jnp.array(t_eval)
    dt = t_eval_arr[1] - t_eval_arr[0]
    n_steps = len(t_eval_arr) - 1
    kx, ky = rfft_mesh(Nx, Ny)
    filter_ = brick_wall_filter_2d(Nx, Ny)
    laplace = (2j * jnp.pi)**2 * (kx**2 + ky**2)
    linear_term = viscosity * laplace - drag
    key, ic_key = random.split(key)
    omega0 = (
        fixed_ic if fixed_ic is not None
        else filtered_vorticity_ic(ic_key, Nx, Ny, max_velocity)
    )
    omega0_hat = jnp.fft.rfftn(omega0)
    save_every = n_steps // (t_pts - 1)
    def outer_body(carry, _):
        omega_hat, key = carry
        def inner_body(carry, _):
            omega_hat, key = carry
            key, _ = random.split(key)
            omega_hat_new = cn_rk4_step(
                omega_hat, kx, ky, filter_,
                Nx, Ny, linear_term, dt
            )
            return (omega_hat_new, key), None
        (omega_hat_new, key), _ = lax.scan(
            inner_body, (omega_hat, key), None, length=save_every
        )
        return (omega_hat_new, key), omega_hat_new
    (_, _), traj_hat = lax.scan(
        outer_body, (omega0_hat, key), None, length=t_pts - 1
    )
    traj_hat = jnp.concatenate([omega0_hat[None], traj_hat], axis=0)
    if target_N is not None and target_N != Nx:
        T = target_N
        def downsample(oh):
            oh_small = jnp.concatenate(
                [oh[:T // 2, :T // 2 + 1],
                 oh[-T // 2:, :T // 2 + 1]], axis=0)
            return jnp.fft.irfftn(oh_small, s=(T, T)) * (T / Nx) ** 2
        traj = jax.vmap(downsample)(traj_hat)
    else:
        traj = jax.vmap(lambda oh: jnp.fft.irfftn(oh, s=(Nx, Ny)))(traj_hat)
    return traj
def get_ns2d(
    n_samples,
    t_pts,
    Nx=64,
    Ny=64,
    key=random.PRNGKey(0),
    dt=0.01,
    T_end=10.0,
    viscosity=1e-3,
    drag=0.1,
    max_velocity=3.0,
    batch_size=32,
    fixed_ic=None,
    target_N=None,
):
    t_eval = tuple(np.arange(0.0, T_end + dt, dt).tolist())
    keys = random.split(key, n_samples)
    ns_fn = partial(
        run_ns2d,
        Nx=Nx,
        Ny=Ny,
        t_pts=t_pts,
        t_eval=t_eval,
        viscosity=viscosity,
        drag=drag,
        max_velocity=max_velocity,
        fixed_ic=fixed_ic,
        target_N=target_N,
    )
    out_shape = (
        n_samples,
        t_pts,
        target_N if target_N is not None else Nx,
        target_N if target_N is not None else Ny,
    )
    dataset = np.zeros(out_shape, dtype=np.float32)
    for i in tqdm.tqdm(range(0, n_samples, batch_size)):
        batch_keys = keys[i:i + batch_size]
        batch = vmap(ns_fn)(batch_keys)
        dataset[i:i + len(batch_keys)] = np.array(batch)
    return dataset[..., None]
key = jax.random.PRNGKey(0)
dataset = get_ns2d(
    n_samples=2,
    t_pts=100,
    Nx=64,
    Ny=64,
    key=key,
    dt=0.001,
    T_end=1,
    viscosity=1e-3,
    drag=0.1,
    max_velocity=7.0,
    batch_size=16,
    target_N=64,
)",172,6080,navier-stokes,advection/diffusion,False,explicit/implicit/spectral,Heat_Comm_Valid_1,heat,"[{'donor_text': '# Spatial domain', 'gt_position': 8, 'source_line_in_donor': 7, 'line_inserted': 8}, {'donor_text': '# Boundary conditions', 'gt_position': 13, 'source_line_in_donor': 13, 'line_inserted': 13}, {'donor_text': '# Constructing the toeplitz matrix that forms the basis of our integrator', 'gt_position': 16, 'source_line_in_donor': 24, 'line_inserted': 16}, {'donor_text': '# Performing the finite difference method usinng the Neumann Boundary Conditions', 'gt_position': 25, 'source_line_in_donor': 31, 'line_inserted': 25}, {'donor_text': '# Solves using the scipy method odeint, which is a wrapper for the method LSODA from ODEPACK Fortran Library', 'gt_position': 37, 'source_line_in_donor': 35, 'line_inserted': 37}, {'donor_text': '# Spatial domain', 'gt_position': 48, 'source_line_in_donor': 7, 'line_inserted': 48}, {'donor_text': '# Boundary conditions', 'gt_position': 63, 'source_line_in_donor': 13, 'line_inserted': 63}]",-2.0,7,NavierStokes_4,CorrComm_Invalid,
NavierStokes_NoComm_CorrVar_4,"from functools import partial
import jax
import jax.numpy as jnp
from jax import jit, vmap, lax, random
import tqdm
import numpy as np
from jax_cfd.base import grids, initial_conditions

def fn1(Nx, Ny):
    foobar_25 = jnp.fft.fftfreq(Nx)[:, None] * Nx / (2 * jnp.pi) * jnp.ones((1, Ny // 2 + 1))
    foobar_26 = jnp.fft.rfftfreq(Ny)[None, :] * Ny / (2 * jnp.pi) * jnp.ones((Nx, 1))
    return (foobar_25, foobar_26)

def fn2(Nx, Ny):
    foobar_13 = jnp.zeros((Nx, Ny // 2 + 1))
    foobar_13 = foobar_13.at[:int(2 / 3 * Nx) // 2, :int(2 / 3 * (Ny // 2 + 1))].set(1)
    foobar_13 = foobar_13.at[-int(2 / 3 * Nx) // 2:, :int(2 / 3 * (Ny // 2 + 1))].set(1)
    return foobar_13

def fn3(foobar_49, foobar_25, foobar_26):
    foobar_46 = 2j * jnp.pi
    foobar_27 = foobar_46 ** 2 * (foobar_25 ** 2 + foobar_26 ** 2)
    foobar_27 = foobar_27.at[0, 0].set(1.0)
    foobar_41 = -foobar_49 / foobar_27
    foobar_51 = foobar_46 * foobar_26 * foobar_41
    foobar_53 = -foobar_46 * foobar_25 * foobar_41
    return (foobar_51, foobar_53)

def fn4(foobar_23, Nx, Ny, max_velocity, foobar_40=4):
    foobar_19 = grids.Grid((Nx, Ny), domain=((0, 2 * jnp.pi), (0, 2 * jnp.pi)))
    foobar_48 = initial_conditions.filtered_velocity_field(foobar_23, foobar_19, maximum_velocity=max_velocity, peak_wavenumber=foobar_40)
    foobar_50, foobar_52 = (foobar_48[0].data, foobar_48[1].data)
    foobar_25, foobar_26 = fn1(Nx, Ny)
    foobar_51 = jnp.fft.rfftn(foobar_50)
    foobar_53 = jnp.fft.rfftn(foobar_52)
    foobar_37 = 2j * jnp.pi * (foobar_25 * foobar_53 - foobar_26 * foobar_51)
    return jnp.fft.irfftn(foobar_37, s=(Nx, Ny))

def fn5(foobar_49, foobar_25, foobar_26, foobar_13, Nx, Ny):
    foobar_51, foobar_53 = fn3(foobar_49, foobar_25, foobar_26)
    foobar_50 = jnp.fft.irfftn(foobar_51, s=(Nx, Ny))
    foobar_52 = jnp.fft.irfftn(foobar_53, s=(Nx, Ny))
    foobar_16 = 2j * jnp.pi * foobar_25 * foobar_49
    foobar_18 = 2j * jnp.pi * foobar_26 * foobar_49
    foobar_15 = jnp.fft.irfftn(foobar_16, s=(Nx, Ny))
    foobar_17 = jnp.fft.irfftn(foobar_18, s=(Nx, Ny))
    foobar_4 = -(foobar_15 * foobar_50 + foobar_17 * foobar_52)
    return jnp.fft.rfftn(foobar_4) * foobar_13

def fn6(foobar_49, foobar_25, foobar_26, foobar_13, Nx, Ny, foobar_28, foobar_12):
    foobar_5 = [0, 0.1496590219993, 0.3704009573644, 0.6222557631345, 0.9582821306748, 1]
    foobar_9 = [0, -0.4178904745, -1.192151694643, -1.697784692471, -1.514183444257]
    foobar_14 = [0.1496590219993, 0.3792103129999, 0.8229550293869, 0.6994504559488, 0.1530572479681]

    def fn7(foobar_37, foobar_29):
        return foobar_37 / (1.0 - foobar_29 * foobar_28)
    foobar_47 = foobar_49
    foobar_20 = jnp.zeros_like(foobar_49)
    for foobar_21 in range(5):
        foobar_20 = fn5(foobar_47, foobar_25, foobar_26, foobar_13, Nx, Ny) + foobar_9[foobar_21] * foobar_20
        foobar_29 = 0.5 * foobar_12 * (foobar_5[foobar_21 + 1] - foobar_5[foobar_21])
        foobar_47 = fn7(foobar_47 + foobar_14[foobar_21] * foobar_12 * foobar_20 + foobar_29 * foobar_28 * foobar_47, foobar_29)
    return foobar_47

@partial(jit, static_argnums=(1, 2, 3, 4, 5, 6, 7, 9))
def fn8(foobar_23, Nx, Ny, t_pts, t_eval, viscosity, drag, max_velocity, fixed_ic=None, target_N=None):
    foobar_43 = jnp.array(t_eval)
    foobar_12 = foobar_43[1] - foobar_43[0]
    foobar_31 = len(foobar_43) - 1
    foobar_25, foobar_26 = fn1(Nx, Ny)
    foobar_13 = fn2(Nx, Ny)
    foobar_27 = (2j * jnp.pi) ** 2 * (foobar_25 ** 2 + foobar_26 ** 2)
    foobar_28 = viscosity * foobar_27 - drag
    foobar_23, foobar_22 = random.split(foobar_23)
    foobar_35 = fixed_ic if fixed_ic is not None else fn4(foobar_22, Nx, Ny, max_velocity)
    foobar_36 = jnp.fft.rfftn(foobar_35)
    foobar_42 = foobar_31 // (t_pts - 1)

    def fn9(foobar_10, foobar_3):
        foobar_37, foobar_23 = foobar_10

        def fn10(foobar_10, foobar_3):
            foobar_37, foobar_23 = foobar_10
            foobar_23, foobar_3 = random.split(foobar_23)
            foobar_38 = fn6(foobar_37, foobar_25, foobar_26, foobar_13, Nx, Ny, foobar_28, foobar_12)
            return ((foobar_38, foobar_23), None)
        (foobar_38, foobar_23), foobar_3 = lax.scan(fn10, (foobar_37, foobar_23), None, length=foobar_42)
        return ((foobar_38, foobar_23), foobar_38)
    (foobar_3, foobar_3), foobar_45 = lax.scan(fn9, (foobar_36, foobar_23), None, length=t_pts - 1)
    foobar_45 = jnp.concatenate([foobar_36[None], foobar_45], axis=0)
    if target_N is not None and target_N != Nx:
        foobar_1 = target_N

        def fn11(foobar_33):
            foobar_34 = jnp.concatenate([foobar_33[:foobar_1 // 2, :foobar_1 // 2 + 1], foobar_33[-foobar_1 // 2:, :foobar_1 // 2 + 1]], axis=0)
            return jnp.fft.irfftn(foobar_34, s=(foobar_1, foobar_1)) * (foobar_1 / Nx) ** 2
        foobar_44 = jax.vmap(fn11)(foobar_45)
    else:
        foobar_44 = jax.vmap(lambda foobar_33: jnp.fft.irfftn(foobar_33, s=(Nx, Ny)))(foobar_45)
    return foobar_44

def fn12(foobar_30, t_pts, Nx=64, Ny=64, foobar_23=random.PRNGKey(0), foobar_12=0.01, foobar_2=10.0, viscosity=0.001, drag=0.1, max_velocity=3.0, foobar_8=32, fixed_ic=None, target_N=None):
    t_eval = tuple(np.arange(0.0, foobar_2 + foobar_12, foobar_12).tolist())
    foobar_24 = random.split(foobar_23, foobar_30)
    foobar_32 = partial(fn8, Nx=Nx, Ny=Ny, t_pts=t_pts, t_eval=t_eval, viscosity=viscosity, drag=drag, max_velocity=max_velocity, fixed_ic=fixed_ic, target_N=target_N)
    foobar_39 = (foobar_30, t_pts, target_N if target_N is not None else Nx, target_N if target_N is not None else Ny)
    foobar_11 = np.zeros(foobar_39, dtype=np.float32)
    for foobar_21 in tqdm.tqdm(range(0, foobar_30, foobar_8)):
        foobar_7 = foobar_24[foobar_21:foobar_21 + foobar_8]
        foobar_6 = vmap(foobar_32)(foobar_7)
        foobar_11[foobar_21:foobar_21 + len(foobar_7)] = np.array(foobar_6)
    return foobar_11[..., None]
foobar_23 = jax.random.PRNGKey(0)
foobar_11 = fn12(2, 100, 64, 64, foobar_23, 0.001, 1, 0.001, 0.1, 7.0, 16, None, 64)",114,6030,navier-stokes,advection/diffusion,True,explicit/implicit/spectral,,,,,0,NavierStokes_4,NoComm_CorrVar,
NavierStokes_NoComm_CorrVar_InValid_4,"from functools import partial
import jax
import jax.numpy as jnp
from jax import jit, vmap, lax, random
import tqdm
import numpy as np
from jax_cfd.base import grids, initial_conditions

def fn1(Nx, Ny):
    foobar_25 = jnp.fft.fftfreq(Nx)[:, None] * Nx / (2 * jnp.pi) * jnp.ones((1, Ny // 2 + 1))
    foobar_26 = jnp.fft.rfftfreq(Ny)[None, :] * Ny / (2 * jnp.pi) * jnp.ones((Nx, 1))
    return (foobar_25, foobar_26)

def fn2(Nx, Ny):
    return jnp.ones((Nx, Ny // 2 + 1))

def fn3(foobar_49, foobar_25, foobar_26):
    foobar_46 = 2j * jnp.pi
    foobar_27 = foobar_46 ** 2 * (foobar_25 ** 2 + foobar_26 ** 2)
    foobar_27 = foobar_27.at[0, 0].set(1.0)
    foobar_41 = -foobar_49 / foobar_27
    foobar_51 = foobar_46 * foobar_26 * foobar_41
    foobar_53 = -foobar_46 * foobar_25 * foobar_41
    return (foobar_51, foobar_53)

def fn4(foobar_23, Nx, Ny, max_velocity, foobar_40=4):
    foobar_19 = grids.Grid((Nx, Ny), domain=((0, 2 * jnp.pi), (0, 2 * jnp.pi)))
    foobar_48 = initial_conditions.filtered_velocity_field(foobar_23, foobar_19, maximum_velocity=max_velocity, peak_wavenumber=foobar_40)
    foobar_50, foobar_52 = (foobar_48[0].data, foobar_48[1].data)
    foobar_25, foobar_26 = fn1(Nx, Ny)
    foobar_51 = jnp.fft.rfftn(foobar_50)
    foobar_53 = jnp.fft.rfftn(foobar_52)
    foobar_37 = 2j * jnp.pi * (foobar_25 * foobar_53 - foobar_26 * foobar_51)
    return jnp.fft.irfftn(foobar_37, s=(Nx, Ny))

def fn5(foobar_49, foobar_25, foobar_26, foobar_13, Nx, Ny):
    foobar_51, foobar_53 = fn3(foobar_49, foobar_25, foobar_26)
    foobar_50 = jnp.fft.irfftn(foobar_51, s=(Nx, Ny))
    foobar_52 = jnp.fft.irfftn(foobar_53, s=(Nx, Ny))
    foobar_16 = 2j * jnp.pi * foobar_25 * foobar_49
    foobar_18 = 2j * jnp.pi * foobar_26 * foobar_49
    foobar_15 = jnp.fft.irfftn(foobar_16, s=(Nx, Ny))
    foobar_17 = jnp.fft.irfftn(foobar_18, s=(Nx, Ny))
    foobar_4 = -(foobar_15 * foobar_50 + foobar_17 * foobar_52)
    return jnp.fft.rfftn(foobar_4) * foobar_13

def fn6(foobar_49, foobar_25, foobar_26, foobar_13, Nx, Ny, foobar_28, foobar_12):
    foobar_5 = [0, 0.1496590219993, 0.3704009573644, 0.6222557631345, 0.9582821306748, 1]
    foobar_9 = [0, -0.4178904745, -1.192151694643, -1.697784692471, -1.514183444257]
    foobar_14 = [0.1496590219993, 0.3792103129999, 0.8229550293869, 0.6994504559488, 0.1530572479681]

    def fn7(foobar_37, foobar_29):
        return foobar_37 / (1.0 - foobar_29 * foobar_28)
    foobar_47 = foobar_49
    foobar_20 = jnp.zeros_like(foobar_49)
    for foobar_21 in range(5):
        foobar_20 = fn5(foobar_47, foobar_25, foobar_26, foobar_13, Nx, Ny) + foobar_9[foobar_21] * foobar_20
        foobar_29 = 0.5 * foobar_12 * (foobar_5[foobar_21 + 1] - foobar_5[foobar_21])
        foobar_47 = fn7(foobar_47 + foobar_14[foobar_21] * foobar_12 * foobar_20 + foobar_29 * foobar_28 * foobar_47, foobar_29)
    return foobar_47

@partial(jit, static_argnums=(1, 2, 3, 4, 5, 6, 7, 9))
def fn8(foobar_23, Nx, Ny, t_pts, t_eval, viscosity, drag, max_velocity, fixed_ic=None, target_N=None):
    foobar_43 = jnp.array(t_eval)
    foobar_12 = foobar_43[1] - foobar_43[0]
    foobar_31 = len(foobar_43) - 1
    foobar_25, foobar_26 = fn1(Nx, Ny)
    foobar_13 = fn2(Nx, Ny)
    foobar_27 = (2j * jnp.pi) ** 2 * (foobar_25 ** 2 + foobar_26 ** 2)
    foobar_28 = viscosity * foobar_27 - drag
    foobar_23, foobar_22 = random.split(foobar_23)
    foobar_35 = fixed_ic if fixed_ic is not None else fn4(foobar_22, Nx, Ny, max_velocity)
    foobar_36 = jnp.fft.rfftn(foobar_35)
    foobar_42 = foobar_31 // (t_pts - 1)

    def fn9(foobar_10, foobar_3):
        foobar_37, foobar_23 = foobar_10

        def fn10(foobar_10, foobar_3):
            foobar_37, foobar_23 = foobar_10
            foobar_23, foobar_3 = random.split(foobar_23)
            foobar_38 = fn6(foobar_37, foobar_25, foobar_26, foobar_13, Nx, Ny, foobar_28, foobar_12)
            return ((foobar_38, foobar_23), None)
        (foobar_38, foobar_23), foobar_3 = lax.scan(fn10, (foobar_37, foobar_23), None, length=foobar_42)
        return ((foobar_38, foobar_23), foobar_38)
    (foobar_3, foobar_3), foobar_45 = lax.scan(fn9, (foobar_36, foobar_23), None, length=t_pts - 1)
    foobar_45 = jnp.concatenate([foobar_36[None], foobar_45], axis=0)
    if target_N is not None and target_N != Nx:
        foobar_1 = target_N

        def fn11(foobar_33):
            foobar_34 = jnp.concatenate([foobar_33[:foobar_1 // 2, :foobar_1 // 2 + 1], foobar_33[-foobar_1 // 2:, :foobar_1 // 2 + 1]], axis=0)
            return jnp.fft.irfftn(foobar_34, s=(foobar_1, foobar_1)) * (foobar_1 / Nx) ** 2
        foobar_44 = jax.vmap(fn11)(foobar_45)
    else:
        foobar_44 = jax.vmap(lambda foobar_33: jnp.fft.irfftn(foobar_33, s=(Nx, Ny)))(foobar_45)
    return foobar_44

def fn12(foobar_30, t_pts, Nx=64, Ny=64, foobar_23=random.PRNGKey(0), foobar_12=0.01, foobar_2=10.0, viscosity=0.001, drag=0.1, max_velocity=3.0, foobar_8=32, fixed_ic=None, target_N=None):
    t_eval = tuple(np.arange(0.0, foobar_2 + foobar_12, foobar_12).tolist())
    foobar_24 = random.split(foobar_23, foobar_30)
    foobar_32 = partial(fn8, Nx=Nx, Ny=Ny, t_pts=t_pts, t_eval=t_eval, viscosity=viscosity, drag=drag, max_velocity=max_velocity, fixed_ic=fixed_ic, target_N=target_N)
    foobar_39 = (foobar_30, t_pts, target_N if target_N is not None else Nx, target_N if target_N is not None else Ny)
    foobar_11 = np.zeros(foobar_39, dtype=np.float32)
    for foobar_21 in tqdm.tqdm(range(0, foobar_30, foobar_8)):
        foobar_7 = foobar_24[foobar_21:foobar_21 + foobar_8]
        foobar_6 = vmap(foobar_32)(foobar_7)
        foobar_11[foobar_21:foobar_21 + len(foobar_7)] = np.array(foobar_6)
    return foobar_11[..., None]
foobar_23 = jax.random.PRNGKey(0)
foobar_11 = fn12(2, 100, 64, 64, foobar_23, 0.001, 1, 0.001, 0.1, 7.0, 16, None, 64)",111,5826,navier-stokes,advection/diffusion,False,explicit/implicit/spectral,,,,,0,NavierStokes_4,NoComm_CorrVar_InValid,Gradually Builds Oscillations
NavierStokes_NoComm_InValid_4,"from functools import partial
import jax
import jax.numpy as jnp
from jax import jit, vmap, lax, random
import tqdm
import numpy as np
from jax_cfd.base import grids, initial_conditions
def rfft_mesh(Nx, Ny):
    kx = jnp.fft.fftfreq(Nx)[:, None] * Nx / (2 * jnp.pi) * jnp.ones((1, Ny // 2 + 1))
    ky = jnp.fft.rfftfreq(Ny)[None, :] * Ny / (2 * jnp.pi) * jnp.ones((Nx, 1))
    return kx, ky
def brick_wall_filter_2d(Nx, Ny):
    return jnp.ones((Nx, Ny // 2 + 1))
def vorticity_to_velocity(vorticity_hat, kx, ky):
    two_pi_i = 2j * jnp.pi
    laplace = two_pi_i**2 * (kx**2 + ky**2)
    laplace = laplace.at[0, 0].set(1.0)
    psi_hat = -vorticity_hat / laplace
    vx_hat = two_pi_i * ky * psi_hat
    vy_hat = -two_pi_i * kx * psi_hat
    return vx_hat, vy_hat
def filtered_vorticity_ic(key, Nx, Ny, max_velocity, peak_wavenumber=4):
    grid = grids.Grid((Nx, Ny), domain=((0, 2 * jnp.pi), (0, 2 * jnp.pi)))
    v0 = initial_conditions.filtered_velocity_field(
        key, grid, maximum_velocity=max_velocity, peak_wavenumber=peak_wavenumber
    )
    vx, vy = v0[0].data, v0[1].data
    kx, ky = rfft_mesh(Nx, Ny)
    vx_hat = jnp.fft.rfftn(vx)
    vy_hat = jnp.fft.rfftn(vy)
    omega_hat = 2j * jnp.pi * (kx * vy_hat - ky * vx_hat)
    return jnp.fft.irfftn(omega_hat, s=(Nx, Ny))
def explicit_terms(vorticity_hat, kx, ky, filter_, Nx, Ny):
    vx_hat, vy_hat = vorticity_to_velocity(vorticity_hat, kx, ky)
    vx = jnp.fft.irfftn(vx_hat, s=(Nx, Ny))
    vy = jnp.fft.irfftn(vy_hat, s=(Nx, Ny))
    grad_x_hat = 2j * jnp.pi * kx * vorticity_hat
    grad_y_hat = 2j * jnp.pi * ky * vorticity_hat
    grad_x = jnp.fft.irfftn(grad_x_hat, s=(Nx, Ny))
    grad_y = jnp.fft.irfftn(grad_y_hat, s=(Nx, Ny))
    advection = -(grad_x * vx + grad_y * vy)
    return jnp.fft.rfftn(advection) * filter_
def cn_rk4_step(vorticity_hat, kx, ky, filter_,
                Nx, Ny, linear_term, dt):
    alphas = [0, 0.1496590219993, 0.3704009573644, 0.6222557631345, 0.9582821306748, 1]
    betas  = [0, -0.4178904745, -1.192151694643, -1.697784692471, -1.514183444257]
    gammas = [0.1496590219993, 0.3792103129999, 0.8229550293869, 0.6994504559488, 0.1530572479681]
    def implicit_solve(omega_hat, mu):
        return omega_hat / (1.0 - mu * linear_term)
    u = vorticity_hat
    h = jnp.zeros_like(vorticity_hat)
    for i in range(5):
        h = explicit_terms(u, kx, ky, filter_, Nx, Ny) + betas[i] * h
        mu = 0.5 * dt * (alphas[i + 1] - alphas[i])
        u = implicit_solve(u + gammas[i] * dt * h + mu * linear_term * u, mu)
    return u
@partial(jit, static_argnums=(1, 2, 3, 4, 5, 6, 7, 9))
def run_ns2d(key,
             Nx, Ny,
             t_pts,
             t_eval,
             viscosity,
             drag,
             max_velocity,
             fixed_ic=None,
             target_N=None):
    t_eval_arr = jnp.array(t_eval)
    dt = t_eval_arr[1] - t_eval_arr[0]
    n_steps = len(t_eval_arr) - 1
    kx, ky = rfft_mesh(Nx, Ny)
    filter_ = brick_wall_filter_2d(Nx, Ny)
    laplace = (2j * jnp.pi)**2 * (kx**2 + ky**2)
    linear_term = viscosity * laplace - drag
    key, ic_key = random.split(key)
    omega0 = (
        fixed_ic if fixed_ic is not None
        else filtered_vorticity_ic(ic_key, Nx, Ny, max_velocity)
    )
    omega0_hat = jnp.fft.rfftn(omega0)
    save_every = n_steps // (t_pts - 1)
    def outer_body(carry, _):
        omega_hat, key = carry
        def inner_body(carry, _):
            omega_hat, key = carry
            key, _ = random.split(key)
            omega_hat_new = cn_rk4_step(
                omega_hat, kx, ky, filter_,
                Nx, Ny, linear_term, dt
            )
            return (omega_hat_new, key), None
        (omega_hat_new, key), _ = lax.scan(
            inner_body, (omega_hat, key), None, length=save_every
        )
        return (omega_hat_new, key), omega_hat_new
    (_, _), traj_hat = lax.scan(
        outer_body, (omega0_hat, key), None, length=t_pts - 1
    )
    traj_hat = jnp.concatenate([omega0_hat[None], traj_hat], axis=0)
    if target_N is not None and target_N != Nx:
        T = target_N
        def downsample(oh):
            oh_small = jnp.concatenate(
                [oh[:T // 2, :T // 2 + 1],
                 oh[-T // 2:, :T // 2 + 1]], axis=0)
            return jnp.fft.irfftn(oh_small, s=(T, T)) * (T / Nx) ** 2
        traj = jax.vmap(downsample)(traj_hat)
    else:
        traj = jax.vmap(lambda oh: jnp.fft.irfftn(oh, s=(Nx, Ny)))(traj_hat)
    return traj
def get_ns2d(
    n_samples,
    t_pts,
    Nx=64,
    Ny=64,
    key=random.PRNGKey(0),
    dt=0.01,
    T_end=10.0,
    viscosity=1e-3,
    drag=0.1,
    max_velocity=3.0,
    batch_size=32,
    fixed_ic=None,
    target_N=None,
):
    t_eval = tuple(np.arange(0.0, T_end + dt, dt).tolist())
    keys = random.split(key, n_samples)
    ns_fn = partial(
        run_ns2d,
        Nx=Nx,
        Ny=Ny,
        t_pts=t_pts,
        t_eval=t_eval,
        viscosity=viscosity,
        drag=drag,
        max_velocity=max_velocity,
        fixed_ic=fixed_ic,
        target_N=target_N,
    )
    out_shape = (
        n_samples,
        t_pts,
        target_N if target_N is not None else Nx,
        target_N if target_N is not None else Ny,
    )
    dataset = np.zeros(out_shape, dtype=np.float32)
    for i in tqdm.tqdm(range(0, n_samples, batch_size)):
        batch_keys = keys[i:i + batch_size]
        batch = vmap(ns_fn)(batch_keys)
        dataset[i:i + len(batch_keys)] = np.array(batch)
    return dataset[..., None]
key = jax.random.PRNGKey(0)
dataset = get_ns2d(
    n_samples=2,
    t_pts=100,
    Nx=64,
    Ny=64,
    key=key,
    dt=0.001,
    T_end=1,
    viscosity=1e-3,
    drag=0.1,
    max_velocity=7.0,
    batch_size=16,
    target_N=64,
)",165,5738,navier-stokes,advection/diffusion,False,explicit/implicit/spectral,,,,,0,NavierStokes_4,NoComm_InValid,Gradually Builds Oscillations
NavierStokes_NoComm_Valid_4,"from functools import partial
import jax
import jax.numpy as jnp
from jax import jit, vmap, lax, random
import tqdm
import numpy as np
from jax_cfd.base import grids, initial_conditions
def rfft_mesh(Nx, Ny):
    kx = jnp.fft.fftfreq(Nx)[:, None] * Nx / (2 * jnp.pi) * jnp.ones((1, Ny // 2 + 1))
    ky = jnp.fft.rfftfreq(Ny)[None, :] * Ny / (2 * jnp.pi) * jnp.ones((Nx, 1))
    return kx, ky
def brick_wall_filter_2d(Nx, Ny):
    filter_ = jnp.zeros((Nx, Ny // 2 + 1))
    filter_ = filter_.at[:int(2 / 3 * Nx) // 2,
                         :int(2 / 3 * (Ny // 2 + 1))].set(1)
    filter_ = filter_.at[-int(2 / 3 * Nx) // 2:,
                         :int(2 / 3 * (Ny // 2 + 1))].set(1)
    return filter_
def vorticity_to_velocity(vorticity_hat, kx, ky):
    two_pi_i = 2j * jnp.pi
    laplace = two_pi_i**2 * (kx**2 + ky**2)
    laplace = laplace.at[0, 0].set(1.0)
    psi_hat = -vorticity_hat / laplace
    vx_hat = two_pi_i * ky * psi_hat
    vy_hat = -two_pi_i * kx * psi_hat
    return vx_hat, vy_hat
def filtered_vorticity_ic(key, Nx, Ny, max_velocity, peak_wavenumber=4):
    grid = grids.Grid((Nx, Ny), domain=((0, 2 * jnp.pi), (0, 2 * jnp.pi)))
    v0 = initial_conditions.filtered_velocity_field(
        key, grid, maximum_velocity=max_velocity, peak_wavenumber=peak_wavenumber
    )
    vx, vy = v0[0].data, v0[1].data
    kx, ky = rfft_mesh(Nx, Ny)
    vx_hat = jnp.fft.rfftn(vx)
    vy_hat = jnp.fft.rfftn(vy)
    omega_hat = 2j * jnp.pi * (kx * vy_hat - ky * vx_hat)
    return jnp.fft.irfftn(omega_hat, s=(Nx, Ny))
def explicit_terms(vorticity_hat, kx, ky, filter_, Nx, Ny):
    vx_hat, vy_hat = vorticity_to_velocity(vorticity_hat, kx, ky)
    vx = jnp.fft.irfftn(vx_hat, s=(Nx, Ny))
    vy = jnp.fft.irfftn(vy_hat, s=(Nx, Ny))
    grad_x_hat = 2j * jnp.pi * kx * vorticity_hat
    grad_y_hat = 2j * jnp.pi * ky * vorticity_hat
    grad_x = jnp.fft.irfftn(grad_x_hat, s=(Nx, Ny))
    grad_y = jnp.fft.irfftn(grad_y_hat, s=(Nx, Ny))
    advection = -(grad_x * vx + grad_y * vy)
    return jnp.fft.rfftn(advection) * filter_
def cn_rk4_step(vorticity_hat, kx, ky, filter_,
                Nx, Ny, linear_term, dt):
    alphas = [0, 0.1496590219993, 0.3704009573644, 0.6222557631345, 0.9582821306748, 1]
    betas  = [0, -0.4178904745, -1.192151694643, -1.697784692471, -1.514183444257]
    gammas = [0.1496590219993, 0.3792103129999, 0.8229550293869, 0.6994504559488, 0.1530572479681]
    def implicit_solve(omega_hat, mu):
        return omega_hat / (1.0 - mu * linear_term)
    u = vorticity_hat
    h = jnp.zeros_like(vorticity_hat)
    for i in range(5):
        h = explicit_terms(u, kx, ky, filter_, Nx, Ny) + betas[i] * h
        mu = 0.5 * dt * (alphas[i + 1] - alphas[i])
        u = implicit_solve(u + gammas[i] * dt * h + mu * linear_term * u, mu)
    return u
@partial(jit, static_argnums=(1, 2, 3, 4, 5, 6, 7, 9))
def run_ns2d(key,
             Nx, Ny,
             t_pts,
             t_eval,
             viscosity,
             drag,
             max_velocity,
             fixed_ic=None,
             target_N=None):
    t_eval_arr = jnp.array(t_eval)
    dt = t_eval_arr[1] - t_eval_arr[0]
    n_steps = len(t_eval_arr) - 1
    kx, ky = rfft_mesh(Nx, Ny)
    filter_ = brick_wall_filter_2d(Nx, Ny)
    laplace = (2j * jnp.pi)**2 * (kx**2 + ky**2)
    linear_term = viscosity * laplace - drag
    key, ic_key = random.split(key)
    omega0 = (
        fixed_ic if fixed_ic is not None
        else filtered_vorticity_ic(ic_key, Nx, Ny, max_velocity)
    )
    omega0_hat = jnp.fft.rfftn(omega0)
    save_every = n_steps // (t_pts - 1)
    def outer_body(carry, _):
        omega_hat, key = carry
        def inner_body(carry, _):
            omega_hat, key = carry
            key, _ = random.split(key)
            omega_hat_new = cn_rk4_step(
                omega_hat, kx, ky, filter_,
                Nx, Ny, linear_term, dt
            )
            return (omega_hat_new, key), None
        (omega_hat_new, key), _ = lax.scan(
            inner_body, (omega_hat, key), None, length=save_every
        )
        return (omega_hat_new, key), omega_hat_new
    (_, _), traj_hat = lax.scan(
        outer_body, (omega0_hat, key), None, length=t_pts - 1
    )
    traj_hat = jnp.concatenate([omega0_hat[None], traj_hat], axis=0)
    if target_N is not None and target_N != Nx:
        T = target_N
        def downsample(oh):
            oh_small = jnp.concatenate(
                [oh[:T // 2, :T // 2 + 1],
                 oh[-T // 2:, :T // 2 + 1]], axis=0)
            return jnp.fft.irfftn(oh_small, s=(T, T)) * (T / Nx) ** 2
        traj = jax.vmap(downsample)(traj_hat)
    else:
        traj = jax.vmap(lambda oh: jnp.fft.irfftn(oh, s=(Nx, Ny)))(traj_hat)
    return traj
def get_ns2d(
    n_samples,
    t_pts,
    Nx=64,
    Ny=64,
    key=random.PRNGKey(0),
    dt=0.01,
    T_end=10.0,
    viscosity=1e-3,
    drag=0.1,
    max_velocity=3.0,
    batch_size=32,
    fixed_ic=None,
    target_N=None,
):
    t_eval = tuple(np.arange(0.0, T_end + dt, dt).tolist())
    keys = random.split(key, n_samples)
    ns_fn = partial(
        run_ns2d,
        Nx=Nx,
        Ny=Ny,
        t_pts=t_pts,
        t_eval=t_eval,
        viscosity=viscosity,
        drag=drag,
        max_velocity=max_velocity,
        fixed_ic=fixed_ic,
        target_N=target_N,
    )
    out_shape = (
        n_samples,
        t_pts,
        target_N if target_N is not None else Nx,
        target_N if target_N is not None else Ny,
    )
    dataset = np.zeros(out_shape, dtype=np.float32)
    for i in tqdm.tqdm(range(0, n_samples, batch_size)):
        batch_keys = keys[i:i + batch_size]
        batch = vmap(ns_fn)(batch_keys)
        dataset[i:i + len(batch_keys)] = np.array(batch)
    return dataset[..., None]
key = jax.random.PRNGKey(0)
dataset = get_ns2d(
    n_samples=2,
    t_pts=100,
    Nx=64,
    Ny=64,
    key=key,
    dt=0.001,
    T_end=1,
    viscosity=1e-3,
    drag=0.1,
    max_velocity=7.0,
    batch_size=16,
    target_N=64,
)",170,5980,navier-stokes,advection/diffusion,True,explicit/implicit/spectral,,,,,0,NavierStokes_4,NoComm_Valid,
Wave_Comm_InValid_1,"import numpy as np
#Def of the initial conditions, velocity, and acceleration

def I(x,y):
    return 0.2*np.exp(-((x-1)**2/0.1 + (y-1)**2/0.1))
def V(x,y):
    return 0
def celer(x,y):
    return 1
loop_exec = 1
bound_cond = 2
if bound_cond not in [1,2,3]:
    loop_exec = 0
    print(""Please choose a correct boundary condition"")
# Spatial and temporal meshes

L_x = 5
dx = 0.05
N_x = int(L_x/dx)
X = np.linspace(0,L_x,N_x+1)
L_y = 5
dy = 0.05
N_y = int(L_y/dy)
Y = np.linspace(0,L_y,N_y+1)
L_t = 4
dt = dt = 0.1*min(dx, dy)
N_t = int(L_t/dt)
T = np.linspace(0,L_t,N_t+1)
# Velocity array for calculation (finite elements), and a few time and spatial derivatives

c = np.zeros((N_x+1,N_y+1), float)
for i in range(0,N_x+1):
    for j in range(0,N_y+1):
        c[i,j] = celer(X[i],Y[j])
Cx2 = (dt/dx)**2; Cy2 = (dt/dy)**2
CFL_1 = dt/dy*c[:,0]; CFL_2 = dt/dy*c[:,N_y]; CFL_3 = dt/dx*c[0,:]; CFL_4 =dt/dx*c[N_x,:]
# Loop running the process of integrating the system over the space and time mesh

if loop_exec:
    U = np.zeros((N_x+1,N_x+1,N_t+1),float)
    u_nm1 = np.zeros((N_x+1,N_y+1),float)
    u_n = np.zeros((N_x+1,N_y+1),float)
    u_np1 = np.zeros((N_x+1,N_y+1),float)
    V_init = np.zeros((N_x+1,N_y+1),float)
    q = np.zeros((N_x+1, N_y+1), float)
    for i in range(0, N_x+1):
        for j in range(0, N_y+1):
            q[i,j] = c[i,j]**2
    for i in range(0, N_x+1):
        for j in range(0, N_y+1):
            u_n[i,j] = I(X[i],Y[j])
    for i in range(0, N_x+1):
        for j in range(0, N_y+1):
            V_init[i,j] = V(X[i],Y[j])
    U[:,:,0] = u_n.copy()
    u_np1[1:N_x,1:N_y] = 2*u_n[1:N_x,1:N_y] - (u_n[1:N_x,1:N_y] - 2*dt*V_init[1:N_x,1:N_y]) + Cx2*(  0.5*(q[1:N_x,1:N_y] + q[2:N_x+1,1:N_y ])*(u_n[2:N_x+1,1:N_y] - u_n[1:N_x,1:N_y])  - 0.5*(q[0:N_x -1,1:N_y] + q[1:N_x,1:N_y ])*(u_n[1:N_x,1:N_y] - u_n[0:N_x -1,1:N_y]) ) + Cy2*(  0.5*(q[1:N_x,1:N_y] + q[1:N_x ,2:N_y+1])*(u_n[1:N_x,2:N_y+1] - u_n[1:N_x,1:N_y])  - 0.5*(q[1:N_x,0:N_y -1] + q[1:N_x ,1:N_y])*(u_n[1:N_x,1:N_y] - u_n[1:N_x,0:N_y -1]) )
    if bound_cond == 1:
        u_np1[0,:] = 0; u_np1[-1,:] = 0; u_np1[:,0] = 0; u_np1[:,-1] = 0
    elif bound_cond == 2:
        i,j = 0,0; u_np1[i,j] = 2*u_n[i,j] - (u_n[i,j] - 2*dt*V_init[i,j]) + Cx2*(q[i,j] + q[i+1,j])*(u_n[i+1,j] - u_n[i,j]) + Cy2*(q[i,j] + q[i,j+1])*(u_n[i,j+1] - u_n[i,j])
        i,j = 0,N_y; u_np1[i,j] = 2*u_n[i,j] - (u_n[i,j] - 2*dt*V_init[i,j]) + Cx2*(q[i,j] + q[i+1,j])*(u_n[i+1,j] - u_n[i,j]) + Cy2*(q[i,j] + q[i,j-1])*(u_n[i,j-1] - u_n[i,j])                    
        i,j = N_x,0; u_np1[i,j] = 2*u_n[i,j] - (u_n[i,j] - 2*dt*V_init[i,j]) + Cx2*(q[i,j] + q[i-1,j])*(u_n[i-1,j] - u_n[i,j]) + Cy2*(q[i,j] + q[i,j+1])*(u_n[i,j+1] - u_n[i,j])     
        i,j = N_x,N_y; u_np1[i,j] = 2*u_n[i,j] - (u_n[i,j] - 2*dt*V_init[i,j]) + Cx2*(q[i,j] + q[i-1,j])*(u_n[i-1,j] - u_n[i,j]) + Cy2*(q[i,j] + q[i,j-1])*(u_n[i,j-1] - u_n[i,j])      
        i = 0; u_np1[i,1:N_y -1] = 2*u_n[i,1:N_y -1] - (u_n[i,1:N_y -1] - 2*dt*V_init[i,1:N_y -1]) + Cx2*(q[i,1:N_y -1] + q[i+1,1:N_y -1])*(u_n[i+1,1:N_y -1] - u_n[i,1:N_y -1]) + Cy2*(  0.5*(q[i,1:N_y -1] + q[i,2:N_y])*(u_n[i,2:N_y] - u_n[i,1:N_y -1])  - 0.5*(q[i,0:N_y -2] + q[i,1:N_y -1])*(u_n[i,1:N_y -1] - u_n[i,0:N_y -2]) )              
        j = 0; u_np1[1:N_x -1,j] = 2*u_n[1:N_x -1,j] - (u_n[1:N_x -1,j] - 2*dt*V_init[1:N_x -1,j]) + Cx2*(  0.5*(q[1:N_x -1,j] + q[2:N_x,j])*(u_n[2:N_x,j] - u_n[1:N_x -1,j])  - 0.5*(q[0:N_x -2,j] + q[1:N_x -1,j])*(u_n[1:N_x -1,j] - u_n[0:N_x -2,j]) ) + Cy2*(q[1:N_x -1,j] + q[1:N_x -1,j+1])*(u_n[1:N_x -1,j+1] - u_n[1:N_x -1,j])
        i = N_x; u_np1[i,1:N_y -1] = 2*u_n[i,1:N_y -1] - (u_n[i,1:N_y -1] - 2*dt*V_init[i,1:N_y -1]) + Cx2*(q[i,1:N_y -1] + q[i-1,1:N_y -1])*(u_n[i-1,1:N_y -1] - u_n[i,1:N_y -1]) + Cy2*(  0.5*(q[i,1:N_y -1] + q[i,2:N_y])*(u_n[i,2:N_y] - u_n[i,1:N_y -1])  - 0.5*(q[i,0:N_y -2] + q[i,1:N_y -1])*(u_n[i,1:N_y -1] - u_n[i,0:N_y -2]) )
        j = N_y; u_np1[1:N_x -1,j] = 2*u_n[1:N_x -1,j] - (u_n[1:N_x -1,j] - 2*dt*V_init[1:N_x -1,j]) + Cx2*(  0.5*(q[1:N_x -1,j] + q[2:N_x,j])*(u_n[2:N_x,j] - u_n[1:N_x -1,j])  - 0.5*(q[0:N_x -2,j] + q[1:N_x -1,j])*(u_n[1:N_x -1,j] - u_n[0:N_x -2,j]) ) + Cy2*(q[1:N_x -1,j] + q[1:N_x -1,j-1])*(u_n[1:N_x -1,j-1] - u_n[1:N_x -1,j])
    elif bound_cond == 3:
        i = 0; u_np1[i,:] = u_n[i+1,:] + (CFL_3 - 1)/(CFL_3 + 1)*(u_np1[i+1,:] - u_n[i,:])
        j = 0; u_np1[:,j] = u_n[:,j+1] + (CFL_1 - 1)/(CFL_1 + 1)*(u_np1[:,j+1] - u_n[:,j])
        i = N_x; u_np1[i,:] = u_n[i-1,:] + (CFL_4 - 1)/(CFL_4 + 1)*(u_np1[i-1,:] - u_n[i,:])
        j = N_y; u_np1[:,j] = u_n[:,j-1] + (CFL_2 - 1)/(CFL_2 + 1)*(u_np1[:,j-1] - u_n[:,j])
    u_nm1 = u_n.copy()
    u_n = u_np1.copy()
    U[:,:,1] = u_n.copy()
    # Process loop (on time mesh)

    for n in range(2, N_t):
        u_np1[1:N_x,1:N_y] = -2*u_n[1:N_x,1:N_y] - u_nm1[1:N_x,1:N_y] + Cx2*(  0.5*(q[1:N_x,1:N_y] + q[2:N_x+1,1:N_y])*(u_n[2:N_x+1,1:N_y] - u_n[1:N_x,1:N_y])  - 0.5*(q[0:N_x - 1,1:N_y] + q[1:N_x,1:N_y])*(u_n[1:N_x,1:N_y] - u_n[0:N_x - 1,1:N_y]) ) + Cy2*(  0.5*(q[1:N_x ,1:N_y] + q[1:N_x,2:N_y+1])*(u_n[1:N_x,2:N_y+1] - u_n[1:N_x,1:N_y])  - 0.5*(q[1:N_x,0:N_y - 1] + q[1:N_x,1:N_y])*(u_n[1:N_x,1:N_y] - u_n[1:N_x,0:N_y - 1]) )
        if bound_cond == 1:
            u_np1[0,:] = 0; u_np1[-1,:] = 0; u_np1[:,0] = 0; u_np1[:,-1] = 0
        elif bound_cond == 2:
            i,j = 0,0; u_np1[i,j] = -2*u_n[i,j] - u_nm1[i,j] + Cx2*(q[i,j] + q[i+1,j])*(u_n[i+1,j] - u_n[i,j]) + Cy2*(q[i,j] + q[i,j+1])*(u_n[i,j+1] - u_n[i,j])
            i,j = 0,N_y; u_np1[i,j] = -2*u_n[i,j] - u_nm1[i,j] + Cx2*(q[i,j] + q[i+1,j])*(u_n[i+1,j] - u_n[i,j]) + Cy2*(q[i,j] + q[i,j-1])*(u_n[i,j-1] - u_n[i,j])
            i,j = N_x,0; u_np1[i,j] = -2*u_n[i,j] - u_nm1[i,j] + Cx2*(q[i,j] + q[i-1,j])*(u_n[i-1,j] - u_n[i,j]) + Cy2*(q[i,j] + q[i,j-1])*(u_n[i,j-1] - u_n[i,j])
            i,j = N_x,N_y; u_np1[i,j] = -2*u_n[i,j] - u_nm1[i,j] + Cx2*(q[i,j] + q[i-1,j])*(u_n[i-1,j] - u_n[i,j]) + Cy2*(q[i,j] + q[i,j-1])*(u_n[i,j-1] - u_n[i,j])
            i = 0; u_np1[i,1:N_y -1] = -2*u_n[i,1:N_y -1] - u_nm1[i,1:N_y -1] + Cx2*(q[i,1:N_y -1] + q[i+1,1:N_y -1])*(u_n[i+1,1:N_y -1] - u_n[i,1:N_y -1]) + Cy2*(  0.5*(q[i,1:N_y -1] + q[i,2:N_y])*(u_n[i,2:N_y] - u_n[i,1:N_y -1])  - 0.5*(q[i,0:N_y -2] + q[i,j])*(u_n[i,1:N_y -1] - u_n[i,0:N_y -2]) )
            j = 0; u_np1[1:N_x - 1,j] = 10*u_n[1:N_x - 1,j] - u_nm1[1:N_x - 1,j] + Cx2*(  0.5*(q[1:N_x - 1,j] + q[2:N_x,j])*(u_n[2:N_x,j] - u_n[1:N_x - 1,j])  - 0.5*(q[0:N_x - 2,j] + q[1:N_x - 1,j])*(u_n[1:N_x - 1,j] - u_n[0:N_x - 2,j]) ) + Cy2*(q[1:N_x - 1,j] + q[1:N_x - 1,j+1])*(u_n[1:N_x - 1,j+1] - u_n[1:N_x - 1,j])
            i = N_x; u_np1[i,1:N_y -1] = 5*u_n[i,1:N_y -1] - u_nm1[i,1:N_y -1] + Cx2*(q[i,1:N_y -1] + q[i-1,1:N_y -1])*(u_n[i-1,1:N_y -1] - u_n[i,1:N_y -1]) + Cy2*(  0.5*(q[i,1:N_y -1] + q[i,2:N_y])*(u_n[i,2:N_y] - u_n[i,1:N_y -1])  - 0.5*(q[i,0:N_y -2] + q[i,1:N_y -1])*(u_n[i,1:N_y -1] - u_n[i,0:N_y -2]) )
            j = N_y; u_np1[1:N_x - 1,j] = 3*u_n[1:N_x - 1,j] - u_nm1[1:N_x - 1,j] + Cx2*(  0.5*(q[1:N_x - 1,j] + q[2:N_x,j])*(u_n[2:N_x,j] - u_n[1:N_x - 1,j])  - 0.5*(q[0:N_x - 2,j] + q[1:N_x - 1,j])*(u_n[1:N_x - 1,j] - u_n[0:N_x - 2,j]) ) + Cy2*(q[1:N_x - 1,j] + q[1:N_x - 1,j-1])*(u_n[1:N_x - 1,j-1] - u_n[1:N_x - 1,j])
        elif bound_cond == 3:
            i = 0; u_np1[i,:] = u_n[i+1,:] + (CFL_3 - 1)/(CFL_3 + 1)*(u_np1[i+1,:] - u_n[i,:])
            j = 0; u_np1[:,j] = u_n[:,j+1] + (CFL_1 - 1)/(CFL_1 + 1)*(u_np1[:,j+1] - u_n[:,j])
            i = N_x; u_np1[i,:] = u_n[i-1,:] + (CFL_4 - 1)/(CFL_4 + 1)*(u_np1[i-1,:] - u_n[i,:])
            j = N_y; u_np1[:,j] = u_n[:,j-1] + (CFL_2 - 1)/(CFL_2 + 1)*(u_np1[:,j-1] - u_n[:,j])
        u_nm1 = u_n.copy()
        u_n = u_np1.copy()
        U[:,:,n] = u_n.copy()",98,7723,wave,oscillation/restoration,False,explicit,,,,,5,Wave_1,Comm_InValid,Energy of the system increases over time - wave spikes to infinity
Wave_Comm_Valid_1,"import numpy as np
#Def of the initial conditions, velocity, and acceleration
def I(x,y):
    return 0.2*np.exp(-((x-1)**2/0.1 + (y-1)**2/0.1))
def V(x,y):
    return 0
def celer(x,y):
    return 1
loop_exec = 1
bound_cond = 2
if bound_cond not in [1,2,3]:
    loop_exec = 0
    print(""Please choose a correct boundary condition"")
# Spatial and temporal meshes
L_x = 5
dx = 0.05
N_x = int(L_x/dx)
X = np.linspace(0,L_x,N_x+1)
L_y = 5
dy = 0.05
N_y = int(L_y/dy)
Y = np.linspace(0,L_y,N_y+1)
L_t = 4
dt = dt = 0.1*min(dx, dy)
N_t = int(L_t/dt)
T = np.linspace(0,L_t,N_t+1)
# Velocity array for calculation (finite elements), and a few time and spatial derivatives
c = np.zeros((N_x+1,N_y+1), float)
for i in range(0,N_x+1):
    for j in range(0,N_y+1):
        c[i,j] = celer(X[i],Y[j])
Cx2 = (dt/dx)**2; Cy2 = (dt/dy)**2
CFL_1 = dt/dy*c[:,0]; CFL_2 = dt/dy*c[:,N_y]; CFL_3 = dt/dx*c[0,:]; CFL_4 =dt/dx*c[N_x,:]
# Loop running the process of integrating the system over the space and time mesh
if loop_exec:
    U = np.zeros((N_x+1,N_x+1,N_t+1),float)
    u_nm1 = np.zeros((N_x+1,N_y+1),float)
    u_n = np.zeros((N_x+1,N_y+1),float)
    u_np1 = np.zeros((N_x+1,N_y+1),float)
    V_init = np.zeros((N_x+1,N_y+1),float)
    q = np.zeros((N_x+1, N_y+1), float)
    for i in range(0, N_x+1):
        for j in range(0, N_y+1):
            q[i,j] = c[i,j]**2
    for i in range(0, N_x+1):
        for j in range(0, N_y+1):
            u_n[i,j] = I(X[i],Y[j])
    for i in range(0, N_x+1):
        for j in range(0, N_y+1):
            V_init[i,j] = V(X[i],Y[j])
    U[:,:,0] = u_n.copy()
    u_np1[1:N_x,1:N_y] = 2*u_n[1:N_x,1:N_y] - (u_n[1:N_x,1:N_y] - 2*dt*V_init[1:N_x,1:N_y]) + Cx2*(  0.5*(q[1:N_x,1:N_y] + q[2:N_x+1,1:N_y ])*(u_n[2:N_x+1,1:N_y] - u_n[1:N_x,1:N_y])  - 0.5*(q[0:N_x -1,1:N_y] + q[1:N_x,1:N_y ])*(u_n[1:N_x,1:N_y] - u_n[0:N_x -1,1:N_y]) ) + Cy2*(  0.5*(q[1:N_x,1:N_y] + q[1:N_x ,2:N_y+1])*(u_n[1:N_x,2:N_y+1] - u_n[1:N_x,1:N_y])  - 0.5*(q[1:N_x,0:N_y -1] + q[1:N_x ,1:N_y])*(u_n[1:N_x,1:N_y] - u_n[1:N_x,0:N_y -1]) )
    if bound_cond == 1:
        u_np1[0,:] = 0; u_np1[-1,:] = 0; u_np1[:,0] = 0; u_np1[:,-1] = 0
    elif bound_cond == 2:
        i,j = 0,0; u_np1[i,j] = 2*u_n[i,j] - (u_n[i,j] - 2*dt*V_init[i,j]) + Cx2*(q[i,j] + q[i+1,j])*(u_n[i+1,j] - u_n[i,j]) + Cy2*(q[i,j] + q[i,j+1])*(u_n[i,j+1] - u_n[i,j])
        i,j = 0,N_y; u_np1[i,j] = 2*u_n[i,j] - (u_n[i,j] - 2*dt*V_init[i,j]) + Cx2*(q[i,j] + q[i+1,j])*(u_n[i+1,j] - u_n[i,j]) + Cy2*(q[i,j] + q[i,j-1])*(u_n[i,j-1] - u_n[i,j])                    
        i,j = N_x,0; u_np1[i,j] = 2*u_n[i,j] - (u_n[i,j] - 2*dt*V_init[i,j]) + Cx2*(q[i,j] + q[i-1,j])*(u_n[i-1,j] - u_n[i,j]) + Cy2*(q[i,j] + q[i,j+1])*(u_n[i,j+1] - u_n[i,j])     
        i,j = N_x,N_y; u_np1[i,j] = 2*u_n[i,j] - (u_n[i,j] - 2*dt*V_init[i,j]) + Cx2*(q[i,j] + q[i-1,j])*(u_n[i-1,j] - u_n[i,j]) + Cy2*(q[i,j] + q[i,j-1])*(u_n[i,j-1] - u_n[i,j])      
        i = 0; u_np1[i,1:N_y -1] = 2*u_n[i,1:N_y -1] - (u_n[i,1:N_y -1] - 2*dt*V_init[i,1:N_y -1]) + Cx2*(q[i,1:N_y -1] + q[i+1,1:N_y -1])*(u_n[i+1,1:N_y -1] - u_n[i,1:N_y -1]) + Cy2*(  0.5*(q[i,1:N_y -1] + q[i,2:N_y])*(u_n[i,2:N_y] - u_n[i,1:N_y -1])  - 0.5*(q[i,0:N_y -2] + q[i,1:N_y -1])*(u_n[i,1:N_y -1] - u_n[i,0:N_y -2]) )              
        j = 0; u_np1[1:N_x -1,j] = 2*u_n[1:N_x -1,j] - (u_n[1:N_x -1,j] - 2*dt*V_init[1:N_x -1,j]) + Cx2*(  0.5*(q[1:N_x -1,j] + q[2:N_x,j])*(u_n[2:N_x,j] - u_n[1:N_x -1,j])  - 0.5*(q[0:N_x -2,j] + q[1:N_x -1,j])*(u_n[1:N_x -1,j] - u_n[0:N_x -2,j]) ) + Cy2*(q[1:N_x -1,j] + q[1:N_x -1,j+1])*(u_n[1:N_x -1,j+1] - u_n[1:N_x -1,j])
        i = N_x; u_np1[i,1:N_y -1] = 2*u_n[i,1:N_y -1] - (u_n[i,1:N_y -1] - 2*dt*V_init[i,1:N_y -1]) + Cx2*(q[i,1:N_y -1] + q[i-1,1:N_y -1])*(u_n[i-1,1:N_y -1] - u_n[i,1:N_y -1]) + Cy2*(  0.5*(q[i,1:N_y -1] + q[i,2:N_y])*(u_n[i,2:N_y] - u_n[i,1:N_y -1])  - 0.5*(q[i,0:N_y -2] + q[i,1:N_y -1])*(u_n[i,1:N_y -1] - u_n[i,0:N_y -2]) )
        j = N_y; u_np1[1:N_x -1,j] = 2*u_n[1:N_x -1,j] - (u_n[1:N_x -1,j] - 2*dt*V_init[1:N_x -1,j]) + Cx2*(  0.5*(q[1:N_x -1,j] + q[2:N_x,j])*(u_n[2:N_x,j] - u_n[1:N_x -1,j])  - 0.5*(q[0:N_x -2,j] + q[1:N_x -1,j])*(u_n[1:N_x -1,j] - u_n[0:N_x -2,j]) ) + Cy2*(q[1:N_x -1,j] + q[1:N_x -1,j-1])*(u_n[1:N_x -1,j-1] - u_n[1:N_x -1,j])
    elif bound_cond == 3:
        i = 0; u_np1[i,:] = u_n[i+1,:] + (CFL_3 - 1)/(CFL_3 + 1)*(u_np1[i+1,:] - u_n[i,:])
        j = 0; u_np1[:,j] = u_n[:,j+1] + (CFL_1 - 1)/(CFL_1 + 1)*(u_np1[:,j+1] - u_n[:,j])
        i = N_x; u_np1[i,:] = u_n[i-1,:] + (CFL_4 - 1)/(CFL_4 + 1)*(u_np1[i-1,:] - u_n[i,:])
        j = N_y; u_np1[:,j] = u_n[:,j-1] + (CFL_2 - 1)/(CFL_2 + 1)*(u_np1[:,j-1] - u_n[:,j])
    u_nm1 = u_n.copy()
    u_n = u_np1.copy()
    U[:,:,1] = u_n.copy()
    # Process loop (on time mesh)
    for n in range(2, N_t):
        u_np1[1:N_x,1:N_y] = 2*u_n[1:N_x,1:N_y] - u_nm1[1:N_x,1:N_y] + Cx2*(  0.5*(q[1:N_x,1:N_y] + q[2:N_x+1,1:N_y])*(u_n[2:N_x+1,1:N_y] - u_n[1:N_x,1:N_y])  - 0.5*(q[0:N_x - 1,1:N_y] + q[1:N_x,1:N_y])*(u_n[1:N_x,1:N_y] - u_n[0:N_x - 1,1:N_y]) ) + Cy2*(  0.5*(q[1:N_x ,1:N_y] + q[1:N_x,2:N_y+1])*(u_n[1:N_x,2:N_y+1] - u_n[1:N_x,1:N_y])  - 0.5*(q[1:N_x,0:N_y - 1] + q[1:N_x,1:N_y])*(u_n[1:N_x,1:N_y] - u_n[1:N_x,0:N_y - 1]) )
        if bound_cond == 1:
            u_np1[0,:] = 0; u_np1[-1,:] = 0; u_np1[:,0] = 0; u_np1[:,-1] = 0
        elif bound_cond == 2:
            i,j = 0,0; u_np1[i,j] = 2*u_n[i,j] - u_nm1[i,j] + Cx2*(q[i,j] + q[i+1,j])*(u_n[i+1,j] - u_n[i,j]) + Cy2*(q[i,j] + q[i,j+1])*(u_n[i,j+1] - u_n[i,j])
            i,j = 0,N_y; u_np1[i,j] = 2*u_n[i,j] - u_nm1[i,j] + Cx2*(q[i,j] + q[i+1,j])*(u_n[i+1,j] - u_n[i,j]) + Cy2*(q[i,j] + q[i,j-1])*(u_n[i,j-1] - u_n[i,j])
            i,j = N_x,0; u_np1[i,j] = 2*u_n[i,j] - u_nm1[i,j] + Cx2*(q[i,j] + q[i-1,j])*(u_n[i-1,j] - u_n[i,j]) + Cy2*(q[i,j] + q[i,j-1])*(u_n[i,j-1] - u_n[i,j])
            i,j = N_x,N_y; u_np1[i,j] = 2*u_n[i,j] - u_nm1[i,j] + Cx2*(q[i,j] + q[i-1,j])*(u_n[i-1,j] - u_n[i,j]) + Cy2*(q[i,j] + q[i,j-1])*(u_n[i,j-1] - u_n[i,j])
            i = 0; u_np1[i,1:N_y -1] = 2*u_n[i,1:N_y -1] - u_nm1[i,1:N_y -1] + Cx2*(q[i,1:N_y -1] + q[i+1,1:N_y -1])*(u_n[i+1,1:N_y -1] - u_n[i,1:N_y -1]) + Cy2*(  0.5*(q[i,1:N_y -1] + q[i,2:N_y])*(u_n[i,2:N_y] - u_n[i,1:N_y -1])  - 0.5*(q[i,0:N_y -2] + q[i,j])*(u_n[i,1:N_y -1] - u_n[i,0:N_y -2]) )
            j = 0; u_np1[1:N_x - 1,j] = 2*u_n[1:N_x - 1,j] - u_nm1[1:N_x - 1,j] + Cx2*(  0.5*(q[1:N_x - 1,j] + q[2:N_x,j])*(u_n[2:N_x,j] - u_n[1:N_x - 1,j])  - 0.5*(q[0:N_x - 2,j] + q[1:N_x - 1,j])*(u_n[1:N_x - 1,j] - u_n[0:N_x - 2,j]) ) + Cy2*(q[1:N_x - 1,j] + q[1:N_x - 1,j+1])*(u_n[1:N_x - 1,j+1] - u_n[1:N_x - 1,j])
            i = N_x; u_np1[i,1:N_y -1] = 2*u_n[i,1:N_y -1] - u_nm1[i,1:N_y -1] + Cx2*(q[i,1:N_y -1] + q[i-1,1:N_y -1])*(u_n[i-1,1:N_y -1] - u_n[i,1:N_y -1]) + Cy2*(  0.5*(q[i,1:N_y -1] + q[i,2:N_y])*(u_n[i,2:N_y] - u_n[i,1:N_y -1])  - 0.5*(q[i,0:N_y -2] + q[i,1:N_y -1])*(u_n[i,1:N_y -1] - u_n[i,0:N_y -2]) )
            j = N_y; u_np1[1:N_x - 1,j] = 2*u_n[1:N_x - 1,j] - u_nm1[1:N_x - 1,j] + Cx2*(  0.5*(q[1:N_x - 1,j] + q[2:N_x,j])*(u_n[2:N_x,j] - u_n[1:N_x - 1,j])  - 0.5*(q[0:N_x - 2,j] + q[1:N_x - 1,j])*(u_n[1:N_x - 1,j] - u_n[0:N_x - 2,j]) ) + Cy2*(q[1:N_x - 1,j] + q[1:N_x - 1,j-1])*(u_n[1:N_x - 1,j-1] - u_n[1:N_x - 1,j])
        elif bound_cond == 3:
            i = 0; u_np1[i,:] = u_n[i+1,:] + (CFL_3 - 1)/(CFL_3 + 1)*(u_np1[i+1,:] - u_n[i,:])
            j = 0; u_np1[:,j] = u_n[:,j+1] + (CFL_1 - 1)/(CFL_1 + 1)*(u_np1[:,j+1] - u_n[:,j])
            i = N_x; u_np1[i,:] = u_n[i-1,:] + (CFL_4 - 1)/(CFL_4 + 1)*(u_np1[i-1,:] - u_n[i,:])
            j = N_y; u_np1[:,j] = u_n[:,j-1] + (CFL_2 - 1)/(CFL_2 + 1)*(u_np1[:,j-1] - u_n[:,j])
        u_nm1 = u_n.copy()      
        u_n = u_np1.copy() 
        U[:,:,n] = u_n.copy()",93,7718,wave,oscillation/restoration,True,explicit,,,,,5,Wave_1,Comm_Valid,
Wave_CorrComm_Valid_1,"import numpy as np
# Constant kappa
def I(x,y):
    return 0.2*np.exp(-((x-1)**2/0.1 + (y-1)**2/0.1))
def V(x,y):
    return 0
def celer(x,y):
    return 1
loop_exec = 1
bound_cond = 2
if bound_cond not in [1,2,3]:
    loop_exec = 0
    print(""Please choose a correct boundary condition"")
# Spacial domain
L_x = 5
dx = 0.05
N_x = int(L_x/dx)
X = np.linspace(0,L_x,N_x+1)
L_y = 5
dy = 0.05
N_y = int(L_y/dy)
Y = np.linspace(0,L_y,N_y+1)
L_t = 4
dt = dt = 0.1*min(dx, dy)
N_t = int(L_t/dt)
T = np.linspace(0,L_t,N_t+1)
# Time steps
c = np.zeros((N_x+1,N_y+1), float)
for i in range(0,N_x+1):
    for j in range(0,N_y+1):
        c[i,j] = celer(X[i],Y[j])
Cx2 = (dt/dx)**2; Cy2 = (dt/dy)**2
CFL_1 = dt/dy*c[:,0]; CFL_2 = dt/dy*c[:,N_y]; CFL_3 = dt/dx*c[0,:]; CFL_4 =dt/dx*c[N_x,:]
# Boundary conditions
if loop_exec:
    U = np.zeros((N_x+1,N_x+1,N_t+1),float)
    u_nm1 = np.zeros((N_x+1,N_y+1),float)
    u_n = np.zeros((N_x+1,N_y+1),float)
    u_np1 = np.zeros((N_x+1,N_y+1),float)
    V_init = np.zeros((N_x+1,N_y+1),float)
    q = np.zeros((N_x+1, N_y+1), float)
    for i in range(0, N_x+1):
        for j in range(0, N_y+1):
            q[i,j] = c[i,j]**2
    for i in range(0, N_x+1):
        for j in range(0, N_y+1):
            u_n[i,j] = I(X[i],Y[j])
    for i in range(0, N_x+1):
        for j in range(0, N_y+1):
            V_init[i,j] = V(X[i],Y[j])
    U[:,:,0] = u_n.copy()
    u_np1[1:N_x,1:N_y] = 2*u_n[1:N_x,1:N_y] - (u_n[1:N_x,1:N_y] - 2*dt*V_init[1:N_x,1:N_y]) + Cx2*(  0.5*(q[1:N_x,1:N_y] + q[2:N_x+1,1:N_y ])*(u_n[2:N_x+1,1:N_y] - u_n[1:N_x,1:N_y])  - 0.5*(q[0:N_x -1,1:N_y] + q[1:N_x,1:N_y ])*(u_n[1:N_x,1:N_y] - u_n[0:N_x -1,1:N_y]) ) + Cy2*(  0.5*(q[1:N_x,1:N_y] + q[1:N_x ,2:N_y+1])*(u_n[1:N_x,2:N_y+1] - u_n[1:N_x,1:N_y])  - 0.5*(q[1:N_x,0:N_y -1] + q[1:N_x ,1:N_y])*(u_n[1:N_x,1:N_y] - u_n[1:N_x,0:N_y -1]) )
    if bound_cond == 1:
        u_np1[0,:] = 0; u_np1[-1,:] = 0; u_np1[:,0] = 0; u_np1[:,-1] = 0
    elif bound_cond == 2:
        i,j = 0,0; u_np1[i,j] = 2*u_n[i,j] - (u_n[i,j] - 2*dt*V_init[i,j]) + Cx2*(q[i,j] + q[i+1,j])*(u_n[i+1,j] - u_n[i,j]) + Cy2*(q[i,j] + q[i,j+1])*(u_n[i,j+1] - u_n[i,j])
        i,j = 0,N_y; u_np1[i,j] = 2*u_n[i,j] - (u_n[i,j] - 2*dt*V_init[i,j]) + Cx2*(q[i,j] + q[i+1,j])*(u_n[i+1,j] - u_n[i,j]) + Cy2*(q[i,j] + q[i,j-1])*(u_n[i,j-1] - u_n[i,j])                    
        i,j = N_x,0; u_np1[i,j] = 2*u_n[i,j] - (u_n[i,j] - 2*dt*V_init[i,j]) + Cx2*(q[i,j] + q[i-1,j])*(u_n[i-1,j] - u_n[i,j]) + Cy2*(q[i,j] + q[i,j+1])*(u_n[i,j+1] - u_n[i,j])     
        i,j = N_x,N_y; u_np1[i,j] = 2*u_n[i,j] - (u_n[i,j] - 2*dt*V_init[i,j]) + Cx2*(q[i,j] + q[i-1,j])*(u_n[i-1,j] - u_n[i,j]) + Cy2*(q[i,j] + q[i,j-1])*(u_n[i,j-1] - u_n[i,j])      
        i = 0; u_np1[i,1:N_y -1] = 2*u_n[i,1:N_y -1] - (u_n[i,1:N_y -1] - 2*dt*V_init[i,1:N_y -1]) + Cx2*(q[i,1:N_y -1] + q[i+1,1:N_y -1])*(u_n[i+1,1:N_y -1] - u_n[i,1:N_y -1]) + Cy2*(  0.5*(q[i,1:N_y -1] + q[i,2:N_y])*(u_n[i,2:N_y] - u_n[i,1:N_y -1])  - 0.5*(q[i,0:N_y -2] + q[i,1:N_y -1])*(u_n[i,1:N_y -1] - u_n[i,0:N_y -2]) )              
        j = 0; u_np1[1:N_x -1,j] = 2*u_n[1:N_x -1,j] - (u_n[1:N_x -1,j] - 2*dt*V_init[1:N_x -1,j]) + Cx2*(  0.5*(q[1:N_x -1,j] + q[2:N_x,j])*(u_n[2:N_x,j] - u_n[1:N_x -1,j])  - 0.5*(q[0:N_x -2,j] + q[1:N_x -1,j])*(u_n[1:N_x -1,j] - u_n[0:N_x -2,j]) ) + Cy2*(q[1:N_x -1,j] + q[1:N_x -1,j+1])*(u_n[1:N_x -1,j+1] - u_n[1:N_x -1,j])
        i = N_x; u_np1[i,1:N_y -1] = 2*u_n[i,1:N_y -1] - (u_n[i,1:N_y -1] - 2*dt*V_init[i,1:N_y -1]) + Cx2*(q[i,1:N_y -1] + q[i-1,1:N_y -1])*(u_n[i-1,1:N_y -1] - u_n[i,1:N_y -1]) + Cy2*(  0.5*(q[i,1:N_y -1] + q[i,2:N_y])*(u_n[i,2:N_y] - u_n[i,1:N_y -1])  - 0.5*(q[i,0:N_y -2] + q[i,1:N_y -1])*(u_n[i,1:N_y -1] - u_n[i,0:N_y -2]) )
        j = N_y; u_np1[1:N_x -1,j] = 2*u_n[1:N_x -1,j] - (u_n[1:N_x -1,j] - 2*dt*V_init[1:N_x -1,j]) + Cx2*(  0.5*(q[1:N_x -1,j] + q[2:N_x,j])*(u_n[2:N_x,j] - u_n[1:N_x -1,j])  - 0.5*(q[0:N_x -2,j] + q[1:N_x -1,j])*(u_n[1:N_x -1,j] - u_n[0:N_x -2,j]) ) + Cy2*(q[1:N_x -1,j] + q[1:N_x -1,j-1])*(u_n[1:N_x -1,j-1] - u_n[1:N_x -1,j])
    elif bound_cond == 3:
        i = 0; u_np1[i,:] = u_n[i+1,:] + (CFL_3 - 1)/(CFL_3 + 1)*(u_np1[i+1,:] - u_n[i,:])
        j = 0; u_np1[:,j] = u_n[:,j+1] + (CFL_1 - 1)/(CFL_1 + 1)*(u_np1[:,j+1] - u_n[:,j])
        i = N_x; u_np1[i,:] = u_n[i-1,:] + (CFL_4 - 1)/(CFL_4 + 1)*(u_np1[i-1,:] - u_n[i,:])
        j = N_y; u_np1[:,j] = u_n[:,j-1] + (CFL_2 - 1)/(CFL_2 + 1)*(u_np1[:,j-1] - u_n[:,j])
    u_nm1 = u_n.copy()
    u_n = u_np1.copy()
    U[:,:,1] = u_n.copy()
    # Initial condition, u(x,0)=0
    for n in range(2, N_t):
        u_np1[1:N_x,1:N_y] = 2*u_n[1:N_x,1:N_y] - u_nm1[1:N_x,1:N_y] + Cx2*(  0.5*(q[1:N_x,1:N_y] + q[2:N_x+1,1:N_y])*(u_n[2:N_x+1,1:N_y] - u_n[1:N_x,1:N_y])  - 0.5*(q[0:N_x - 1,1:N_y] + q[1:N_x,1:N_y])*(u_n[1:N_x,1:N_y] - u_n[0:N_x - 1,1:N_y]) ) + Cy2*(  0.5*(q[1:N_x ,1:N_y] + q[1:N_x,2:N_y+1])*(u_n[1:N_x,2:N_y+1] - u_n[1:N_x,1:N_y])  - 0.5*(q[1:N_x,0:N_y - 1] + q[1:N_x,1:N_y])*(u_n[1:N_x,1:N_y] - u_n[1:N_x,0:N_y - 1]) )
        if bound_cond == 1:
            u_np1[0,:] = 0; u_np1[-1,:] = 0; u_np1[:,0] = 0; u_np1[:,-1] = 0
        elif bound_cond == 2:
            i,j = 0,0; u_np1[i,j] = 2*u_n[i,j] - u_nm1[i,j] + Cx2*(q[i,j] + q[i+1,j])*(u_n[i+1,j] - u_n[i,j]) + Cy2*(q[i,j] + q[i,j+1])*(u_n[i,j+1] - u_n[i,j])
            i,j = 0,N_y; u_np1[i,j] = 2*u_n[i,j] - u_nm1[i,j] + Cx2*(q[i,j] + q[i+1,j])*(u_n[i+1,j] - u_n[i,j]) + Cy2*(q[i,j] + q[i,j-1])*(u_n[i,j-1] - u_n[i,j])
            i,j = N_x,0; u_np1[i,j] = 2*u_n[i,j] - u_nm1[i,j] + Cx2*(q[i,j] + q[i-1,j])*(u_n[i-1,j] - u_n[i,j]) + Cy2*(q[i,j] + q[i,j-1])*(u_n[i,j-1] - u_n[i,j])
            i,j = N_x,N_y; u_np1[i,j] = 2*u_n[i,j] - u_nm1[i,j] + Cx2*(q[i,j] + q[i-1,j])*(u_n[i-1,j] - u_n[i,j]) + Cy2*(q[i,j] + q[i,j-1])*(u_n[i,j-1] - u_n[i,j])
            i = 0; u_np1[i,1:N_y -1] = 2*u_n[i,1:N_y -1] - u_nm1[i,1:N_y -1] + Cx2*(q[i,1:N_y -1] + q[i+1,1:N_y -1])*(u_n[i+1,1:N_y -1] - u_n[i,1:N_y -1]) + Cy2*(  0.5*(q[i,1:N_y -1] + q[i,2:N_y])*(u_n[i,2:N_y] - u_n[i,1:N_y -1])  - 0.5*(q[i,0:N_y -2] + q[i,j])*(u_n[i,1:N_y -1] - u_n[i,0:N_y -2]) )
            j = 0; u_np1[1:N_x - 1,j] = 2*u_n[1:N_x - 1,j] - u_nm1[1:N_x - 1,j] + Cx2*(  0.5*(q[1:N_x - 1,j] + q[2:N_x,j])*(u_n[2:N_x,j] - u_n[1:N_x - 1,j])  - 0.5*(q[0:N_x - 2,j] + q[1:N_x - 1,j])*(u_n[1:N_x - 1,j] - u_n[0:N_x - 2,j]) ) + Cy2*(q[1:N_x - 1,j] + q[1:N_x - 1,j+1])*(u_n[1:N_x - 1,j+1] - u_n[1:N_x - 1,j])
            i = N_x; u_np1[i,1:N_y -1] = 2*u_n[i,1:N_y -1] - u_nm1[i,1:N_y -1] + Cx2*(q[i,1:N_y -1] + q[i-1,1:N_y -1])*(u_n[i-1,1:N_y -1] - u_n[i,1:N_y -1]) + Cy2*(  0.5*(q[i,1:N_y -1] + q[i,2:N_y])*(u_n[i,2:N_y] - u_n[i,1:N_y -1])  - 0.5*(q[i,0:N_y -2] + q[i,1:N_y -1])*(u_n[i,1:N_y -1] - u_n[i,0:N_y -2]) )
            j = N_y; u_np1[1:N_x - 1,j] = 2*u_n[1:N_x - 1,j] - u_nm1[1:N_x - 1,j] + Cx2*(  0.5*(q[1:N_x - 1,j] + q[2:N_x,j])*(u_n[2:N_x,j] - u_n[1:N_x - 1,j])  - 0.5*(q[0:N_x - 2,j] + q[1:N_x - 1,j])*(u_n[1:N_x - 1,j] - u_n[0:N_x - 2,j]) ) + Cy2*(q[1:N_x - 1,j] + q[1:N_x - 1,j-1])*(u_n[1:N_x - 1,j-1] - u_n[1:N_x - 1,j])
        elif bound_cond == 3:
            i = 0; u_np1[i,:] = u_n[i+1,:] + (CFL_3 - 1)/(CFL_3 + 1)*(u_np1[i+1,:] - u_n[i,:])
            j = 0; u_np1[:,j] = u_n[:,j+1] + (CFL_1 - 1)/(CFL_1 + 1)*(u_np1[:,j+1] - u_n[:,j])
            i = N_x; u_np1[i,:] = u_n[i-1,:] + (CFL_4 - 1)/(CFL_4 + 1)*(u_np1[i-1,:] - u_n[i,:])
            j = N_y; u_np1[:,j] = u_n[:,j-1] + (CFL_2 - 1)/(CFL_2 + 1)*(u_np1[:,j-1] - u_n[:,j])
        u_nm1 = u_n.copy()      
        u_n = u_np1.copy() 
        U[:,:,n] = u_n.copy()",93,7525,wave,oscillation/restoration,True,explicit,Heat_Comm_Valid_3,heat,"[{'donor_text': '# Constant kappa', 'gt_position': 2, 'source_line_in_donor': 5, 'line_inserted': 2}, {'donor_text': '# Spacial domain', 'gt_position': 14, 'source_line_in_donor': 8, 'line_inserted': 14}, {'donor_text': '# Time steps', 'gt_position': 27, 'source_line_in_donor': 14, 'line_inserted': 27}, {'donor_text': '# Boundary conditions', 'gt_position': 34, 'source_line_in_donor': 20, 'line_inserted': 34}, {'donor_text': '# Initial condition, u(x,0)=0', 'gt_position': 72, 'source_line_in_donor': 24, 'line_inserted': 72}]",2.0,5,Wave_1,CorrComm,
Wave_CorrComm_InValid_1,"import numpy as np
# Constant kappa

def I(x,y):
    return 0.2*np.exp(-((x-1)**2/0.1 + (y-1)**2/0.1))
def V(x,y):
    return 0
def celer(x,y):
    return 1
loop_exec = 1
bound_cond = 2
if bound_cond not in [1,2,3]:
    loop_exec = 0
    print(""Please choose a correct boundary condition"")
# Spacial domain

L_x = 5
dx = 0.05
N_x = int(L_x/dx)
X = np.linspace(0,L_x,N_x+1)
L_y = 5
dy = 0.05
N_y = int(L_y/dy)
Y = np.linspace(0,L_y,N_y+1)
L_t = 4
dt = dt = 0.1*min(dx, dy)
N_t = int(L_t/dt)
T = np.linspace(0,L_t,N_t+1)
# Time steps

c = np.zeros((N_x+1,N_y+1), float)
for i in range(0,N_x+1):
    for j in range(0,N_y+1):
        c[i,j] = celer(X[i],Y[j])
Cx2 = (dt/dx)**2; Cy2 = (dt/dy)**2
CFL_1 = dt/dy*c[:,0]; CFL_2 = dt/dy*c[:,N_y]; CFL_3 = dt/dx*c[0,:]; CFL_4 =dt/dx*c[N_x,:]
# Boundary conditions

if loop_exec:
    U = np.zeros((N_x+1,N_x+1,N_t+1),float)
    u_nm1 = np.zeros((N_x+1,N_y+1),float)
    u_n = np.zeros((N_x+1,N_y+1),float)
    u_np1 = np.zeros((N_x+1,N_y+1),float)
    V_init = np.zeros((N_x+1,N_y+1),float)
    q = np.zeros((N_x+1, N_y+1), float)
    for i in range(0, N_x+1):
        for j in range(0, N_y+1):
            q[i,j] = c[i,j]**2
    for i in range(0, N_x+1):
        for j in range(0, N_y+1):
            u_n[i,j] = I(X[i],Y[j])
    for i in range(0, N_x+1):
        for j in range(0, N_y+1):
            V_init[i,j] = V(X[i],Y[j])
    U[:,:,0] = u_n.copy()
    u_np1[1:N_x,1:N_y] = 2*u_n[1:N_x,1:N_y] - (u_n[1:N_x,1:N_y] - 2*dt*V_init[1:N_x,1:N_y]) + Cx2*(  0.5*(q[1:N_x,1:N_y] + q[2:N_x+1,1:N_y ])*(u_n[2:N_x+1,1:N_y] - u_n[1:N_x,1:N_y])  - 0.5*(q[0:N_x -1,1:N_y] + q[1:N_x,1:N_y ])*(u_n[1:N_x,1:N_y] - u_n[0:N_x -1,1:N_y]) ) + Cy2*(  0.5*(q[1:N_x,1:N_y] + q[1:N_x ,2:N_y+1])*(u_n[1:N_x,2:N_y+1] - u_n[1:N_x,1:N_y])  - 0.5*(q[1:N_x,0:N_y -1] + q[1:N_x ,1:N_y])*(u_n[1:N_x,1:N_y] - u_n[1:N_x,0:N_y -1]) )
    if bound_cond == 1:
        u_np1[0,:] = 0; u_np1[-1,:] = 0; u_np1[:,0] = 0; u_np1[:,-1] = 0
    elif bound_cond == 2:
        i,j = 0,0; u_np1[i,j] = 2*u_n[i,j] - (u_n[i,j] - 2*dt*V_init[i,j]) + Cx2*(q[i,j] + q[i+1,j])*(u_n[i+1,j] - u_n[i,j]) + Cy2*(q[i,j] + q[i,j+1])*(u_n[i,j+1] - u_n[i,j])
        i,j = 0,N_y; u_np1[i,j] = 2*u_n[i,j] - (u_n[i,j] - 2*dt*V_init[i,j]) + Cx2*(q[i,j] + q[i+1,j])*(u_n[i+1,j] - u_n[i,j]) + Cy2*(q[i,j] + q[i,j-1])*(u_n[i,j-1] - u_n[i,j])                    
        i,j = N_x,0; u_np1[i,j] = 2*u_n[i,j] - (u_n[i,j] - 2*dt*V_init[i,j]) + Cx2*(q[i,j] + q[i-1,j])*(u_n[i-1,j] - u_n[i,j]) + Cy2*(q[i,j] + q[i,j+1])*(u_n[i,j+1] - u_n[i,j])     
        i,j = N_x,N_y; u_np1[i,j] = 2*u_n[i,j] - (u_n[i,j] - 2*dt*V_init[i,j]) + Cx2*(q[i,j] + q[i-1,j])*(u_n[i-1,j] - u_n[i,j]) + Cy2*(q[i,j] + q[i,j-1])*(u_n[i,j-1] - u_n[i,j])      
        i = 0; u_np1[i,1:N_y -1] = 2*u_n[i,1:N_y -1] - (u_n[i,1:N_y -1] - 2*dt*V_init[i,1:N_y -1]) + Cx2*(q[i,1:N_y -1] + q[i+1,1:N_y -1])*(u_n[i+1,1:N_y -1] - u_n[i,1:N_y -1]) + Cy2*(  0.5*(q[i,1:N_y -1] + q[i,2:N_y])*(u_n[i,2:N_y] - u_n[i,1:N_y -1])  - 0.5*(q[i,0:N_y -2] + q[i,1:N_y -1])*(u_n[i,1:N_y -1] - u_n[i,0:N_y -2]) )              
        j = 0; u_np1[1:N_x -1,j] = 2*u_n[1:N_x -1,j] - (u_n[1:N_x -1,j] - 2*dt*V_init[1:N_x -1,j]) + Cx2*(  0.5*(q[1:N_x -1,j] + q[2:N_x,j])*(u_n[2:N_x,j] - u_n[1:N_x -1,j])  - 0.5*(q[0:N_x -2,j] + q[1:N_x -1,j])*(u_n[1:N_x -1,j] - u_n[0:N_x -2,j]) ) + Cy2*(q[1:N_x -1,j] + q[1:N_x -1,j+1])*(u_n[1:N_x -1,j+1] - u_n[1:N_x -1,j])
        i = N_x; u_np1[i,1:N_y -1] = 2*u_n[i,1:N_y -1] - (u_n[i,1:N_y -1] - 2*dt*V_init[i,1:N_y -1]) + Cx2*(q[i,1:N_y -1] + q[i-1,1:N_y -1])*(u_n[i-1,1:N_y -1] - u_n[i,1:N_y -1]) + Cy2*(  0.5*(q[i,1:N_y -1] + q[i,2:N_y])*(u_n[i,2:N_y] - u_n[i,1:N_y -1])  - 0.5*(q[i,0:N_y -2] + q[i,1:N_y -1])*(u_n[i,1:N_y -1] - u_n[i,0:N_y -2]) )
        j = N_y; u_np1[1:N_x -1,j] = 2*u_n[1:N_x -1,j] - (u_n[1:N_x -1,j] - 2*dt*V_init[1:N_x -1,j]) + Cx2*(  0.5*(q[1:N_x -1,j] + q[2:N_x,j])*(u_n[2:N_x,j] - u_n[1:N_x -1,j])  - 0.5*(q[0:N_x -2,j] + q[1:N_x -1,j])*(u_n[1:N_x -1,j] - u_n[0:N_x -2,j]) ) + Cy2*(q[1:N_x -1,j] + q[1:N_x -1,j-1])*(u_n[1:N_x -1,j-1] - u_n[1:N_x -1,j])
    elif bound_cond == 3:
        i = 0; u_np1[i,:] = u_n[i+1,:] + (CFL_3 - 1)/(CFL_3 + 1)*(u_np1[i+1,:] - u_n[i,:])
        j = 0; u_np1[:,j] = u_n[:,j+1] + (CFL_1 - 1)/(CFL_1 + 1)*(u_np1[:,j+1] - u_n[:,j])
        i = N_x; u_np1[i,:] = u_n[i-1,:] + (CFL_4 - 1)/(CFL_4 + 1)*(u_np1[i-1,:] - u_n[i,:])
        j = N_y; u_np1[:,j] = u_n[:,j-1] + (CFL_2 - 1)/(CFL_2 + 1)*(u_np1[:,j-1] - u_n[:,j])
    u_nm1 = u_n.copy()
    u_n = u_np1.copy()
    U[:,:,1] = u_n.copy()
    # Initial condition, u(x,0)=0

    for n in range(2, N_t):
        u_np1[1:N_x,1:N_y] = -2*u_n[1:N_x,1:N_y] - u_nm1[1:N_x,1:N_y] + Cx2*(  0.5*(q[1:N_x,1:N_y] + q[2:N_x+1,1:N_y])*(u_n[2:N_x+1,1:N_y] - u_n[1:N_x,1:N_y])  - 0.5*(q[0:N_x - 1,1:N_y] + q[1:N_x,1:N_y])*(u_n[1:N_x,1:N_y] - u_n[0:N_x - 1,1:N_y]) ) + Cy2*(  0.5*(q[1:N_x ,1:N_y] + q[1:N_x,2:N_y+1])*(u_n[1:N_x,2:N_y+1] - u_n[1:N_x,1:N_y])  - 0.5*(q[1:N_x,0:N_y - 1] + q[1:N_x,1:N_y])*(u_n[1:N_x,1:N_y] - u_n[1:N_x,0:N_y - 1]) )
        if bound_cond == 1:
            u_np1[0,:] = 0; u_np1[-1,:] = 0; u_np1[:,0] = 0; u_np1[:,-1] = 0
        elif bound_cond == 2:
            i,j = 0,0; u_np1[i,j] = -2*u_n[i,j] - u_nm1[i,j] + Cx2*(q[i,j] + q[i+1,j])*(u_n[i+1,j] - u_n[i,j]) + Cy2*(q[i,j] + q[i,j+1])*(u_n[i,j+1] - u_n[i,j])
            i,j = 0,N_y; u_np1[i,j] = -2*u_n[i,j] - u_nm1[i,j] + Cx2*(q[i,j] + q[i+1,j])*(u_n[i+1,j] - u_n[i,j]) + Cy2*(q[i,j] + q[i,j-1])*(u_n[i,j-1] - u_n[i,j])
            i,j = N_x,0; u_np1[i,j] = -2*u_n[i,j] - u_nm1[i,j] + Cx2*(q[i,j] + q[i-1,j])*(u_n[i-1,j] - u_n[i,j]) + Cy2*(q[i,j] + q[i,j-1])*(u_n[i,j-1] - u_n[i,j])
            i,j = N_x,N_y; u_np1[i,j] = -2*u_n[i,j] - u_nm1[i,j] + Cx2*(q[i,j] + q[i-1,j])*(u_n[i-1,j] - u_n[i,j]) + Cy2*(q[i,j] + q[i,j-1])*(u_n[i,j-1] - u_n[i,j])
            i = 0; u_np1[i,1:N_y -1] = -2*u_n[i,1:N_y -1] - u_nm1[i,1:N_y -1] + Cx2*(q[i,1:N_y -1] + q[i+1,1:N_y -1])*(u_n[i+1,1:N_y -1] - u_n[i,1:N_y -1]) + Cy2*(  0.5*(q[i,1:N_y -1] + q[i,2:N_y])*(u_n[i,2:N_y] - u_n[i,1:N_y -1])  - 0.5*(q[i,0:N_y -2] + q[i,j])*(u_n[i,1:N_y -1] - u_n[i,0:N_y -2]) )
            j = 0; u_np1[1:N_x - 1,j] = 10*u_n[1:N_x - 1,j] - u_nm1[1:N_x - 1,j] + Cx2*(  0.5*(q[1:N_x - 1,j] + q[2:N_x,j])*(u_n[2:N_x,j] - u_n[1:N_x - 1,j])  - 0.5*(q[0:N_x - 2,j] + q[1:N_x - 1,j])*(u_n[1:N_x - 1,j] - u_n[0:N_x - 2,j]) ) + Cy2*(q[1:N_x - 1,j] + q[1:N_x - 1,j+1])*(u_n[1:N_x - 1,j+1] - u_n[1:N_x - 1,j])
            i = N_x; u_np1[i,1:N_y -1] = 5*u_n[i,1:N_y -1] - u_nm1[i,1:N_y -1] + Cx2*(q[i,1:N_y -1] + q[i-1,1:N_y -1])*(u_n[i-1,1:N_y -1] - u_n[i,1:N_y -1]) + Cy2*(  0.5*(q[i,1:N_y -1] + q[i,2:N_y])*(u_n[i,2:N_y] - u_n[i,1:N_y -1])  - 0.5*(q[i,0:N_y -2] + q[i,1:N_y -1])*(u_n[i,1:N_y -1] - u_n[i,0:N_y -2]) )
            j = N_y; u_np1[1:N_x - 1,j] = 3*u_n[1:N_x - 1,j] - u_nm1[1:N_x - 1,j] + Cx2*(  0.5*(q[1:N_x - 1,j] + q[2:N_x,j])*(u_n[2:N_x,j] - u_n[1:N_x - 1,j])  - 0.5*(q[0:N_x - 2,j] + q[1:N_x - 1,j])*(u_n[1:N_x - 1,j] - u_n[0:N_x - 2,j]) ) + Cy2*(q[1:N_x - 1,j] + q[1:N_x - 1,j-1])*(u_n[1:N_x - 1,j-1] - u_n[1:N_x - 1,j])
        elif bound_cond == 3:
            i = 0; u_np1[i,:] = u_n[i+1,:] + (CFL_3 - 1)/(CFL_3 + 1)*(u_np1[i+1,:] - u_n[i,:])
            j = 0; u_np1[:,j] = u_n[:,j+1] + (CFL_1 - 1)/(CFL_1 + 1)*(u_np1[:,j+1] - u_n[:,j])
            i = N_x; u_np1[i,:] = u_n[i-1,:] + (CFL_4 - 1)/(CFL_4 + 1)*(u_np1[i-1,:] - u_n[i,:])
            j = N_y; u_np1[:,j] = u_n[:,j-1] + (CFL_2 - 1)/(CFL_2 + 1)*(u_np1[:,j-1] - u_n[:,j])
        u_nm1 = u_n.copy()
        u_n = u_np1.copy()
        U[:,:,n] = u_n.copy()",98,7530,wave,oscillation/restoration,False,explicit,Heat_Comm_Valid_3,heat,"[{'donor_text': '# Constant kappa', 'gt_position': 2, 'source_line_in_donor': 5, 'line_inserted': 2}, {'donor_text': '# Spacial domain', 'gt_position': 15, 'source_line_in_donor': 8, 'line_inserted': 15}, {'donor_text': '# Time steps', 'gt_position': 29, 'source_line_in_donor': 14, 'line_inserted': 29}, {'donor_text': '# Boundary conditions', 'gt_position': 37, 'source_line_in_donor': 20, 'line_inserted': 37}, {'donor_text': '# Initial condition, u(x,0)=0', 'gt_position': 76, 'source_line_in_donor': 24, 'line_inserted': 76}]",2.0,5,Wave_1,CorrComm_Invalid,
Wave_NoComm_CorrVar_1,"import numpy as np

def fn1(foobar_31, foobar_32):
    return 0.2 * np.exp(-((foobar_31 - 1) ** 2 / 0.1 + (foobar_32 - 1) ** 2 / 0.1))

def fn2(foobar_31, foobar_32):
    return 0

def fn3(foobar_31, foobar_32):
    return 1
foobar_25 = 1
foobar_18 = 2
if foobar_18 not in [1, 2, 3]:
    foobar_25 = 0
    print('Please choose a correct boundary condition')
foobar_8 = 5
foobar_21 = 0.05
foobar_11 = int(foobar_8 / foobar_21)
foobar_16 = np.linspace(0, foobar_8, foobar_11 + 1)
foobar_9 = 5
foobar_22 = 0.05
foobar_12 = int(foobar_9 / foobar_22)
foobar_17 = np.linspace(0, foobar_9, foobar_12 + 1)
foobar_7 = 4
foobar_20 = foobar_20 = 0.1 * min(foobar_21, foobar_22)
foobar_10 = int(foobar_7 / foobar_20)
foobar_13 = np.linspace(0, foobar_7, foobar_10 + 1)
foobar_19 = np.zeros((foobar_11 + 1, foobar_12 + 1), float)
for foobar_23 in range(0, foobar_11 + 1):
    for foobar_24 in range(0, foobar_12 + 1):
        foobar_19[foobar_23, foobar_24] = fn3(foobar_16[foobar_23], foobar_17[foobar_24])
foobar_5 = (foobar_20 / foobar_21) ** 2
foobar_6 = (foobar_20 / foobar_22) ** 2
foobar_1 = foobar_20 / foobar_22 * foobar_19[:, 0]
foobar_2 = foobar_20 / foobar_22 * foobar_19[:, foobar_12]
foobar_3 = foobar_20 / foobar_21 * foobar_19[0, :]
foobar_4 = foobar_20 / foobar_21 * foobar_19[foobar_11, :]
if foobar_25:
    foobar_14 = np.zeros((foobar_11 + 1, foobar_11 + 1, foobar_10 + 1), float)
    foobar_29 = np.zeros((foobar_11 + 1, foobar_12 + 1), float)
    foobar_28 = np.zeros((foobar_11 + 1, foobar_12 + 1), float)
    foobar_30 = np.zeros((foobar_11 + 1, foobar_12 + 1), float)
    foobar_15 = np.zeros((foobar_11 + 1, foobar_12 + 1), float)
    foobar_27 = np.zeros((foobar_11 + 1, foobar_12 + 1), float)
    for foobar_23 in range(0, foobar_11 + 1):
        for foobar_24 in range(0, foobar_12 + 1):
            foobar_27[foobar_23, foobar_24] = foobar_19[foobar_23, foobar_24] ** 2
    for foobar_23 in range(0, foobar_11 + 1):
        for foobar_24 in range(0, foobar_12 + 1):
            foobar_28[foobar_23, foobar_24] = fn1(foobar_16[foobar_23], foobar_17[foobar_24])
    for foobar_23 in range(0, foobar_11 + 1):
        for foobar_24 in range(0, foobar_12 + 1):
            foobar_15[foobar_23, foobar_24] = fn2(foobar_16[foobar_23], foobar_17[foobar_24])
    foobar_14[:, :, 0] = foobar_28.copy()
    foobar_30[1:foobar_11, 1:foobar_12] = 2 * foobar_28[1:foobar_11, 1:foobar_12] - (foobar_28[1:foobar_11, 1:foobar_12] - 2 * foobar_20 * foobar_15[1:foobar_11, 1:foobar_12]) + foobar_5 * (0.5 * (foobar_27[1:foobar_11, 1:foobar_12] + foobar_27[2:foobar_11 + 1, 1:foobar_12]) * (foobar_28[2:foobar_11 + 1, 1:foobar_12] - foobar_28[1:foobar_11, 1:foobar_12]) - 0.5 * (foobar_27[0:foobar_11 - 1, 1:foobar_12] + foobar_27[1:foobar_11, 1:foobar_12]) * (foobar_28[1:foobar_11, 1:foobar_12] - foobar_28[0:foobar_11 - 1, 1:foobar_12])) + foobar_6 * (0.5 * (foobar_27[1:foobar_11, 1:foobar_12] + foobar_27[1:foobar_11, 2:foobar_12 + 1]) * (foobar_28[1:foobar_11, 2:foobar_12 + 1] - foobar_28[1:foobar_11, 1:foobar_12]) - 0.5 * (foobar_27[1:foobar_11, 0:foobar_12 - 1] + foobar_27[1:foobar_11, 1:foobar_12]) * (foobar_28[1:foobar_11, 1:foobar_12] - foobar_28[1:foobar_11, 0:foobar_12 - 1]))
    if foobar_18 == 1:
        foobar_30[0, :] = 0
        foobar_30[-1, :] = 0
        foobar_30[:, 0] = 0
        foobar_30[:, -1] = 0
    elif foobar_18 == 2:
        foobar_23, foobar_24 = (0, 0)
        foobar_30[foobar_23, foobar_24] = 2 * foobar_28[foobar_23, foobar_24] - (foobar_28[foobar_23, foobar_24] - 2 * foobar_20 * foobar_15[foobar_23, foobar_24]) + foobar_5 * (foobar_27[foobar_23, foobar_24] + foobar_27[foobar_23 + 1, foobar_24]) * (foobar_28[foobar_23 + 1, foobar_24] - foobar_28[foobar_23, foobar_24]) + foobar_6 * (foobar_27[foobar_23, foobar_24] + foobar_27[foobar_23, foobar_24 + 1]) * (foobar_28[foobar_23, foobar_24 + 1] - foobar_28[foobar_23, foobar_24])
        foobar_23, foobar_24 = (0, foobar_12)
        foobar_30[foobar_23, foobar_24] = 2 * foobar_28[foobar_23, foobar_24] - (foobar_28[foobar_23, foobar_24] - 2 * foobar_20 * foobar_15[foobar_23, foobar_24]) + foobar_5 * (foobar_27[foobar_23, foobar_24] + foobar_27[foobar_23 + 1, foobar_24]) * (foobar_28[foobar_23 + 1, foobar_24] - foobar_28[foobar_23, foobar_24]) + foobar_6 * (foobar_27[foobar_23, foobar_24] + foobar_27[foobar_23, foobar_24 - 1]) * (foobar_28[foobar_23, foobar_24 - 1] - foobar_28[foobar_23, foobar_24])
        foobar_23, foobar_24 = (foobar_11, 0)
        foobar_30[foobar_23, foobar_24] = 2 * foobar_28[foobar_23, foobar_24] - (foobar_28[foobar_23, foobar_24] - 2 * foobar_20 * foobar_15[foobar_23, foobar_24]) + foobar_5 * (foobar_27[foobar_23, foobar_24] + foobar_27[foobar_23 - 1, foobar_24]) * (foobar_28[foobar_23 - 1, foobar_24] - foobar_28[foobar_23, foobar_24]) + foobar_6 * (foobar_27[foobar_23, foobar_24] + foobar_27[foobar_23, foobar_24 + 1]) * (foobar_28[foobar_23, foobar_24 + 1] - foobar_28[foobar_23, foobar_24])
        foobar_23, foobar_24 = (foobar_11, foobar_12)
        foobar_30[foobar_23, foobar_24] = 2 * foobar_28[foobar_23, foobar_24] - (foobar_28[foobar_23, foobar_24] - 2 * foobar_20 * foobar_15[foobar_23, foobar_24]) + foobar_5 * (foobar_27[foobar_23, foobar_24] + foobar_27[foobar_23 - 1, foobar_24]) * (foobar_28[foobar_23 - 1, foobar_24] - foobar_28[foobar_23, foobar_24]) + foobar_6 * (foobar_27[foobar_23, foobar_24] + foobar_27[foobar_23, foobar_24 - 1]) * (foobar_28[foobar_23, foobar_24 - 1] - foobar_28[foobar_23, foobar_24])
        foobar_23 = 0
        foobar_30[foobar_23, 1:foobar_12 - 1] = 2 * foobar_28[foobar_23, 1:foobar_12 - 1] - (foobar_28[foobar_23, 1:foobar_12 - 1] - 2 * foobar_20 * foobar_15[foobar_23, 1:foobar_12 - 1]) + foobar_5 * (foobar_27[foobar_23, 1:foobar_12 - 1] + foobar_27[foobar_23 + 1, 1:foobar_12 - 1]) * (foobar_28[foobar_23 + 1, 1:foobar_12 - 1] - foobar_28[foobar_23, 1:foobar_12 - 1]) + foobar_6 * (0.5 * (foobar_27[foobar_23, 1:foobar_12 - 1] + foobar_27[foobar_23, 2:foobar_12]) * (foobar_28[foobar_23, 2:foobar_12] - foobar_28[foobar_23, 1:foobar_12 - 1]) - 0.5 * (foobar_27[foobar_23, 0:foobar_12 - 2] + foobar_27[foobar_23, 1:foobar_12 - 1]) * (foobar_28[foobar_23, 1:foobar_12 - 1] - foobar_28[foobar_23, 0:foobar_12 - 2]))
        foobar_24 = 0
        foobar_30[1:foobar_11 - 1, foobar_24] = 2 * foobar_28[1:foobar_11 - 1, foobar_24] - (foobar_28[1:foobar_11 - 1, foobar_24] - 2 * foobar_20 * foobar_15[1:foobar_11 - 1, foobar_24]) + foobar_5 * (0.5 * (foobar_27[1:foobar_11 - 1, foobar_24] + foobar_27[2:foobar_11, foobar_24]) * (foobar_28[2:foobar_11, foobar_24] - foobar_28[1:foobar_11 - 1, foobar_24]) - 0.5 * (foobar_27[0:foobar_11 - 2, foobar_24] + foobar_27[1:foobar_11 - 1, foobar_24]) * (foobar_28[1:foobar_11 - 1, foobar_24] - foobar_28[0:foobar_11 - 2, foobar_24])) + foobar_6 * (foobar_27[1:foobar_11 - 1, foobar_24] + foobar_27[1:foobar_11 - 1, foobar_24 + 1]) * (foobar_28[1:foobar_11 - 1, foobar_24 + 1] - foobar_28[1:foobar_11 - 1, foobar_24])
        foobar_23 = foobar_11
        foobar_30[foobar_23, 1:foobar_12 - 1] = 2 * foobar_28[foobar_23, 1:foobar_12 - 1] - (foobar_28[foobar_23, 1:foobar_12 - 1] - 2 * foobar_20 * foobar_15[foobar_23, 1:foobar_12 - 1]) + foobar_5 * (foobar_27[foobar_23, 1:foobar_12 - 1] + foobar_27[foobar_23 - 1, 1:foobar_12 - 1]) * (foobar_28[foobar_23 - 1, 1:foobar_12 - 1] - foobar_28[foobar_23, 1:foobar_12 - 1]) + foobar_6 * (0.5 * (foobar_27[foobar_23, 1:foobar_12 - 1] + foobar_27[foobar_23, 2:foobar_12]) * (foobar_28[foobar_23, 2:foobar_12] - foobar_28[foobar_23, 1:foobar_12 - 1]) - 0.5 * (foobar_27[foobar_23, 0:foobar_12 - 2] + foobar_27[foobar_23, 1:foobar_12 - 1]) * (foobar_28[foobar_23, 1:foobar_12 - 1] - foobar_28[foobar_23, 0:foobar_12 - 2]))
        foobar_24 = foobar_12
        foobar_30[1:foobar_11 - 1, foobar_24] = 2 * foobar_28[1:foobar_11 - 1, foobar_24] - (foobar_28[1:foobar_11 - 1, foobar_24] - 2 * foobar_20 * foobar_15[1:foobar_11 - 1, foobar_24]) + foobar_5 * (0.5 * (foobar_27[1:foobar_11 - 1, foobar_24] + foobar_27[2:foobar_11, foobar_24]) * (foobar_28[2:foobar_11, foobar_24] - foobar_28[1:foobar_11 - 1, foobar_24]) - 0.5 * (foobar_27[0:foobar_11 - 2, foobar_24] + foobar_27[1:foobar_11 - 1, foobar_24]) * (foobar_28[1:foobar_11 - 1, foobar_24] - foobar_28[0:foobar_11 - 2, foobar_24])) + foobar_6 * (foobar_27[1:foobar_11 - 1, foobar_24] + foobar_27[1:foobar_11 - 1, foobar_24 - 1]) * (foobar_28[1:foobar_11 - 1, foobar_24 - 1] - foobar_28[1:foobar_11 - 1, foobar_24])
    elif foobar_18 == 3:
        foobar_23 = 0
        foobar_30[foobar_23, :] = foobar_28[foobar_23 + 1, :] + (foobar_3 - 1) / (foobar_3 + 1) * (foobar_30[foobar_23 + 1, :] - foobar_28[foobar_23, :])
        foobar_24 = 0
        foobar_30[:, foobar_24] = foobar_28[:, foobar_24 + 1] + (foobar_1 - 1) / (foobar_1 + 1) * (foobar_30[:, foobar_24 + 1] - foobar_28[:, foobar_24])
        foobar_23 = foobar_11
        foobar_30[foobar_23, :] = foobar_28[foobar_23 - 1, :] + (foobar_4 - 1) / (foobar_4 + 1) * (foobar_30[foobar_23 - 1, :] - foobar_28[foobar_23, :])
        foobar_24 = foobar_12
        foobar_30[:, foobar_24] = foobar_28[:, foobar_24 - 1] + (foobar_2 - 1) / (foobar_2 + 1) * (foobar_30[:, foobar_24 - 1] - foobar_28[:, foobar_24])
    foobar_29 = foobar_28.copy()
    foobar_28 = foobar_30.copy()
    foobar_14[:, :, 1] = foobar_28.copy()
    for foobar_26 in range(2, foobar_10):
        foobar_30[1:foobar_11, 1:foobar_12] = 2 * foobar_28[1:foobar_11, 1:foobar_12] - foobar_29[1:foobar_11, 1:foobar_12] + foobar_5 * (0.5 * (foobar_27[1:foobar_11, 1:foobar_12] + foobar_27[2:foobar_11 + 1, 1:foobar_12]) * (foobar_28[2:foobar_11 + 1, 1:foobar_12] - foobar_28[1:foobar_11, 1:foobar_12]) - 0.5 * (foobar_27[0:foobar_11 - 1, 1:foobar_12] + foobar_27[1:foobar_11, 1:foobar_12]) * (foobar_28[1:foobar_11, 1:foobar_12] - foobar_28[0:foobar_11 - 1, 1:foobar_12])) + foobar_6 * (0.5 * (foobar_27[1:foobar_11, 1:foobar_12] + foobar_27[1:foobar_11, 2:foobar_12 + 1]) * (foobar_28[1:foobar_11, 2:foobar_12 + 1] - foobar_28[1:foobar_11, 1:foobar_12]) - 0.5 * (foobar_27[1:foobar_11, 0:foobar_12 - 1] + foobar_27[1:foobar_11, 1:foobar_12]) * (foobar_28[1:foobar_11, 1:foobar_12] - foobar_28[1:foobar_11, 0:foobar_12 - 1]))
        if foobar_18 == 1:
            foobar_30[0, :] = 0
            foobar_30[-1, :] = 0
            foobar_30[:, 0] = 0
            foobar_30[:, -1] = 0
        elif foobar_18 == 2:
            foobar_23, foobar_24 = (0, 0)
            foobar_30[foobar_23, foobar_24] = 2 * foobar_28[foobar_23, foobar_24] - foobar_29[foobar_23, foobar_24] + foobar_5 * (foobar_27[foobar_23, foobar_24] + foobar_27[foobar_23 + 1, foobar_24]) * (foobar_28[foobar_23 + 1, foobar_24] - foobar_28[foobar_23, foobar_24]) + foobar_6 * (foobar_27[foobar_23, foobar_24] + foobar_27[foobar_23, foobar_24 + 1]) * (foobar_28[foobar_23, foobar_24 + 1] - foobar_28[foobar_23, foobar_24])
            foobar_23, foobar_24 = (0, foobar_12)
            foobar_30[foobar_23, foobar_24] = 2 * foobar_28[foobar_23, foobar_24] - foobar_29[foobar_23, foobar_24] + foobar_5 * (foobar_27[foobar_23, foobar_24] + foobar_27[foobar_23 + 1, foobar_24]) * (foobar_28[foobar_23 + 1, foobar_24] - foobar_28[foobar_23, foobar_24]) + foobar_6 * (foobar_27[foobar_23, foobar_24] + foobar_27[foobar_23, foobar_24 - 1]) * (foobar_28[foobar_23, foobar_24 - 1] - foobar_28[foobar_23, foobar_24])
            foobar_23, foobar_24 = (foobar_11, 0)
            foobar_30[foobar_23, foobar_24] = 2 * foobar_28[foobar_23, foobar_24] - foobar_29[foobar_23, foobar_24] + foobar_5 * (foobar_27[foobar_23, foobar_24] + foobar_27[foobar_23 - 1, foobar_24]) * (foobar_28[foobar_23 - 1, foobar_24] - foobar_28[foobar_23, foobar_24]) + foobar_6 * (foobar_27[foobar_23, foobar_24] + foobar_27[foobar_23, foobar_24 - 1]) * (foobar_28[foobar_23, foobar_24 - 1] - foobar_28[foobar_23, foobar_24])
            foobar_23, foobar_24 = (foobar_11, foobar_12)
            foobar_30[foobar_23, foobar_24] = 2 * foobar_28[foobar_23, foobar_24] - foobar_29[foobar_23, foobar_24] + foobar_5 * (foobar_27[foobar_23, foobar_24] + foobar_27[foobar_23 - 1, foobar_24]) * (foobar_28[foobar_23 - 1, foobar_24] - foobar_28[foobar_23, foobar_24]) + foobar_6 * (foobar_27[foobar_23, foobar_24] + foobar_27[foobar_23, foobar_24 - 1]) * (foobar_28[foobar_23, foobar_24 - 1] - foobar_28[foobar_23, foobar_24])
            foobar_23 = 0
            foobar_30[foobar_23, 1:foobar_12 - 1] = 2 * foobar_28[foobar_23, 1:foobar_12 - 1] - foobar_29[foobar_23, 1:foobar_12 - 1] + foobar_5 * (foobar_27[foobar_23, 1:foobar_12 - 1] + foobar_27[foobar_23 + 1, 1:foobar_12 - 1]) * (foobar_28[foobar_23 + 1, 1:foobar_12 - 1] - foobar_28[foobar_23, 1:foobar_12 - 1]) + foobar_6 * (0.5 * (foobar_27[foobar_23, 1:foobar_12 - 1] + foobar_27[foobar_23, 2:foobar_12]) * (foobar_28[foobar_23, 2:foobar_12] - foobar_28[foobar_23, 1:foobar_12 - 1]) - 0.5 * (foobar_27[foobar_23, 0:foobar_12 - 2] + foobar_27[foobar_23, foobar_24]) * (foobar_28[foobar_23, 1:foobar_12 - 1] - foobar_28[foobar_23, 0:foobar_12 - 2]))
            foobar_24 = 0
            foobar_30[1:foobar_11 - 1, foobar_24] = 2 * foobar_28[1:foobar_11 - 1, foobar_24] - foobar_29[1:foobar_11 - 1, foobar_24] + foobar_5 * (0.5 * (foobar_27[1:foobar_11 - 1, foobar_24] + foobar_27[2:foobar_11, foobar_24]) * (foobar_28[2:foobar_11, foobar_24] - foobar_28[1:foobar_11 - 1, foobar_24]) - 0.5 * (foobar_27[0:foobar_11 - 2, foobar_24] + foobar_27[1:foobar_11 - 1, foobar_24]) * (foobar_28[1:foobar_11 - 1, foobar_24] - foobar_28[0:foobar_11 - 2, foobar_24])) + foobar_6 * (foobar_27[1:foobar_11 - 1, foobar_24] + foobar_27[1:foobar_11 - 1, foobar_24 + 1]) * (foobar_28[1:foobar_11 - 1, foobar_24 + 1] - foobar_28[1:foobar_11 - 1, foobar_24])
            foobar_23 = foobar_11
            foobar_30[foobar_23, 1:foobar_12 - 1] = 2 * foobar_28[foobar_23, 1:foobar_12 - 1] - foobar_29[foobar_23, 1:foobar_12 - 1] + foobar_5 * (foobar_27[foobar_23, 1:foobar_12 - 1] + foobar_27[foobar_23 - 1, 1:foobar_12 - 1]) * (foobar_28[foobar_23 - 1, 1:foobar_12 - 1] - foobar_28[foobar_23, 1:foobar_12 - 1]) + foobar_6 * (0.5 * (foobar_27[foobar_23, 1:foobar_12 - 1] + foobar_27[foobar_23, 2:foobar_12]) * (foobar_28[foobar_23, 2:foobar_12] - foobar_28[foobar_23, 1:foobar_12 - 1]) - 0.5 * (foobar_27[foobar_23, 0:foobar_12 - 2] + foobar_27[foobar_23, 1:foobar_12 - 1]) * (foobar_28[foobar_23, 1:foobar_12 - 1] - foobar_28[foobar_23, 0:foobar_12 - 2]))
            foobar_24 = foobar_12
            foobar_30[1:foobar_11 - 1, foobar_24] = 2 * foobar_28[1:foobar_11 - 1, foobar_24] - foobar_29[1:foobar_11 - 1, foobar_24] + foobar_5 * (0.5 * (foobar_27[1:foobar_11 - 1, foobar_24] + foobar_27[2:foobar_11, foobar_24]) * (foobar_28[2:foobar_11, foobar_24] - foobar_28[1:foobar_11 - 1, foobar_24]) - 0.5 * (foobar_27[0:foobar_11 - 2, foobar_24] + foobar_27[1:foobar_11 - 1, foobar_24]) * (foobar_28[1:foobar_11 - 1, foobar_24] - foobar_28[0:foobar_11 - 2, foobar_24])) + foobar_6 * (foobar_27[1:foobar_11 - 1, foobar_24] + foobar_27[1:foobar_11 - 1, foobar_24 - 1]) * (foobar_28[1:foobar_11 - 1, foobar_24 - 1] - foobar_28[1:foobar_11 - 1, foobar_24])
        elif foobar_18 == 3:
            foobar_23 = 0
            foobar_30[foobar_23, :] = foobar_28[foobar_23 + 1, :] + (foobar_3 - 1) / (foobar_3 + 1) * (foobar_30[foobar_23 + 1, :] - foobar_28[foobar_23, :])
            foobar_24 = 0
            foobar_30[:, foobar_24] = foobar_28[:, foobar_24 + 1] + (foobar_1 - 1) / (foobar_1 + 1) * (foobar_30[:, foobar_24 + 1] - foobar_28[:, foobar_24])
            foobar_23 = foobar_11
            foobar_30[foobar_23, :] = foobar_28[foobar_23 - 1, :] + (foobar_4 - 1) / (foobar_4 + 1) * (foobar_30[foobar_23 - 1, :] - foobar_28[foobar_23, :])
            foobar_24 = foobar_12
            foobar_30[:, foobar_24] = foobar_28[:, foobar_24 - 1] + (foobar_2 - 1) / (foobar_2 + 1) * (foobar_30[:, foobar_24 - 1] - foobar_28[:, foobar_24])
        foobar_29 = foobar_28.copy()
        foobar_28 = foobar_30.copy()
        foobar_14[:, :, foobar_26] = foobar_28.copy()",125,15950,wave,oscillation/restoration,True,explicit,,,,,0,Wave_1,NoComm_CorrVar,
Wave_NoComm_CorrVar_InValid_1,"import numpy as np

def fn1(foobar_31, foobar_32):
    return 0.2 * np.exp(-((foobar_31 - 1) ** 2 / 0.1 + (foobar_32 - 1) ** 2 / 0.1))

def fn2(foobar_31, foobar_32):
    return 0

def fn3(foobar_31, foobar_32):
    return 1
foobar_25 = 1
foobar_18 = 2
if foobar_18 not in [1, 2, 3]:
    foobar_25 = 0
    print('Please choose a correct boundary condition')
foobar_8 = 5
foobar_21 = 0.05
foobar_11 = int(foobar_8 / foobar_21)
foobar_16 = np.linspace(0, foobar_8, foobar_11 + 1)
foobar_9 = 5
foobar_22 = 0.05
foobar_12 = int(foobar_9 / foobar_22)
foobar_17 = np.linspace(0, foobar_9, foobar_12 + 1)
foobar_7 = 4
foobar_20 = foobar_20 = 0.1 * min(foobar_21, foobar_22)
foobar_10 = int(foobar_7 / foobar_20)
foobar_13 = np.linspace(0, foobar_7, foobar_10 + 1)
foobar_19 = np.zeros((foobar_11 + 1, foobar_12 + 1), float)
for foobar_23 in range(0, foobar_11 + 1):
    for foobar_24 in range(0, foobar_12 + 1):
        foobar_19[foobar_23, foobar_24] = fn3(foobar_16[foobar_23], foobar_17[foobar_24])
foobar_5 = (foobar_20 / foobar_21) ** 2
foobar_6 = (foobar_20 / foobar_22) ** 2
foobar_1 = foobar_20 / foobar_22 * foobar_19[:, 0]
foobar_2 = foobar_20 / foobar_22 * foobar_19[:, foobar_12]
foobar_3 = foobar_20 / foobar_21 * foobar_19[0, :]
foobar_4 = foobar_20 / foobar_21 * foobar_19[foobar_11, :]
if foobar_25:
    foobar_14 = np.zeros((foobar_11 + 1, foobar_11 + 1, foobar_10 + 1), float)
    foobar_29 = np.zeros((foobar_11 + 1, foobar_12 + 1), float)
    foobar_28 = np.zeros((foobar_11 + 1, foobar_12 + 1), float)
    foobar_30 = np.zeros((foobar_11 + 1, foobar_12 + 1), float)
    foobar_15 = np.zeros((foobar_11 + 1, foobar_12 + 1), float)
    foobar_27 = np.zeros((foobar_11 + 1, foobar_12 + 1), float)
    for foobar_23 in range(0, foobar_11 + 1):
        for foobar_24 in range(0, foobar_12 + 1):
            foobar_27[foobar_23, foobar_24] = foobar_19[foobar_23, foobar_24] ** 2
    for foobar_23 in range(0, foobar_11 + 1):
        for foobar_24 in range(0, foobar_12 + 1):
            foobar_28[foobar_23, foobar_24] = fn1(foobar_16[foobar_23], foobar_17[foobar_24])
    for foobar_23 in range(0, foobar_11 + 1):
        for foobar_24 in range(0, foobar_12 + 1):
            foobar_15[foobar_23, foobar_24] = fn2(foobar_16[foobar_23], foobar_17[foobar_24])
    foobar_14[:, :, 0] = foobar_28.copy()
    foobar_30[1:foobar_11, 1:foobar_12] = 2 * foobar_28[1:foobar_11, 1:foobar_12] - (foobar_28[1:foobar_11, 1:foobar_12] - 2 * foobar_20 * foobar_15[1:foobar_11, 1:foobar_12]) + foobar_5 * (0.5 * (foobar_27[1:foobar_11, 1:foobar_12] + foobar_27[2:foobar_11 + 1, 1:foobar_12]) * (foobar_28[2:foobar_11 + 1, 1:foobar_12] - foobar_28[1:foobar_11, 1:foobar_12]) - 0.5 * (foobar_27[0:foobar_11 - 1, 1:foobar_12] + foobar_27[1:foobar_11, 1:foobar_12]) * (foobar_28[1:foobar_11, 1:foobar_12] - foobar_28[0:foobar_11 - 1, 1:foobar_12])) + foobar_6 * (0.5 * (foobar_27[1:foobar_11, 1:foobar_12] + foobar_27[1:foobar_11, 2:foobar_12 + 1]) * (foobar_28[1:foobar_11, 2:foobar_12 + 1] - foobar_28[1:foobar_11, 1:foobar_12]) - 0.5 * (foobar_27[1:foobar_11, 0:foobar_12 - 1] + foobar_27[1:foobar_11, 1:foobar_12]) * (foobar_28[1:foobar_11, 1:foobar_12] - foobar_28[1:foobar_11, 0:foobar_12 - 1]))
    if foobar_18 == 1:
        foobar_30[0, :] = 0
        foobar_30[-1, :] = 0
        foobar_30[:, 0] = 0
        foobar_30[:, -1] = 0
    elif foobar_18 == 2:
        foobar_23, foobar_24 = (0, 0)
        foobar_30[foobar_23, foobar_24] = 2 * foobar_28[foobar_23, foobar_24] - (foobar_28[foobar_23, foobar_24] - 2 * foobar_20 * foobar_15[foobar_23, foobar_24]) + foobar_5 * (foobar_27[foobar_23, foobar_24] + foobar_27[foobar_23 + 1, foobar_24]) * (foobar_28[foobar_23 + 1, foobar_24] - foobar_28[foobar_23, foobar_24]) + foobar_6 * (foobar_27[foobar_23, foobar_24] + foobar_27[foobar_23, foobar_24 + 1]) * (foobar_28[foobar_23, foobar_24 + 1] - foobar_28[foobar_23, foobar_24])
        foobar_23, foobar_24 = (0, foobar_12)
        foobar_30[foobar_23, foobar_24] = 2 * foobar_28[foobar_23, foobar_24] - (foobar_28[foobar_23, foobar_24] - 2 * foobar_20 * foobar_15[foobar_23, foobar_24]) + foobar_5 * (foobar_27[foobar_23, foobar_24] + foobar_27[foobar_23 + 1, foobar_24]) * (foobar_28[foobar_23 + 1, foobar_24] - foobar_28[foobar_23, foobar_24]) + foobar_6 * (foobar_27[foobar_23, foobar_24] + foobar_27[foobar_23, foobar_24 - 1]) * (foobar_28[foobar_23, foobar_24 - 1] - foobar_28[foobar_23, foobar_24])
        foobar_23, foobar_24 = (foobar_11, 0)
        foobar_30[foobar_23, foobar_24] = 2 * foobar_28[foobar_23, foobar_24] - (foobar_28[foobar_23, foobar_24] - 2 * foobar_20 * foobar_15[foobar_23, foobar_24]) + foobar_5 * (foobar_27[foobar_23, foobar_24] + foobar_27[foobar_23 - 1, foobar_24]) * (foobar_28[foobar_23 - 1, foobar_24] - foobar_28[foobar_23, foobar_24]) + foobar_6 * (foobar_27[foobar_23, foobar_24] + foobar_27[foobar_23, foobar_24 + 1]) * (foobar_28[foobar_23, foobar_24 + 1] - foobar_28[foobar_23, foobar_24])
        foobar_23, foobar_24 = (foobar_11, foobar_12)
        foobar_30[foobar_23, foobar_24] = 2 * foobar_28[foobar_23, foobar_24] - (foobar_28[foobar_23, foobar_24] - 2 * foobar_20 * foobar_15[foobar_23, foobar_24]) + foobar_5 * (foobar_27[foobar_23, foobar_24] + foobar_27[foobar_23 - 1, foobar_24]) * (foobar_28[foobar_23 - 1, foobar_24] - foobar_28[foobar_23, foobar_24]) + foobar_6 * (foobar_27[foobar_23, foobar_24] + foobar_27[foobar_23, foobar_24 - 1]) * (foobar_28[foobar_23, foobar_24 - 1] - foobar_28[foobar_23, foobar_24])
        foobar_23 = 0
        foobar_30[foobar_23, 1:foobar_12 - 1] = 2 * foobar_28[foobar_23, 1:foobar_12 - 1] - (foobar_28[foobar_23, 1:foobar_12 - 1] - 2 * foobar_20 * foobar_15[foobar_23, 1:foobar_12 - 1]) + foobar_5 * (foobar_27[foobar_23, 1:foobar_12 - 1] + foobar_27[foobar_23 + 1, 1:foobar_12 - 1]) * (foobar_28[foobar_23 + 1, 1:foobar_12 - 1] - foobar_28[foobar_23, 1:foobar_12 - 1]) + foobar_6 * (0.5 * (foobar_27[foobar_23, 1:foobar_12 - 1] + foobar_27[foobar_23, 2:foobar_12]) * (foobar_28[foobar_23, 2:foobar_12] - foobar_28[foobar_23, 1:foobar_12 - 1]) - 0.5 * (foobar_27[foobar_23, 0:foobar_12 - 2] + foobar_27[foobar_23, 1:foobar_12 - 1]) * (foobar_28[foobar_23, 1:foobar_12 - 1] - foobar_28[foobar_23, 0:foobar_12 - 2]))
        foobar_24 = 0
        foobar_30[1:foobar_11 - 1, foobar_24] = 2 * foobar_28[1:foobar_11 - 1, foobar_24] - (foobar_28[1:foobar_11 - 1, foobar_24] - 2 * foobar_20 * foobar_15[1:foobar_11 - 1, foobar_24]) + foobar_5 * (0.5 * (foobar_27[1:foobar_11 - 1, foobar_24] + foobar_27[2:foobar_11, foobar_24]) * (foobar_28[2:foobar_11, foobar_24] - foobar_28[1:foobar_11 - 1, foobar_24]) - 0.5 * (foobar_27[0:foobar_11 - 2, foobar_24] + foobar_27[1:foobar_11 - 1, foobar_24]) * (foobar_28[1:foobar_11 - 1, foobar_24] - foobar_28[0:foobar_11 - 2, foobar_24])) + foobar_6 * (foobar_27[1:foobar_11 - 1, foobar_24] + foobar_27[1:foobar_11 - 1, foobar_24 + 1]) * (foobar_28[1:foobar_11 - 1, foobar_24 + 1] - foobar_28[1:foobar_11 - 1, foobar_24])
        foobar_23 = foobar_11
        foobar_30[foobar_23, 1:foobar_12 - 1] = 2 * foobar_28[foobar_23, 1:foobar_12 - 1] - (foobar_28[foobar_23, 1:foobar_12 - 1] - 2 * foobar_20 * foobar_15[foobar_23, 1:foobar_12 - 1]) + foobar_5 * (foobar_27[foobar_23, 1:foobar_12 - 1] + foobar_27[foobar_23 - 1, 1:foobar_12 - 1]) * (foobar_28[foobar_23 - 1, 1:foobar_12 - 1] - foobar_28[foobar_23, 1:foobar_12 - 1]) + foobar_6 * (0.5 * (foobar_27[foobar_23, 1:foobar_12 - 1] + foobar_27[foobar_23, 2:foobar_12]) * (foobar_28[foobar_23, 2:foobar_12] - foobar_28[foobar_23, 1:foobar_12 - 1]) - 0.5 * (foobar_27[foobar_23, 0:foobar_12 - 2] + foobar_27[foobar_23, 1:foobar_12 - 1]) * (foobar_28[foobar_23, 1:foobar_12 - 1] - foobar_28[foobar_23, 0:foobar_12 - 2]))
        foobar_24 = foobar_12
        foobar_30[1:foobar_11 - 1, foobar_24] = 2 * foobar_28[1:foobar_11 - 1, foobar_24] - (foobar_28[1:foobar_11 - 1, foobar_24] - 2 * foobar_20 * foobar_15[1:foobar_11 - 1, foobar_24]) + foobar_5 * (0.5 * (foobar_27[1:foobar_11 - 1, foobar_24] + foobar_27[2:foobar_11, foobar_24]) * (foobar_28[2:foobar_11, foobar_24] - foobar_28[1:foobar_11 - 1, foobar_24]) - 0.5 * (foobar_27[0:foobar_11 - 2, foobar_24] + foobar_27[1:foobar_11 - 1, foobar_24]) * (foobar_28[1:foobar_11 - 1, foobar_24] - foobar_28[0:foobar_11 - 2, foobar_24])) + foobar_6 * (foobar_27[1:foobar_11 - 1, foobar_24] + foobar_27[1:foobar_11 - 1, foobar_24 - 1]) * (foobar_28[1:foobar_11 - 1, foobar_24 - 1] - foobar_28[1:foobar_11 - 1, foobar_24])
    elif foobar_18 == 3:
        foobar_23 = 0
        foobar_30[foobar_23, :] = foobar_28[foobar_23 + 1, :] + (foobar_3 - 1) / (foobar_3 + 1) * (foobar_30[foobar_23 + 1, :] - foobar_28[foobar_23, :])
        foobar_24 = 0
        foobar_30[:, foobar_24] = foobar_28[:, foobar_24 + 1] + (foobar_1 - 1) / (foobar_1 + 1) * (foobar_30[:, foobar_24 + 1] - foobar_28[:, foobar_24])
        foobar_23 = foobar_11
        foobar_30[foobar_23, :] = foobar_28[foobar_23 - 1, :] + (foobar_4 - 1) / (foobar_4 + 1) * (foobar_30[foobar_23 - 1, :] - foobar_28[foobar_23, :])
        foobar_24 = foobar_12
        foobar_30[:, foobar_24] = foobar_28[:, foobar_24 - 1] + (foobar_2 - 1) / (foobar_2 + 1) * (foobar_30[:, foobar_24 - 1] - foobar_28[:, foobar_24])
    foobar_29 = foobar_28.copy()
    foobar_28 = foobar_30.copy()
    foobar_14[:, :, 1] = foobar_28.copy()
    for foobar_26 in range(2, foobar_10):
        foobar_30[1:foobar_11, 1:foobar_12] = -2 * foobar_28[1:foobar_11, 1:foobar_12] - foobar_29[1:foobar_11, 1:foobar_12] + foobar_5 * (0.5 * (foobar_27[1:foobar_11, 1:foobar_12] + foobar_27[2:foobar_11 + 1, 1:foobar_12]) * (foobar_28[2:foobar_11 + 1, 1:foobar_12] - foobar_28[1:foobar_11, 1:foobar_12]) - 0.5 * (foobar_27[0:foobar_11 - 1, 1:foobar_12] + foobar_27[1:foobar_11, 1:foobar_12]) * (foobar_28[1:foobar_11, 1:foobar_12] - foobar_28[0:foobar_11 - 1, 1:foobar_12])) + foobar_6 * (0.5 * (foobar_27[1:foobar_11, 1:foobar_12] + foobar_27[1:foobar_11, 2:foobar_12 + 1]) * (foobar_28[1:foobar_11, 2:foobar_12 + 1] - foobar_28[1:foobar_11, 1:foobar_12]) - 0.5 * (foobar_27[1:foobar_11, 0:foobar_12 - 1] + foobar_27[1:foobar_11, 1:foobar_12]) * (foobar_28[1:foobar_11, 1:foobar_12] - foobar_28[1:foobar_11, 0:foobar_12 - 1]))
        if foobar_18 == 1:
            foobar_30[0, :] = 0
            foobar_30[-1, :] = 0
            foobar_30[:, 0] = 0
            foobar_30[:, -1] = 0
        elif foobar_18 == 2:
            foobar_23, foobar_24 = (0, 0)
            foobar_30[foobar_23, foobar_24] = -2 * foobar_28[foobar_23, foobar_24] - foobar_29[foobar_23, foobar_24] + foobar_5 * (foobar_27[foobar_23, foobar_24] + foobar_27[foobar_23 + 1, foobar_24]) * (foobar_28[foobar_23 + 1, foobar_24] - foobar_28[foobar_23, foobar_24]) + foobar_6 * (foobar_27[foobar_23, foobar_24] + foobar_27[foobar_23, foobar_24 + 1]) * (foobar_28[foobar_23, foobar_24 + 1] - foobar_28[foobar_23, foobar_24])
            foobar_23, foobar_24 = (0, foobar_12)
            foobar_30[foobar_23, foobar_24] = -2 * foobar_28[foobar_23, foobar_24] - foobar_29[foobar_23, foobar_24] + foobar_5 * (foobar_27[foobar_23, foobar_24] + foobar_27[foobar_23 + 1, foobar_24]) * (foobar_28[foobar_23 + 1, foobar_24] - foobar_28[foobar_23, foobar_24]) + foobar_6 * (foobar_27[foobar_23, foobar_24] + foobar_27[foobar_23, foobar_24 - 1]) * (foobar_28[foobar_23, foobar_24 - 1] - foobar_28[foobar_23, foobar_24])
            foobar_23, foobar_24 = (foobar_11, 0)
            foobar_30[foobar_23, foobar_24] = -2 * foobar_28[foobar_23, foobar_24] - foobar_29[foobar_23, foobar_24] + foobar_5 * (foobar_27[foobar_23, foobar_24] + foobar_27[foobar_23 - 1, foobar_24]) * (foobar_28[foobar_23 - 1, foobar_24] - foobar_28[foobar_23, foobar_24]) + foobar_6 * (foobar_27[foobar_23, foobar_24] + foobar_27[foobar_23, foobar_24 - 1]) * (foobar_28[foobar_23, foobar_24 - 1] - foobar_28[foobar_23, foobar_24])
            foobar_23, foobar_24 = (foobar_11, foobar_12)
            foobar_30[foobar_23, foobar_24] = -2 * foobar_28[foobar_23, foobar_24] - foobar_29[foobar_23, foobar_24] + foobar_5 * (foobar_27[foobar_23, foobar_24] + foobar_27[foobar_23 - 1, foobar_24]) * (foobar_28[foobar_23 - 1, foobar_24] - foobar_28[foobar_23, foobar_24]) + foobar_6 * (foobar_27[foobar_23, foobar_24] + foobar_27[foobar_23, foobar_24 - 1]) * (foobar_28[foobar_23, foobar_24 - 1] - foobar_28[foobar_23, foobar_24])
            foobar_23 = 0
            foobar_30[foobar_23, 1:foobar_12 - 1] = -2 * foobar_28[foobar_23, 1:foobar_12 - 1] - foobar_29[foobar_23, 1:foobar_12 - 1] + foobar_5 * (foobar_27[foobar_23, 1:foobar_12 - 1] + foobar_27[foobar_23 + 1, 1:foobar_12 - 1]) * (foobar_28[foobar_23 + 1, 1:foobar_12 - 1] - foobar_28[foobar_23, 1:foobar_12 - 1]) + foobar_6 * (0.5 * (foobar_27[foobar_23, 1:foobar_12 - 1] + foobar_27[foobar_23, 2:foobar_12]) * (foobar_28[foobar_23, 2:foobar_12] - foobar_28[foobar_23, 1:foobar_12 - 1]) - 0.5 * (foobar_27[foobar_23, 0:foobar_12 - 2] + foobar_27[foobar_23, foobar_24]) * (foobar_28[foobar_23, 1:foobar_12 - 1] - foobar_28[foobar_23, 0:foobar_12 - 2]))
            foobar_24 = 0
            foobar_30[1:foobar_11 - 1, foobar_24] = 10 * foobar_28[1:foobar_11 - 1, foobar_24] - foobar_29[1:foobar_11 - 1, foobar_24] + foobar_5 * (0.5 * (foobar_27[1:foobar_11 - 1, foobar_24] + foobar_27[2:foobar_11, foobar_24]) * (foobar_28[2:foobar_11, foobar_24] - foobar_28[1:foobar_11 - 1, foobar_24]) - 0.5 * (foobar_27[0:foobar_11 - 2, foobar_24] + foobar_27[1:foobar_11 - 1, foobar_24]) * (foobar_28[1:foobar_11 - 1, foobar_24] - foobar_28[0:foobar_11 - 2, foobar_24])) + foobar_6 * (foobar_27[1:foobar_11 - 1, foobar_24] + foobar_27[1:foobar_11 - 1, foobar_24 + 1]) * (foobar_28[1:foobar_11 - 1, foobar_24 + 1] - foobar_28[1:foobar_11 - 1, foobar_24])
            foobar_23 = foobar_11
            foobar_30[foobar_23, 1:foobar_12 - 1] = 5 * foobar_28[foobar_23, 1:foobar_12 - 1] - foobar_29[foobar_23, 1:foobar_12 - 1] + foobar_5 * (foobar_27[foobar_23, 1:foobar_12 - 1] + foobar_27[foobar_23 - 1, 1:foobar_12 - 1]) * (foobar_28[foobar_23 - 1, 1:foobar_12 - 1] - foobar_28[foobar_23, 1:foobar_12 - 1]) + foobar_6 * (0.5 * (foobar_27[foobar_23, 1:foobar_12 - 1] + foobar_27[foobar_23, 2:foobar_12]) * (foobar_28[foobar_23, 2:foobar_12] - foobar_28[foobar_23, 1:foobar_12 - 1]) - 0.5 * (foobar_27[foobar_23, 0:foobar_12 - 2] + foobar_27[foobar_23, 1:foobar_12 - 1]) * (foobar_28[foobar_23, 1:foobar_12 - 1] - foobar_28[foobar_23, 0:foobar_12 - 2]))
            foobar_24 = foobar_12
            foobar_30[1:foobar_11 - 1, foobar_24] = 3 * foobar_28[1:foobar_11 - 1, foobar_24] - foobar_29[1:foobar_11 - 1, foobar_24] + foobar_5 * (0.5 * (foobar_27[1:foobar_11 - 1, foobar_24] + foobar_27[2:foobar_11, foobar_24]) * (foobar_28[2:foobar_11, foobar_24] - foobar_28[1:foobar_11 - 1, foobar_24]) - 0.5 * (foobar_27[0:foobar_11 - 2, foobar_24] + foobar_27[1:foobar_11 - 1, foobar_24]) * (foobar_28[1:foobar_11 - 1, foobar_24] - foobar_28[0:foobar_11 - 2, foobar_24])) + foobar_6 * (foobar_27[1:foobar_11 - 1, foobar_24] + foobar_27[1:foobar_11 - 1, foobar_24 - 1]) * (foobar_28[1:foobar_11 - 1, foobar_24 - 1] - foobar_28[1:foobar_11 - 1, foobar_24])
        elif foobar_18 == 3:
            foobar_23 = 0
            foobar_30[foobar_23, :] = foobar_28[foobar_23 + 1, :] + (foobar_3 - 1) / (foobar_3 + 1) * (foobar_30[foobar_23 + 1, :] - foobar_28[foobar_23, :])
            foobar_24 = 0
            foobar_30[:, foobar_24] = foobar_28[:, foobar_24 + 1] + (foobar_1 - 1) / (foobar_1 + 1) * (foobar_30[:, foobar_24 + 1] - foobar_28[:, foobar_24])
            foobar_23 = foobar_11
            foobar_30[foobar_23, :] = foobar_28[foobar_23 - 1, :] + (foobar_4 - 1) / (foobar_4 + 1) * (foobar_30[foobar_23 - 1, :] - foobar_28[foobar_23, :])
            foobar_24 = foobar_12
            foobar_30[:, foobar_24] = foobar_28[:, foobar_24 - 1] + (foobar_2 - 1) / (foobar_2 + 1) * (foobar_30[:, foobar_24 - 1] - foobar_28[:, foobar_24])
        foobar_29 = foobar_28.copy()
        foobar_28 = foobar_30.copy()
        foobar_14[:, :, foobar_26] = foobar_28.copy()",125,15957,wave,oscillation/restoration,False,explicit,,,,,0,Wave_1,NoComm_CorrVar_InValid,Energy of the system increases over time - wave spikes to infinity
Wave_NoComm_InValid_1,"import numpy as np

def I(x,y):
    return 0.2*np.exp(-((x-1)**2/0.1 + (y-1)**2/0.1))
def V(x,y):
    return 0
def celer(x,y):
    return 1
loop_exec = 1
bound_cond = 2
if bound_cond not in [1,2,3]:
    loop_exec = 0
    print(""Please choose a correct boundary condition"")

L_x = 5
dx = 0.05
N_x = int(L_x/dx)
X = np.linspace(0,L_x,N_x+1)
L_y = 5
dy = 0.05
N_y = int(L_y/dy)
Y = np.linspace(0,L_y,N_y+1)
L_t = 4
dt = dt = 0.1*min(dx, dy)
N_t = int(L_t/dt)
T = np.linspace(0,L_t,N_t+1)

c = np.zeros((N_x+1,N_y+1), float)
for i in range(0,N_x+1):
    for j in range(0,N_y+1):
        c[i,j] = celer(X[i],Y[j])
Cx2 = (dt/dx)**2; Cy2 = (dt/dy)**2
CFL_1 = dt/dy*c[:,0]; CFL_2 = dt/dy*c[:,N_y]; CFL_3 = dt/dx*c[0,:]; CFL_4 =dt/dx*c[N_x,:]

if loop_exec:
    U = np.zeros((N_x+1,N_x+1,N_t+1),float)
    u_nm1 = np.zeros((N_x+1,N_y+1),float)
    u_n = np.zeros((N_x+1,N_y+1),float)
    u_np1 = np.zeros((N_x+1,N_y+1),float)
    V_init = np.zeros((N_x+1,N_y+1),float)
    q = np.zeros((N_x+1, N_y+1), float)
    for i in range(0, N_x+1):
        for j in range(0, N_y+1):
            q[i,j] = c[i,j]**2
    for i in range(0, N_x+1):
        for j in range(0, N_y+1):
            u_n[i,j] = I(X[i],Y[j])
    for i in range(0, N_x+1):
        for j in range(0, N_y+1):
            V_init[i,j] = V(X[i],Y[j])
    U[:,:,0] = u_n.copy()
    u_np1[1:N_x,1:N_y] = 2*u_n[1:N_x,1:N_y] - (u_n[1:N_x,1:N_y] - 2*dt*V_init[1:N_x,1:N_y]) + Cx2*(  0.5*(q[1:N_x,1:N_y] + q[2:N_x+1,1:N_y ])*(u_n[2:N_x+1,1:N_y] - u_n[1:N_x,1:N_y])  - 0.5*(q[0:N_x -1,1:N_y] + q[1:N_x,1:N_y ])*(u_n[1:N_x,1:N_y] - u_n[0:N_x -1,1:N_y]) ) + Cy2*(  0.5*(q[1:N_x,1:N_y] + q[1:N_x ,2:N_y+1])*(u_n[1:N_x,2:N_y+1] - u_n[1:N_x,1:N_y])  - 0.5*(q[1:N_x,0:N_y -1] + q[1:N_x ,1:N_y])*(u_n[1:N_x,1:N_y] - u_n[1:N_x,0:N_y -1]) )
    if bound_cond == 1:
        u_np1[0,:] = 0; u_np1[-1,:] = 0; u_np1[:,0] = 0; u_np1[:,-1] = 0
    elif bound_cond == 2:
        i,j = 0,0; u_np1[i,j] = 2*u_n[i,j] - (u_n[i,j] - 2*dt*V_init[i,j]) + Cx2*(q[i,j] + q[i+1,j])*(u_n[i+1,j] - u_n[i,j]) + Cy2*(q[i,j] + q[i,j+1])*(u_n[i,j+1] - u_n[i,j])
        i,j = 0,N_y; u_np1[i,j] = 2*u_n[i,j] - (u_n[i,j] - 2*dt*V_init[i,j]) + Cx2*(q[i,j] + q[i+1,j])*(u_n[i+1,j] - u_n[i,j]) + Cy2*(q[i,j] + q[i,j-1])*(u_n[i,j-1] - u_n[i,j])                    
        i,j = N_x,0; u_np1[i,j] = 2*u_n[i,j] - (u_n[i,j] - 2*dt*V_init[i,j]) + Cx2*(q[i,j] + q[i-1,j])*(u_n[i-1,j] - u_n[i,j]) + Cy2*(q[i,j] + q[i,j+1])*(u_n[i,j+1] - u_n[i,j])     
        i,j = N_x,N_y; u_np1[i,j] = 2*u_n[i,j] - (u_n[i,j] - 2*dt*V_init[i,j]) + Cx2*(q[i,j] + q[i-1,j])*(u_n[i-1,j] - u_n[i,j]) + Cy2*(q[i,j] + q[i,j-1])*(u_n[i,j-1] - u_n[i,j])      
        i = 0; u_np1[i,1:N_y -1] = 2*u_n[i,1:N_y -1] - (u_n[i,1:N_y -1] - 2*dt*V_init[i,1:N_y -1]) + Cx2*(q[i,1:N_y -1] + q[i+1,1:N_y -1])*(u_n[i+1,1:N_y -1] - u_n[i,1:N_y -1]) + Cy2*(  0.5*(q[i,1:N_y -1] + q[i,2:N_y])*(u_n[i,2:N_y] - u_n[i,1:N_y -1])  - 0.5*(q[i,0:N_y -2] + q[i,1:N_y -1])*(u_n[i,1:N_y -1] - u_n[i,0:N_y -2]) )              
        j = 0; u_np1[1:N_x -1,j] = 2*u_n[1:N_x -1,j] - (u_n[1:N_x -1,j] - 2*dt*V_init[1:N_x -1,j]) + Cx2*(  0.5*(q[1:N_x -1,j] + q[2:N_x,j])*(u_n[2:N_x,j] - u_n[1:N_x -1,j])  - 0.5*(q[0:N_x -2,j] + q[1:N_x -1,j])*(u_n[1:N_x -1,j] - u_n[0:N_x -2,j]) ) + Cy2*(q[1:N_x -1,j] + q[1:N_x -1,j+1])*(u_n[1:N_x -1,j+1] - u_n[1:N_x -1,j])
        i = N_x; u_np1[i,1:N_y -1] = 2*u_n[i,1:N_y -1] - (u_n[i,1:N_y -1] - 2*dt*V_init[i,1:N_y -1]) + Cx2*(q[i,1:N_y -1] + q[i-1,1:N_y -1])*(u_n[i-1,1:N_y -1] - u_n[i,1:N_y -1]) + Cy2*(  0.5*(q[i,1:N_y -1] + q[i,2:N_y])*(u_n[i,2:N_y] - u_n[i,1:N_y -1])  - 0.5*(q[i,0:N_y -2] + q[i,1:N_y -1])*(u_n[i,1:N_y -1] - u_n[i,0:N_y -2]) )
        j = N_y; u_np1[1:N_x -1,j] = 2*u_n[1:N_x -1,j] - (u_n[1:N_x -1,j] - 2*dt*V_init[1:N_x -1,j]) + Cx2*(  0.5*(q[1:N_x -1,j] + q[2:N_x,j])*(u_n[2:N_x,j] - u_n[1:N_x -1,j])  - 0.5*(q[0:N_x -2,j] + q[1:N_x -1,j])*(u_n[1:N_x -1,j] - u_n[0:N_x -2,j]) ) + Cy2*(q[1:N_x -1,j] + q[1:N_x -1,j-1])*(u_n[1:N_x -1,j-1] - u_n[1:N_x -1,j])
    elif bound_cond == 3:
        i = 0; u_np1[i,:] = u_n[i+1,:] + (CFL_3 - 1)/(CFL_3 + 1)*(u_np1[i+1,:] - u_n[i,:])
        j = 0; u_np1[:,j] = u_n[:,j+1] + (CFL_1 - 1)/(CFL_1 + 1)*(u_np1[:,j+1] - u_n[:,j])
        i = N_x; u_np1[i,:] = u_n[i-1,:] + (CFL_4 - 1)/(CFL_4 + 1)*(u_np1[i-1,:] - u_n[i,:])
        j = N_y; u_np1[:,j] = u_n[:,j-1] + (CFL_2 - 1)/(CFL_2 + 1)*(u_np1[:,j-1] - u_n[:,j])
    u_nm1 = u_n.copy()
    u_n = u_np1.copy()
    U[:,:,1] = u_n.copy()

    for n in range(2, N_t):
        u_np1[1:N_x,1:N_y] = -2*u_n[1:N_x,1:N_y] - u_nm1[1:N_x,1:N_y] + Cx2*(  0.5*(q[1:N_x,1:N_y] + q[2:N_x+1,1:N_y])*(u_n[2:N_x+1,1:N_y] - u_n[1:N_x,1:N_y])  - 0.5*(q[0:N_x - 1,1:N_y] + q[1:N_x,1:N_y])*(u_n[1:N_x,1:N_y] - u_n[0:N_x - 1,1:N_y]) ) + Cy2*(  0.5*(q[1:N_x ,1:N_y] + q[1:N_x,2:N_y+1])*(u_n[1:N_x,2:N_y+1] - u_n[1:N_x,1:N_y])  - 0.5*(q[1:N_x,0:N_y - 1] + q[1:N_x,1:N_y])*(u_n[1:N_x,1:N_y] - u_n[1:N_x,0:N_y - 1]) )
        if bound_cond == 1:
            u_np1[0,:] = 0; u_np1[-1,:] = 0; u_np1[:,0] = 0; u_np1[:,-1] = 0
        elif bound_cond == 2:
            i,j = 0,0; u_np1[i,j] = -2*u_n[i,j] - u_nm1[i,j] + Cx2*(q[i,j] + q[i+1,j])*(u_n[i+1,j] - u_n[i,j]) + Cy2*(q[i,j] + q[i,j+1])*(u_n[i,j+1] - u_n[i,j])
            i,j = 0,N_y; u_np1[i,j] = -2*u_n[i,j] - u_nm1[i,j] + Cx2*(q[i,j] + q[i+1,j])*(u_n[i+1,j] - u_n[i,j]) + Cy2*(q[i,j] + q[i,j-1])*(u_n[i,j-1] - u_n[i,j])
            i,j = N_x,0; u_np1[i,j] = -2*u_n[i,j] - u_nm1[i,j] + Cx2*(q[i,j] + q[i-1,j])*(u_n[i-1,j] - u_n[i,j]) + Cy2*(q[i,j] + q[i,j-1])*(u_n[i,j-1] - u_n[i,j])
            i,j = N_x,N_y; u_np1[i,j] = -2*u_n[i,j] - u_nm1[i,j] + Cx2*(q[i,j] + q[i-1,j])*(u_n[i-1,j] - u_n[i,j]) + Cy2*(q[i,j] + q[i,j-1])*(u_n[i,j-1] - u_n[i,j])
            i = 0; u_np1[i,1:N_y -1] = -2*u_n[i,1:N_y -1] - u_nm1[i,1:N_y -1] + Cx2*(q[i,1:N_y -1] + q[i+1,1:N_y -1])*(u_n[i+1,1:N_y -1] - u_n[i,1:N_y -1]) + Cy2*(  0.5*(q[i,1:N_y -1] + q[i,2:N_y])*(u_n[i,2:N_y] - u_n[i,1:N_y -1])  - 0.5*(q[i,0:N_y -2] + q[i,j])*(u_n[i,1:N_y -1] - u_n[i,0:N_y -2]) )
            j = 0; u_np1[1:N_x - 1,j] = 10*u_n[1:N_x - 1,j] - u_nm1[1:N_x - 1,j] + Cx2*(  0.5*(q[1:N_x - 1,j] + q[2:N_x,j])*(u_n[2:N_x,j] - u_n[1:N_x - 1,j])  - 0.5*(q[0:N_x - 2,j] + q[1:N_x - 1,j])*(u_n[1:N_x - 1,j] - u_n[0:N_x - 2,j]) ) + Cy2*(q[1:N_x - 1,j] + q[1:N_x - 1,j+1])*(u_n[1:N_x - 1,j+1] - u_n[1:N_x - 1,j])
            i = N_x; u_np1[i,1:N_y -1] = 5*u_n[i,1:N_y -1] - u_nm1[i,1:N_y -1] + Cx2*(q[i,1:N_y -1] + q[i-1,1:N_y -1])*(u_n[i-1,1:N_y -1] - u_n[i,1:N_y -1]) + Cy2*(  0.5*(q[i,1:N_y -1] + q[i,2:N_y])*(u_n[i,2:N_y] - u_n[i,1:N_y -1])  - 0.5*(q[i,0:N_y -2] + q[i,1:N_y -1])*(u_n[i,1:N_y -1] - u_n[i,0:N_y -2]) )
            j = N_y; u_np1[1:N_x - 1,j] = 3*u_n[1:N_x - 1,j] - u_nm1[1:N_x - 1,j] + Cx2*(  0.5*(q[1:N_x - 1,j] + q[2:N_x,j])*(u_n[2:N_x,j] - u_n[1:N_x - 1,j])  - 0.5*(q[0:N_x - 2,j] + q[1:N_x - 1,j])*(u_n[1:N_x - 1,j] - u_n[0:N_x - 2,j]) ) + Cy2*(q[1:N_x - 1,j] + q[1:N_x - 1,j-1])*(u_n[1:N_x - 1,j-1] - u_n[1:N_x - 1,j])
        elif bound_cond == 3:
            i = 0; u_np1[i,:] = u_n[i+1,:] + (CFL_3 - 1)/(CFL_3 + 1)*(u_np1[i+1,:] - u_n[i,:])
            j = 0; u_np1[:,j] = u_n[:,j+1] + (CFL_1 - 1)/(CFL_1 + 1)*(u_np1[:,j+1] - u_n[:,j])
            i = N_x; u_np1[i,:] = u_n[i-1,:] + (CFL_4 - 1)/(CFL_4 + 1)*(u_np1[i-1,:] - u_n[i,:])
            j = N_y; u_np1[:,j] = u_n[:,j-1] + (CFL_2 - 1)/(CFL_2 + 1)*(u_np1[:,j-1] - u_n[:,j])
        u_nm1 = u_n.copy()
        u_n = u_np1.copy()
        U[:,:,n] = u_n.copy()",93,7427,wave,oscillation/restoration,False,explicit,,,,,0,Wave_1,NoComm_InValid,Energy of the system increases over time - wave spikes to infinity
Wave_NoComm_Valid_1,"import numpy as np
def I(x,y):
    return 0.2*np.exp(-((x-1)**2/0.1 + (y-1)**2/0.1))
def V(x,y):
    return 0
def celer(x,y):
    return 1
loop_exec = 1
bound_cond = 2
if bound_cond not in [1,2,3]:
    loop_exec = 0
    print(""Please choose a correct boundary condition"")
L_x = 5
dx = 0.05
N_x = int(L_x/dx)
X = np.linspace(0,L_x,N_x+1)
L_y = 5
dy = 0.05
N_y = int(L_y/dy)
Y = np.linspace(0,L_y,N_y+1)
L_t = 4
dt = dt = 0.1*min(dx, dy)
N_t = int(L_t/dt)
T = np.linspace(0,L_t,N_t+1)
c = np.zeros((N_x+1,N_y+1), float)
for i in range(0,N_x+1):
    for j in range(0,N_y+1):
        c[i,j] = celer(X[i],Y[j])
Cx2 = (dt/dx)**2; Cy2 = (dt/dy)**2
CFL_1 = dt/dy*c[:,0]; CFL_2 = dt/dy*c[:,N_y]; CFL_3 = dt/dx*c[0,:]; CFL_4 =dt/dx*c[N_x,:]
if loop_exec:
    U = np.zeros((N_x+1,N_x+1,N_t+1),float)
    u_nm1 = np.zeros((N_x+1,N_y+1),float)
    u_n = np.zeros((N_x+1,N_y+1),float)
    u_np1 = np.zeros((N_x+1,N_y+1),float)
    V_init = np.zeros((N_x+1,N_y+1),float)
    q = np.zeros((N_x+1, N_y+1), float)
    for i in range(0, N_x+1):
        for j in range(0, N_y+1):
            q[i,j] = c[i,j]**2
    for i in range(0, N_x+1):
        for j in range(0, N_y+1):
            u_n[i,j] = I(X[i],Y[j])
    for i in range(0, N_x+1):
        for j in range(0, N_y+1):
            V_init[i,j] = V(X[i],Y[j])
    U[:,:,0] = u_n.copy()
    u_np1[1:N_x,1:N_y] = 2*u_n[1:N_x,1:N_y] - (u_n[1:N_x,1:N_y] - 2*dt*V_init[1:N_x,1:N_y]) + Cx2*(  0.5*(q[1:N_x,1:N_y] + q[2:N_x+1,1:N_y ])*(u_n[2:N_x+1,1:N_y] - u_n[1:N_x,1:N_y])  - 0.5*(q[0:N_x -1,1:N_y] + q[1:N_x,1:N_y ])*(u_n[1:N_x,1:N_y] - u_n[0:N_x -1,1:N_y]) ) + Cy2*(  0.5*(q[1:N_x,1:N_y] + q[1:N_x ,2:N_y+1])*(u_n[1:N_x,2:N_y+1] - u_n[1:N_x,1:N_y])  - 0.5*(q[1:N_x,0:N_y -1] + q[1:N_x ,1:N_y])*(u_n[1:N_x,1:N_y] - u_n[1:N_x,0:N_y -1]) )
    if bound_cond == 1:
        u_np1[0,:] = 0; u_np1[-1,:] = 0; u_np1[:,0] = 0; u_np1[:,-1] = 0
    elif bound_cond == 2:
        i,j = 0,0; u_np1[i,j] = 2*u_n[i,j] - (u_n[i,j] - 2*dt*V_init[i,j]) + Cx2*(q[i,j] + q[i+1,j])*(u_n[i+1,j] - u_n[i,j]) + Cy2*(q[i,j] + q[i,j+1])*(u_n[i,j+1] - u_n[i,j])
        i,j = 0,N_y; u_np1[i,j] = 2*u_n[i,j] - (u_n[i,j] - 2*dt*V_init[i,j]) + Cx2*(q[i,j] + q[i+1,j])*(u_n[i+1,j] - u_n[i,j]) + Cy2*(q[i,j] + q[i,j-1])*(u_n[i,j-1] - u_n[i,j])                    
        i,j = N_x,0; u_np1[i,j] = 2*u_n[i,j] - (u_n[i,j] - 2*dt*V_init[i,j]) + Cx2*(q[i,j] + q[i-1,j])*(u_n[i-1,j] - u_n[i,j]) + Cy2*(q[i,j] + q[i,j+1])*(u_n[i,j+1] - u_n[i,j])     
        i,j = N_x,N_y; u_np1[i,j] = 2*u_n[i,j] - (u_n[i,j] - 2*dt*V_init[i,j]) + Cx2*(q[i,j] + q[i-1,j])*(u_n[i-1,j] - u_n[i,j]) + Cy2*(q[i,j] + q[i,j-1])*(u_n[i,j-1] - u_n[i,j])      
        i = 0; u_np1[i,1:N_y -1] = 2*u_n[i,1:N_y -1] - (u_n[i,1:N_y -1] - 2*dt*V_init[i,1:N_y -1]) + Cx2*(q[i,1:N_y -1] + q[i+1,1:N_y -1])*(u_n[i+1,1:N_y -1] - u_n[i,1:N_y -1]) + Cy2*(  0.5*(q[i,1:N_y -1] + q[i,2:N_y])*(u_n[i,2:N_y] - u_n[i,1:N_y -1])  - 0.5*(q[i,0:N_y -2] + q[i,1:N_y -1])*(u_n[i,1:N_y -1] - u_n[i,0:N_y -2]) )              
        j = 0; u_np1[1:N_x -1,j] = 2*u_n[1:N_x -1,j] - (u_n[1:N_x -1,j] - 2*dt*V_init[1:N_x -1,j]) + Cx2*(  0.5*(q[1:N_x -1,j] + q[2:N_x,j])*(u_n[2:N_x,j] - u_n[1:N_x -1,j])  - 0.5*(q[0:N_x -2,j] + q[1:N_x -1,j])*(u_n[1:N_x -1,j] - u_n[0:N_x -2,j]) ) + Cy2*(q[1:N_x -1,j] + q[1:N_x -1,j+1])*(u_n[1:N_x -1,j+1] - u_n[1:N_x -1,j])
        i = N_x; u_np1[i,1:N_y -1] = 2*u_n[i,1:N_y -1] - (u_n[i,1:N_y -1] - 2*dt*V_init[i,1:N_y -1]) + Cx2*(q[i,1:N_y -1] + q[i-1,1:N_y -1])*(u_n[i-1,1:N_y -1] - u_n[i,1:N_y -1]) + Cy2*(  0.5*(q[i,1:N_y -1] + q[i,2:N_y])*(u_n[i,2:N_y] - u_n[i,1:N_y -1])  - 0.5*(q[i,0:N_y -2] + q[i,1:N_y -1])*(u_n[i,1:N_y -1] - u_n[i,0:N_y -2]) )
        j = N_y; u_np1[1:N_x -1,j] = 2*u_n[1:N_x -1,j] - (u_n[1:N_x -1,j] - 2*dt*V_init[1:N_x -1,j]) + Cx2*(  0.5*(q[1:N_x -1,j] + q[2:N_x,j])*(u_n[2:N_x,j] - u_n[1:N_x -1,j])  - 0.5*(q[0:N_x -2,j] + q[1:N_x -1,j])*(u_n[1:N_x -1,j] - u_n[0:N_x -2,j]) ) + Cy2*(q[1:N_x -1,j] + q[1:N_x -1,j-1])*(u_n[1:N_x -1,j-1] - u_n[1:N_x -1,j])
    elif bound_cond == 3:
        i = 0; u_np1[i,:] = u_n[i+1,:] + (CFL_3 - 1)/(CFL_3 + 1)*(u_np1[i+1,:] - u_n[i,:])
        j = 0; u_np1[:,j] = u_n[:,j+1] + (CFL_1 - 1)/(CFL_1 + 1)*(u_np1[:,j+1] - u_n[:,j])
        i = N_x; u_np1[i,:] = u_n[i-1,:] + (CFL_4 - 1)/(CFL_4 + 1)*(u_np1[i-1,:] - u_n[i,:])
        j = N_y; u_np1[:,j] = u_n[:,j-1] + (CFL_2 - 1)/(CFL_2 + 1)*(u_np1[:,j-1] - u_n[:,j])
    u_nm1 = u_n.copy()
    u_n = u_np1.copy()
    U[:,:,1] = u_n.copy()
    for n in range(2, N_t):
        u_np1[1:N_x,1:N_y] = 2*u_n[1:N_x,1:N_y] - u_nm1[1:N_x,1:N_y] + Cx2*(  0.5*(q[1:N_x,1:N_y] + q[2:N_x+1,1:N_y])*(u_n[2:N_x+1,1:N_y] - u_n[1:N_x,1:N_y])  - 0.5*(q[0:N_x - 1,1:N_y] + q[1:N_x,1:N_y])*(u_n[1:N_x,1:N_y] - u_n[0:N_x - 1,1:N_y]) ) + Cy2*(  0.5*(q[1:N_x ,1:N_y] + q[1:N_x,2:N_y+1])*(u_n[1:N_x,2:N_y+1] - u_n[1:N_x,1:N_y])  - 0.5*(q[1:N_x,0:N_y - 1] + q[1:N_x,1:N_y])*(u_n[1:N_x,1:N_y] - u_n[1:N_x,0:N_y - 1]) )
        if bound_cond == 1:
            u_np1[0,:] = 0; u_np1[-1,:] = 0; u_np1[:,0] = 0; u_np1[:,-1] = 0
        elif bound_cond == 2:
            i,j = 0,0; u_np1[i,j] = 2*u_n[i,j] - u_nm1[i,j] + Cx2*(q[i,j] + q[i+1,j])*(u_n[i+1,j] - u_n[i,j]) + Cy2*(q[i,j] + q[i,j+1])*(u_n[i,j+1] - u_n[i,j])
            i,j = 0,N_y; u_np1[i,j] = 2*u_n[i,j] - u_nm1[i,j] + Cx2*(q[i,j] + q[i+1,j])*(u_n[i+1,j] - u_n[i,j]) + Cy2*(q[i,j] + q[i,j-1])*(u_n[i,j-1] - u_n[i,j])
            i,j = N_x,0; u_np1[i,j] = 2*u_n[i,j] - u_nm1[i,j] + Cx2*(q[i,j] + q[i-1,j])*(u_n[i-1,j] - u_n[i,j]) + Cy2*(q[i,j] + q[i,j-1])*(u_n[i,j-1] - u_n[i,j])
            i,j = N_x,N_y; u_np1[i,j] = 2*u_n[i,j] - u_nm1[i,j] + Cx2*(q[i,j] + q[i-1,j])*(u_n[i-1,j] - u_n[i,j]) + Cy2*(q[i,j] + q[i,j-1])*(u_n[i,j-1] - u_n[i,j])
            i = 0; u_np1[i,1:N_y -1] = 2*u_n[i,1:N_y -1] - u_nm1[i,1:N_y -1] + Cx2*(q[i,1:N_y -1] + q[i+1,1:N_y -1])*(u_n[i+1,1:N_y -1] - u_n[i,1:N_y -1]) + Cy2*(  0.5*(q[i,1:N_y -1] + q[i,2:N_y])*(u_n[i,2:N_y] - u_n[i,1:N_y -1])  - 0.5*(q[i,0:N_y -2] + q[i,j])*(u_n[i,1:N_y -1] - u_n[i,0:N_y -2]) )
            j = 0; u_np1[1:N_x - 1,j] = 2*u_n[1:N_x - 1,j] - u_nm1[1:N_x - 1,j] + Cx2*(  0.5*(q[1:N_x - 1,j] + q[2:N_x,j])*(u_n[2:N_x,j] - u_n[1:N_x - 1,j])  - 0.5*(q[0:N_x - 2,j] + q[1:N_x - 1,j])*(u_n[1:N_x - 1,j] - u_n[0:N_x - 2,j]) ) + Cy2*(q[1:N_x - 1,j] + q[1:N_x - 1,j+1])*(u_n[1:N_x - 1,j+1] - u_n[1:N_x - 1,j])
            i = N_x; u_np1[i,1:N_y -1] = 2*u_n[i,1:N_y -1] - u_nm1[i,1:N_y -1] + Cx2*(q[i,1:N_y -1] + q[i-1,1:N_y -1])*(u_n[i-1,1:N_y -1] - u_n[i,1:N_y -1]) + Cy2*(  0.5*(q[i,1:N_y -1] + q[i,2:N_y])*(u_n[i,2:N_y] - u_n[i,1:N_y -1])  - 0.5*(q[i,0:N_y -2] + q[i,1:N_y -1])*(u_n[i,1:N_y -1] - u_n[i,0:N_y -2]) )
            j = N_y; u_np1[1:N_x - 1,j] = 2*u_n[1:N_x - 1,j] - u_nm1[1:N_x - 1,j] + Cx2*(  0.5*(q[1:N_x - 1,j] + q[2:N_x,j])*(u_n[2:N_x,j] - u_n[1:N_x - 1,j])  - 0.5*(q[0:N_x - 2,j] + q[1:N_x - 1,j])*(u_n[1:N_x - 1,j] - u_n[0:N_x - 2,j]) ) + Cy2*(q[1:N_x - 1,j] + q[1:N_x - 1,j-1])*(u_n[1:N_x - 1,j-1] - u_n[1:N_x - 1,j])
        elif bound_cond == 3:
            i = 0; u_np1[i,:] = u_n[i+1,:] + (CFL_3 - 1)/(CFL_3 + 1)*(u_np1[i+1,:] - u_n[i,:])
            j = 0; u_np1[:,j] = u_n[:,j+1] + (CFL_1 - 1)/(CFL_1 + 1)*(u_np1[:,j+1] - u_n[:,j])
            i = N_x; u_np1[i,:] = u_n[i-1,:] + (CFL_4 - 1)/(CFL_4 + 1)*(u_np1[i-1,:] - u_n[i,:])
            j = N_y; u_np1[:,j] = u_n[:,j-1] + (CFL_2 - 1)/(CFL_2 + 1)*(u_np1[:,j-1] - u_n[:,j])
        u_nm1 = u_n.copy()      
        u_n = u_np1.copy() 
        U[:,:,n] = u_n.copy()",88,7422,wave,oscillation/restoration,True,explicit,,,,,0,Wave_1,NoComm_Valid,
Wave_Comm_InValid_2,"import numpy as np
# Initial Condition


def I(x):
    return np.exp(-(x)**2/0.01)
def celer(x):
    if x <=0.7:
        return 1
    else:
        return 0.5
loop_exec = 1
left_bound_cond = 2
right_bound_cond = 3
if left_bound_cond not in [1,2,3]:
    loop_exec = 0
    print(""Please choose a correct left boundary condition"")
if right_bound_cond not in [1,2,3]:
    loop_exec = 0
# Spatial and Temporal Mesh Construction
    print(""Please choose a correct right boundary condition"")

L_x = 1.5
dx = 0.01
N_x = int(L_x/dx)
X = np.linspace(0,L_x,N_x+1)
L_t = 4
dt = 0.01*dx
N_t = int(L_t/dt)
# Velocity array for calculation (via finite elements method)
T = np.linspace(0,L_t,N_t+1)

c = np.zeros(N_x+1, float)
for i in range(0,N_x+1):
    c[i] = celer(X[i])
# Loop running the process of integrating the system over the space and time mesh
c_1 = c[0]; c_2 = c[N_x]; C2 = (dt/dx)**2; CFL_1 = c_1*(dt/dx); CFL_2 = c_2*(dt/dx)

if loop_exec:
    u_jm1 = np.zeros(N_x+1,float)
    u_j = np.zeros(N_x+1,float)
    u_jp1 = np.zeros(N_x+1,float)
    q = np.zeros(N_x+1,float)
    q[0:N_x+1] = c[0:N_x+1]**2
    U = np.zeros((N_x+1,N_t+1),float)
    u_j[0:N_x+1] = I(X[0:N_x+1])
    U[:,0] = u_j.copy()
    u_jp1[1:N_x] = u_j[1:N_x] + 0.5*C2*( 0.5*(q[1:N_x] + q[2:N_x+1])*(u_j[2:N_x+1] - u_j[1:N_x]) - 0.5*(q[0:N_x-1] + q[1:N_x])*(u_j[1:N_x] - u_j[0:N_x-1]))
    if left_bound_cond == 1:
        u_jp1[0] = 0
    elif left_bound_cond == 2:
        u_jp1[0] = u_j[0] + 0.5*C2*( 0.5*(q[0] + q[0+1])*(u_j[0+1] - u_j[0]) - 0.5*(q[0] + q[0+1])*(u_j[0] - u_j[0+1]))
    elif left_bound_cond == 3:
        u_jp1[0] = u_j[1] + (CFL_1 -1)/(CFL_1 + 1)*( u_jp1[1] - u_j[0])
    if right_bound_cond == 1:
        u_jp1[N_x] = 0
    elif right_bound_cond == 2:
        u_jp1[N_x] =  u_j[N_x] + 0.5*C2*( 0.5*(q[N_x-1] + q[N_x])*(u_j[N_x-1] - u_j[N_x]) - 0.5*(q[N_x-1] + q[N_x])*(u_j[N_x] - u_j[i-1]))
    elif right_bound_cond == 3:
        u_jp1[N_x] = u_j[N_x-1] + (CFL_2 -1)/(CFL_2 + 1)*(u_jp1[N_x-1] - u_j[N_x])
    u_jm1 = u_j.copy()
    u_j = u_jp1.copy()
    # Process loop (on time mesh)
    U[:,1] = u_j.copy()

    for j in range(1, N_t):
        u_jp1[1:N_x] = 10*u_jm1[1:N_x] + 2*u_j[1:N_x] + C2*( 0.5*(q[1:N_x] + q[2:N_x+1])*(u_j[2:N_x+1] - u_j[1:N_x]) - 0.5*(q[0:N_x-1] + q[1:N_x])*(u_j[1:N_x] - u_j[0:N_x-1]))
        if left_bound_cond == 1:
            u_jp1[0] = 0
        elif left_bound_cond == 2:
            u_jp1[0] = 5*u_jm1[0] + 2*u_j[0] + C2*( 0.5*(q[0] + q[0+1])*(u_j[0+1] - u_j[0]) - 0.5*(q[0] + q[0+1])*(u_j[0] - u_j[0+1]))       
        elif left_bound_cond == 3:
            u_jp1[0] = 2*u_j[1] + (CFL_1 -1)/(CFL_1 + 1)*( u_jp1[1] - u_j[0])
        if right_bound_cond == 1:
            u_jp1[N_x] = 0
        elif right_bound_cond == 2:
            u_jp1[N_x] = -u_jm1[N_x] + 2*u_j[N_x] + C2*( 0.5*(q[N_x-1] + q[N_x])*(u_j[N_x-1] - u_j[N_x]) - 0.5*(q[N_x-1] + q[N_x])*(u_j[N_x] - u_j[N_x-1]))
        elif right_bound_cond == 3:
            u_jp1[N_x] = u_j[N_x-1] + (CFL_2 -1)/(CFL_2 + 1)*(u_jp1[N_x-1] - u_j[N_x])
        u_jm1[:] = u_j.copy()
        u_j[:] = u_jp1.copy()
        U[:,j] = u_j.copy()",82,3115,wave,oscillation/restoration,False,explicit,,,,,5,Wave_2,Comm_InValid,Energy of the system increases over time - wave compresses to the boundary point and then runs off
Wave_Comm_Valid_2,"import numpy as np
# Initial Condition
def I(x):
    return np.exp(-(x)**2/0.01)
def celer(x):
    if x <=0.7:
        return 1
    else:
        return 0.5
loop_exec = 1
left_bound_cond = 2
right_bound_cond = 3
if left_bound_cond not in [1,2,3]:
    loop_exec = 0
    print(""Please choose a correct left boundary condition"")
if right_bound_cond not in [1,2,3]:
    loop_exec = 0
    print(""Please choose a correct right boundary condition"")
# Spatial and Temporal Mesh Construction
L_x = 1.5
dx = 0.01
N_x = int(L_x/dx)
X = np.linspace(0,L_x,N_x+1)
L_t = 4
dt = 0.01*dx
N_t = int(L_t/dt)
T = np.linspace(0,L_t,N_t+1)
# Velocity array for calculation (via finite elements method)
c = np.zeros(N_x+1, float)
for i in range(0,N_x+1):
    c[i] = celer(X[i])
c_1 = c[0]; c_2 = c[N_x]; C2 = (dt/dx)**2; CFL_1 = c_1*(dt/dx); CFL_2 = c_2*(dt/dx)
# Loop running the process of integrating the system over the space and time mesh
if loop_exec:
    u_jm1 = np.zeros(N_x+1,float)
    u_j = np.zeros(N_x+1,float)
    u_jp1 = np.zeros(N_x+1,float)
    q = np.zeros(N_x+1,float)
    q[0:N_x+1] = c[0:N_x+1]**2
    U = np.zeros((N_x+1,N_t+1),float)
    u_j[0:N_x+1] = I(X[0:N_x+1])
    U[:,0] = u_j.copy()
    u_jp1[1:N_x] = u_j[1:N_x] + 0.5*C2*( 0.5*(q[1:N_x] + q[2:N_x+1])*(u_j[2:N_x+1] - u_j[1:N_x]) - 0.5*(q[0:N_x-1] + q[1:N_x])*(u_j[1:N_x] - u_j[0:N_x-1]))
    if left_bound_cond == 1:
        u_jp1[0] = 0
    elif left_bound_cond == 2:
        u_jp1[0] = u_j[0] + 0.5*C2*( 0.5*(q[0] + q[0+1])*(u_j[0+1] - u_j[0]) - 0.5*(q[0] + q[0+1])*(u_j[0] - u_j[0+1]))
    elif left_bound_cond == 3:
        u_jp1[0] = u_j[1] + (CFL_1 -1)/(CFL_1 + 1)*( u_jp1[1] - u_j[0])
    if right_bound_cond == 1:
        u_jp1[N_x] = 0
    elif right_bound_cond == 2:
        u_jp1[N_x] =  u_j[N_x] + 0.5*C2*( 0.5*(q[N_x-1] + q[N_x])*(u_j[N_x-1] - u_j[N_x]) - 0.5*(q[N_x-1] + q[N_x])*(u_j[N_x] - u_j[i-1]))
    elif right_bound_cond == 3:
        u_jp1[N_x] = u_j[N_x-1] + (CFL_2 -1)/(CFL_2 + 1)*(u_jp1[N_x-1] - u_j[N_x])
    u_jm1 = u_j.copy()
    u_j = u_jp1.copy()
    U[:,1] = u_j.copy()
    # Process loop (on time mesh)
    for j in range(1, N_t):
        u_jp1[1:N_x] = -u_jm1[1:N_x] + 2*u_j[1:N_x] + C2*( 0.5*(q[1:N_x] + q[2:N_x+1])*(u_j[2:N_x+1] - u_j[1:N_x]) - 0.5*(q[0:N_x-1] + q[1:N_x])*(u_j[1:N_x] - u_j[0:N_x-1]))
        if left_bound_cond == 1:
            u_jp1[0] = 0
        elif left_bound_cond == 2:
            u_jp1[0] = -u_jm1[0] + 2*u_j[0] + C2*( 0.5*(q[0] + q[0+1])*(u_j[0+1] - u_j[0]) - 0.5*(q[0] + q[0+1])*(u_j[0] - u_j[0+1]))       
        elif left_bound_cond == 3:
            u_jp1[0] = u_j[1] + (CFL_1 -1)/(CFL_1 + 1)*( u_jp1[1] - u_j[0])
        if right_bound_cond == 1:
            u_jp1[N_x] = 0
        elif right_bound_cond == 2:
            u_jp1[N_x] = -u_jm1[N_x] + 2*u_j[N_x] + C2*( 0.5*(q[N_x-1] + q[N_x])*(u_j[N_x-1] - u_j[N_x]) - 0.5*(q[N_x-1] + q[N_x])*(u_j[N_x] - u_j[N_x-1]))
        elif right_bound_cond == 3:
            u_jp1[N_x] = u_j[N_x-1] + (CFL_2 -1)/(CFL_2 + 1)*(u_jp1[N_x-1] - u_j[N_x])
        u_jm1[:] = u_j.copy()
        u_j[:] = u_jp1.copy()
        U[:,j] = u_j.copy()",76,3104,wave,oscillation/restoration,True,explicit,,,,,5,Wave_2,Comm_Valid,
Wave_CorrComm_Valid_2,"import numpy as np
# U is velocity in physical space, U_hat is velocity in fourier space
def I(x):
    return np.exp(-(x)**2/0.01)
def celer(x):
    if x <=0.7:
        return 1
    else:
        return 0.5
loop_exec = 1
left_bound_cond = 2
right_bound_cond = 3
if left_bound_cond not in [1,2,3]:
    loop_exec = 0
    print(""Please choose a correct left boundary condition"")
if right_bound_cond not in [1,2,3]:
    loop_exec = 0
    print(""Please choose a correct right boundary condition"")
# RK4 coefficients for explicit time integration
L_x = 1.5
dx = 0.01
N_x = int(L_x/dx)
X = np.linspace(0,L_x,N_x+1)
L_t = 4
dt = 0.01*dx
N_t = int(L_t/dt)
T = np.linspace(0,L_t,N_t+1)
# local spatial grid
c = np.zeros(N_x+1, float)
for i in range(0,N_x+1):
    c[i] = celer(X[i])
c_1 = c[0]; c_2 = c[N_x]; C2 = (dt/dx)**2; CFL_1 = c_1*(dt/dx); CFL_2 = c_2*(dt/dx)
# fourier wavenumbers
if loop_exec:
    u_jm1 = np.zeros(N_x+1,float)
    u_j = np.zeros(N_x+1,float)
    u_jp1 = np.zeros(N_x+1,float)
    q = np.zeros(N_x+1,float)
    q[0:N_x+1] = c[0:N_x+1]**2
    U = np.zeros((N_x+1,N_t+1),float)
    u_j[0:N_x+1] = I(X[0:N_x+1])
    U[:,0] = u_j.copy()
    u_jp1[1:N_x] = u_j[1:N_x] + 0.5*C2*( 0.5*(q[1:N_x] + q[2:N_x+1])*(u_j[2:N_x+1] - u_j[1:N_x]) - 0.5*(q[0:N_x-1] + q[1:N_x])*(u_j[1:N_x] - u_j[0:N_x-1]))
    if left_bound_cond == 1:
        u_jp1[0] = 0
    elif left_bound_cond == 2:
        u_jp1[0] = u_j[0] + 0.5*C2*( 0.5*(q[0] + q[0+1])*(u_j[0+1] - u_j[0]) - 0.5*(q[0] + q[0+1])*(u_j[0] - u_j[0+1]))
    elif left_bound_cond == 3:
        u_jp1[0] = u_j[1] + (CFL_1 -1)/(CFL_1 + 1)*( u_jp1[1] - u_j[0])
    if right_bound_cond == 1:
        u_jp1[N_x] = 0
    elif right_bound_cond == 2:
        u_jp1[N_x] =  u_j[N_x] + 0.5*C2*( 0.5*(q[N_x-1] + q[N_x])*(u_j[N_x-1] - u_j[N_x]) - 0.5*(q[N_x-1] + q[N_x])*(u_j[N_x] - u_j[i-1]))
    elif right_bound_cond == 3:
        u_jp1[N_x] = u_j[N_x-1] + (CFL_2 -1)/(CFL_2 + 1)*(u_jp1[N_x-1] - u_j[N_x])
    u_jm1 = u_j.copy()
    u_j = u_jp1.copy()
    U[:,1] = u_j.copy()
    # nonlinear term, computing in physical space then transforming back to fourier space
    for j in range(1, N_t):
        u_jp1[1:N_x] = -u_jm1[1:N_x] + 2*u_j[1:N_x] + C2*( 0.5*(q[1:N_x] + q[2:N_x+1])*(u_j[2:N_x+1] - u_j[1:N_x]) - 0.5*(q[0:N_x-1] + q[1:N_x])*(u_j[1:N_x] - u_j[0:N_x-1]))
        if left_bound_cond == 1:
            u_jp1[0] = 0
        elif left_bound_cond == 2:
            u_jp1[0] = -u_jm1[0] + 2*u_j[0] + C2*( 0.5*(q[0] + q[0+1])*(u_j[0+1] - u_j[0]) - 0.5*(q[0] + q[0+1])*(u_j[0] - u_j[0+1]))       
        elif left_bound_cond == 3:
            u_jp1[0] = u_j[1] + (CFL_1 -1)/(CFL_1 + 1)*( u_jp1[1] - u_j[0])
        if right_bound_cond == 1:
            u_jp1[N_x] = 0
        elif right_bound_cond == 2:
            u_jp1[N_x] = -u_jm1[N_x] + 2*u_j[N_x] + C2*( 0.5*(q[N_x-1] + q[N_x])*(u_j[N_x-1] - u_j[N_x]) - 0.5*(q[N_x-1] + q[N_x])*(u_j[N_x] - u_j[N_x-1]))
        elif right_bound_cond == 3:
            u_jp1[N_x] = u_j[N_x-1] + (CFL_2 -1)/(CFL_2 + 1)*(u_jp1[N_x-1] - u_j[N_x])
        u_jm1[:] = u_j.copy()
        u_j[:] = u_jp1.copy()
        U[:,j] = u_j.copy()",76,3117,wave,oscillation/restoration,True,explicit,NavierStokes_Comm_Valid_3,navier-stokes,"[{'donor_text': '# U is velocity in physical space, U_hat is velocity in fourier space', 'gt_position': 2, 'source_line_in_donor': 13, 'line_inserted': 2}, {'donor_text': '# RK4 coefficients for explicit time integration', 'gt_position': 19, 'source_line_in_donor': 20, 'line_inserted': 19}, {'donor_text': '# local spatial grid', 'gt_position': 28, 'source_line_in_donor': 28, 'line_inserted': 28}, {'donor_text': '# fourier wavenumbers', 'gt_position': 33, 'source_line_in_donor': 34, 'line_inserted': 33}, {'donor_text': '# nonlinear term, computing in physical space then transforming back to fourier space', 'gt_position': 59, 'source_line_in_donor': 49, 'line_inserted': 59}]",4.0,5,Wave_2,CorrComm,
Wave_CorrComm_InValid_2,"import numpy as np
# U is velocity in physical space, U_hat is velocity in fourier space


def I(x):
    return np.exp(-(x)**2/0.01)
def celer(x):
    if x <=0.7:
        return 1
    else:
        return 0.5
loop_exec = 1
left_bound_cond = 2
right_bound_cond = 3
if left_bound_cond not in [1,2,3]:
    loop_exec = 0
    print(""Please choose a correct left boundary condition"")
if right_bound_cond not in [1,2,3]:
    loop_exec = 0
# RK4 coefficients for explicit time integration
    print(""Please choose a correct right boundary condition"")

L_x = 1.5
dx = 0.01
N_x = int(L_x/dx)
X = np.linspace(0,L_x,N_x+1)
L_t = 4
dt = 0.01*dx
N_t = int(L_t/dt)
# local spatial grid
T = np.linspace(0,L_t,N_t+1)

c = np.zeros(N_x+1, float)
for i in range(0,N_x+1):
    c[i] = celer(X[i])
# fourier wavenumbers
c_1 = c[0]; c_2 = c[N_x]; C2 = (dt/dx)**2; CFL_1 = c_1*(dt/dx); CFL_2 = c_2*(dt/dx)

if loop_exec:
    u_jm1 = np.zeros(N_x+1,float)
    u_j = np.zeros(N_x+1,float)
    u_jp1 = np.zeros(N_x+1,float)
    q = np.zeros(N_x+1,float)
    q[0:N_x+1] = c[0:N_x+1]**2
    U = np.zeros((N_x+1,N_t+1),float)
    u_j[0:N_x+1] = I(X[0:N_x+1])
    U[:,0] = u_j.copy()
    u_jp1[1:N_x] = u_j[1:N_x] + 0.5*C2*( 0.5*(q[1:N_x] + q[2:N_x+1])*(u_j[2:N_x+1] - u_j[1:N_x]) - 0.5*(q[0:N_x-1] + q[1:N_x])*(u_j[1:N_x] - u_j[0:N_x-1]))
    if left_bound_cond == 1:
        u_jp1[0] = 0
    elif left_bound_cond == 2:
        u_jp1[0] = u_j[0] + 0.5*C2*( 0.5*(q[0] + q[0+1])*(u_j[0+1] - u_j[0]) - 0.5*(q[0] + q[0+1])*(u_j[0] - u_j[0+1]))
    elif left_bound_cond == 3:
        u_jp1[0] = u_j[1] + (CFL_1 -1)/(CFL_1 + 1)*( u_jp1[1] - u_j[0])
    if right_bound_cond == 1:
        u_jp1[N_x] = 0
    elif right_bound_cond == 2:
        u_jp1[N_x] =  u_j[N_x] + 0.5*C2*( 0.5*(q[N_x-1] + q[N_x])*(u_j[N_x-1] - u_j[N_x]) - 0.5*(q[N_x-1] + q[N_x])*(u_j[N_x] - u_j[i-1]))
    elif right_bound_cond == 3:
        u_jp1[N_x] = u_j[N_x-1] + (CFL_2 -1)/(CFL_2 + 1)*(u_jp1[N_x-1] - u_j[N_x])
    u_jm1 = u_j.copy()
    u_j = u_jp1.copy()
    # nonlinear term, computing in physical space then transforming back to fourier space
    U[:,1] = u_j.copy()

    for j in range(1, N_t):
        u_jp1[1:N_x] = 10*u_jm1[1:N_x] + 2*u_j[1:N_x] + C2*( 0.5*(q[1:N_x] + q[2:N_x+1])*(u_j[2:N_x+1] - u_j[1:N_x]) - 0.5*(q[0:N_x-1] + q[1:N_x])*(u_j[1:N_x] - u_j[0:N_x-1]))
        if left_bound_cond == 1:
            u_jp1[0] = 0
        elif left_bound_cond == 2:
            u_jp1[0] = 5*u_jm1[0] + 2*u_j[0] + C2*( 0.5*(q[0] + q[0+1])*(u_j[0+1] - u_j[0]) - 0.5*(q[0] + q[0+1])*(u_j[0] - u_j[0+1]))       
        elif left_bound_cond == 3:
            u_jp1[0] = 2*u_j[1] + (CFL_1 -1)/(CFL_1 + 1)*( u_jp1[1] - u_j[0])
        if right_bound_cond == 1:
            u_jp1[N_x] = 0
        elif right_bound_cond == 2:
            u_jp1[N_x] = -u_jm1[N_x] + 2*u_j[N_x] + C2*( 0.5*(q[N_x-1] + q[N_x])*(u_j[N_x-1] - u_j[N_x]) - 0.5*(q[N_x-1] + q[N_x])*(u_j[N_x] - u_j[N_x-1]))
        elif right_bound_cond == 3:
            u_jp1[N_x] = u_j[N_x-1] + (CFL_2 -1)/(CFL_2 + 1)*(u_jp1[N_x-1] - u_j[N_x])
        u_jm1[:] = u_j.copy()
        u_j[:] = u_jp1.copy()
        U[:,j] = u_j.copy()",82,3128,wave,oscillation/restoration,False,explicit,NavierStokes_Comm_Valid_3,navier-stokes,"[{'donor_text': '# U is velocity in physical space, U_hat is velocity in fourier space', 'gt_position': 2, 'source_line_in_donor': 13, 'line_inserted': 2}, {'donor_text': '# RK4 coefficients for explicit time integration', 'gt_position': 20, 'source_line_in_donor': 20, 'line_inserted': 20}, {'donor_text': '# local spatial grid', 'gt_position': 30, 'source_line_in_donor': 28, 'line_inserted': 30}, {'donor_text': '# fourier wavenumbers', 'gt_position': 36, 'source_line_in_donor': 34, 'line_inserted': 36}, {'donor_text': '# nonlinear term, computing in physical space then transforming back to fourier space', 'gt_position': 63, 'source_line_in_donor': 49, 'line_inserted': 63}]",4.0,5,Wave_2,CorrComm_Invalid,
Wave_NoComm_CorrVar_2,"import numpy as np

def fn1(foobar_25):
    return np.exp(-foobar_25 ** 2 / 0.01)

def fn2(foobar_25):
    if foobar_25 <= 0.7:
        return 1
    else:
        return 0.5
foobar_19 = 1
foobar_18 = 2
foobar_21 = 3
if foobar_18 not in [1, 2, 3]:
    foobar_19 = 0
    print('Please choose a correct left boundary condition')
if foobar_21 not in [1, 2, 3]:
    foobar_19 = 0
    print('Please choose a correct right boundary condition')
foobar_5 = 1.5
foobar_15 = 0.01
foobar_7 = int(foobar_5 / foobar_15)
foobar_10 = np.linspace(0, foobar_5, foobar_7 + 1)
foobar_4 = 4
foobar_14 = 0.01 * foobar_15
foobar_6 = int(foobar_4 / foobar_14)
foobar_8 = np.linspace(0, foobar_4, foobar_6 + 1)
foobar_11 = np.zeros(foobar_7 + 1, float)
for foobar_16 in range(0, foobar_7 + 1):
    foobar_11[foobar_16] = fn2(foobar_10[foobar_16])
foobar_12 = foobar_11[0]
foobar_13 = foobar_11[foobar_7]
foobar_1 = (foobar_14 / foobar_15) ** 2
foobar_2 = foobar_12 * (foobar_14 / foobar_15)
foobar_3 = foobar_13 * (foobar_14 / foobar_15)
if foobar_19:
    foobar_23 = np.zeros(foobar_7 + 1, float)
    foobar_22 = np.zeros(foobar_7 + 1, float)
    foobar_24 = np.zeros(foobar_7 + 1, float)
    foobar_20 = np.zeros(foobar_7 + 1, float)
    foobar_20[0:foobar_7 + 1] = foobar_11[0:foobar_7 + 1] ** 2
    foobar_9 = np.zeros((foobar_7 + 1, foobar_6 + 1), float)
    foobar_22[0:foobar_7 + 1] = fn1(foobar_10[0:foobar_7 + 1])
    foobar_9[:, 0] = foobar_22.copy()
    foobar_24[1:foobar_7] = foobar_22[1:foobar_7] + 0.5 * foobar_1 * (0.5 * (foobar_20[1:foobar_7] + foobar_20[2:foobar_7 + 1]) * (foobar_22[2:foobar_7 + 1] - foobar_22[1:foobar_7]) - 0.5 * (foobar_20[0:foobar_7 - 1] + foobar_20[1:foobar_7]) * (foobar_22[1:foobar_7] - foobar_22[0:foobar_7 - 1]))
    if foobar_18 == 1:
        foobar_24[0] = 0
    elif foobar_18 == 2:
        foobar_24[0] = foobar_22[0] + 0.5 * foobar_1 * (0.5 * (foobar_20[0] + foobar_20[0 + 1]) * (foobar_22[0 + 1] - foobar_22[0]) - 0.5 * (foobar_20[0] + foobar_20[0 + 1]) * (foobar_22[0] - foobar_22[0 + 1]))
    elif foobar_18 == 3:
        foobar_24[0] = foobar_22[1] + (foobar_2 - 1) / (foobar_2 + 1) * (foobar_24[1] - foobar_22[0])
    if foobar_21 == 1:
        foobar_24[foobar_7] = 0
    elif foobar_21 == 2:
        foobar_24[foobar_7] = foobar_22[foobar_7] + 0.5 * foobar_1 * (0.5 * (foobar_20[foobar_7 - 1] + foobar_20[foobar_7]) * (foobar_22[foobar_7 - 1] - foobar_22[foobar_7]) - 0.5 * (foobar_20[foobar_7 - 1] + foobar_20[foobar_7]) * (foobar_22[foobar_7] - foobar_22[foobar_16 - 1]))
    elif foobar_21 == 3:
        foobar_24[foobar_7] = foobar_22[foobar_7 - 1] + (foobar_3 - 1) / (foobar_3 + 1) * (foobar_24[foobar_7 - 1] - foobar_22[foobar_7])
    foobar_23 = foobar_22.copy()
    foobar_22 = foobar_24.copy()
    foobar_9[:, 1] = foobar_22.copy()
    for foobar_17 in range(1, foobar_6):
        foobar_24[1:foobar_7] = -foobar_23[1:foobar_7] + 2 * foobar_22[1:foobar_7] + foobar_1 * (0.5 * (foobar_20[1:foobar_7] + foobar_20[2:foobar_7 + 1]) * (foobar_22[2:foobar_7 + 1] - foobar_22[1:foobar_7]) - 0.5 * (foobar_20[0:foobar_7 - 1] + foobar_20[1:foobar_7]) * (foobar_22[1:foobar_7] - foobar_22[0:foobar_7 - 1]))
        if foobar_18 == 1:
            foobar_24[0] = 0
        elif foobar_18 == 2:
            foobar_24[0] = -foobar_23[0] + 2 * foobar_22[0] + foobar_1 * (0.5 * (foobar_20[0] + foobar_20[0 + 1]) * (foobar_22[0 + 1] - foobar_22[0]) - 0.5 * (foobar_20[0] + foobar_20[0 + 1]) * (foobar_22[0] - foobar_22[0 + 1]))
        elif foobar_18 == 3:
            foobar_24[0] = foobar_22[1] + (foobar_2 - 1) / (foobar_2 + 1) * (foobar_24[1] - foobar_22[0])
        if foobar_21 == 1:
            foobar_24[foobar_7] = 0
        elif foobar_21 == 2:
            foobar_24[foobar_7] = -foobar_23[foobar_7] + 2 * foobar_22[foobar_7] + foobar_1 * (0.5 * (foobar_20[foobar_7 - 1] + foobar_20[foobar_7]) * (foobar_22[foobar_7 - 1] - foobar_22[foobar_7]) - 0.5 * (foobar_20[foobar_7 - 1] + foobar_20[foobar_7]) * (foobar_22[foobar_7] - foobar_22[foobar_7 - 1]))
        elif foobar_21 == 3:
            foobar_24[foobar_7] = foobar_22[foobar_7 - 1] + (foobar_3 - 1) / (foobar_3 + 1) * (foobar_24[foobar_7 - 1] - foobar_22[foobar_7])
        foobar_23[:] = foobar_22.copy()
        foobar_22[:] = foobar_24.copy()
        foobar_9[:, foobar_17] = foobar_22.copy()",77,4285,wave,oscillation/restoration,True,explicit,,,,,0,Wave_2,NoComm_CorrVar,
Wave_NoComm_CorrVar_InValid_2,"import numpy as np

def fn1(foobar_25):
    return np.exp(-foobar_25 ** 2 / 0.01)

def fn2(foobar_25):
    if foobar_25 <= 0.7:
        return 1
    else:
        return 0.5
foobar_19 = 1
foobar_18 = 2
foobar_21 = 3
if foobar_18 not in [1, 2, 3]:
    foobar_19 = 0
    print('Please choose a correct left boundary condition')
if foobar_21 not in [1, 2, 3]:
    foobar_19 = 0
    print('Please choose a correct right boundary condition')
foobar_5 = 1.5
foobar_15 = 0.01
foobar_7 = int(foobar_5 / foobar_15)
foobar_10 = np.linspace(0, foobar_5, foobar_7 + 1)
foobar_4 = 4
foobar_14 = 0.01 * foobar_15
foobar_6 = int(foobar_4 / foobar_14)
foobar_8 = np.linspace(0, foobar_4, foobar_6 + 1)
foobar_11 = np.zeros(foobar_7 + 1, float)
for foobar_16 in range(0, foobar_7 + 1):
    foobar_11[foobar_16] = fn2(foobar_10[foobar_16])
foobar_12 = foobar_11[0]
foobar_13 = foobar_11[foobar_7]
foobar_1 = (foobar_14 / foobar_15) ** 2
foobar_2 = foobar_12 * (foobar_14 / foobar_15)
foobar_3 = foobar_13 * (foobar_14 / foobar_15)
if foobar_19:
    foobar_23 = np.zeros(foobar_7 + 1, float)
    foobar_22 = np.zeros(foobar_7 + 1, float)
    foobar_24 = np.zeros(foobar_7 + 1, float)
    foobar_20 = np.zeros(foobar_7 + 1, float)
    foobar_20[0:foobar_7 + 1] = foobar_11[0:foobar_7 + 1] ** 2
    foobar_9 = np.zeros((foobar_7 + 1, foobar_6 + 1), float)
    foobar_22[0:foobar_7 + 1] = fn1(foobar_10[0:foobar_7 + 1])
    foobar_9[:, 0] = foobar_22.copy()
    foobar_24[1:foobar_7] = foobar_22[1:foobar_7] + 0.5 * foobar_1 * (0.5 * (foobar_20[1:foobar_7] + foobar_20[2:foobar_7 + 1]) * (foobar_22[2:foobar_7 + 1] - foobar_22[1:foobar_7]) - 0.5 * (foobar_20[0:foobar_7 - 1] + foobar_20[1:foobar_7]) * (foobar_22[1:foobar_7] - foobar_22[0:foobar_7 - 1]))
    if foobar_18 == 1:
        foobar_24[0] = 0
    elif foobar_18 == 2:
        foobar_24[0] = foobar_22[0] + 0.5 * foobar_1 * (0.5 * (foobar_20[0] + foobar_20[0 + 1]) * (foobar_22[0 + 1] - foobar_22[0]) - 0.5 * (foobar_20[0] + foobar_20[0 + 1]) * (foobar_22[0] - foobar_22[0 + 1]))
    elif foobar_18 == 3:
        foobar_24[0] = foobar_22[1] + (foobar_2 - 1) / (foobar_2 + 1) * (foobar_24[1] - foobar_22[0])
    if foobar_21 == 1:
        foobar_24[foobar_7] = 0
    elif foobar_21 == 2:
        foobar_24[foobar_7] = foobar_22[foobar_7] + 0.5 * foobar_1 * (0.5 * (foobar_20[foobar_7 - 1] + foobar_20[foobar_7]) * (foobar_22[foobar_7 - 1] - foobar_22[foobar_7]) - 0.5 * (foobar_20[foobar_7 - 1] + foobar_20[foobar_7]) * (foobar_22[foobar_7] - foobar_22[foobar_16 - 1]))
    elif foobar_21 == 3:
        foobar_24[foobar_7] = foobar_22[foobar_7 - 1] + (foobar_3 - 1) / (foobar_3 + 1) * (foobar_24[foobar_7 - 1] - foobar_22[foobar_7])
    foobar_23 = foobar_22.copy()
    foobar_22 = foobar_24.copy()
    foobar_9[:, 1] = foobar_22.copy()
    for foobar_17 in range(1, foobar_6):
        foobar_24[1:foobar_7] = 10 * foobar_23[1:foobar_7] + 2 * foobar_22[1:foobar_7] + foobar_1 * (0.5 * (foobar_20[1:foobar_7] + foobar_20[2:foobar_7 + 1]) * (foobar_22[2:foobar_7 + 1] - foobar_22[1:foobar_7]) - 0.5 * (foobar_20[0:foobar_7 - 1] + foobar_20[1:foobar_7]) * (foobar_22[1:foobar_7] - foobar_22[0:foobar_7 - 1]))
        if foobar_18 == 1:
            foobar_24[0] = 0
        elif foobar_18 == 2:
            foobar_24[0] = 5 * foobar_23[0] + 2 * foobar_22[0] + foobar_1 * (0.5 * (foobar_20[0] + foobar_20[0 + 1]) * (foobar_22[0 + 1] - foobar_22[0]) - 0.5 * (foobar_20[0] + foobar_20[0 + 1]) * (foobar_22[0] - foobar_22[0 + 1]))
        elif foobar_18 == 3:
            foobar_24[0] = 2 * foobar_22[1] + (foobar_2 - 1) / (foobar_2 + 1) * (foobar_24[1] - foobar_22[0])
        if foobar_21 == 1:
            foobar_24[foobar_7] = 0
        elif foobar_21 == 2:
            foobar_24[foobar_7] = -foobar_23[foobar_7] + 2 * foobar_22[foobar_7] + foobar_1 * (0.5 * (foobar_20[foobar_7 - 1] + foobar_20[foobar_7]) * (foobar_22[foobar_7 - 1] - foobar_22[foobar_7]) - 0.5 * (foobar_20[foobar_7 - 1] + foobar_20[foobar_7]) * (foobar_22[foobar_7] - foobar_22[foobar_7 - 1]))
        elif foobar_21 == 3:
            foobar_24[foobar_7] = foobar_22[foobar_7 - 1] + (foobar_3 - 1) / (foobar_3 + 1) * (foobar_24[foobar_7 - 1] - foobar_22[foobar_7])
        foobar_23[:] = foobar_22.copy()
        foobar_22[:] = foobar_24.copy()
        foobar_9[:, foobar_17] = foobar_22.copy()",77,4296,wave,oscillation/restoration,False,explicit,,,,,0,Wave_2,NoComm_CorrVar_InValid,Energy of the system increases over time - wave compresses to the boundary point and then runs off
Wave_NoComm_InValid_2,"import numpy as np


def I(x):
    return np.exp(-(x)**2/0.01)
def celer(x):
    if x <=0.7:
        return 1
    else:
        return 0.5
loop_exec = 1
left_bound_cond = 2
right_bound_cond = 3
if left_bound_cond not in [1,2,3]:
    loop_exec = 0
    print(""Please choose a correct left boundary condition"")
if right_bound_cond not in [1,2,3]:
    loop_exec = 0
    print(""Please choose a correct right boundary condition"")

L_x = 1.5
dx = 0.01
N_x = int(L_x/dx)
X = np.linspace(0,L_x,N_x+1)
L_t = 4
dt = 0.01*dx
N_t = int(L_t/dt)
T = np.linspace(0,L_t,N_t+1)

c = np.zeros(N_x+1, float)
for i in range(0,N_x+1):
    c[i] = celer(X[i])
c_1 = c[0]; c_2 = c[N_x]; C2 = (dt/dx)**2; CFL_1 = c_1*(dt/dx); CFL_2 = c_2*(dt/dx)

if loop_exec:
    u_jm1 = np.zeros(N_x+1,float)
    u_j = np.zeros(N_x+1,float)
    u_jp1 = np.zeros(N_x+1,float)
    q = np.zeros(N_x+1,float)
    q[0:N_x+1] = c[0:N_x+1]**2
    U = np.zeros((N_x+1,N_t+1),float)
    u_j[0:N_x+1] = I(X[0:N_x+1])
    U[:,0] = u_j.copy()
    u_jp1[1:N_x] = u_j[1:N_x] + 0.5*C2*( 0.5*(q[1:N_x] + q[2:N_x+1])*(u_j[2:N_x+1] - u_j[1:N_x]) - 0.5*(q[0:N_x-1] + q[1:N_x])*(u_j[1:N_x] - u_j[0:N_x-1]))
    if left_bound_cond == 1:
        u_jp1[0] = 0
    elif left_bound_cond == 2:
        u_jp1[0] = u_j[0] + 0.5*C2*( 0.5*(q[0] + q[0+1])*(u_j[0+1] - u_j[0]) - 0.5*(q[0] + q[0+1])*(u_j[0] - u_j[0+1]))
    elif left_bound_cond == 3:
        u_jp1[0] = u_j[1] + (CFL_1 -1)/(CFL_1 + 1)*( u_jp1[1] - u_j[0])
    if right_bound_cond == 1:
        u_jp1[N_x] = 0
    elif right_bound_cond == 2:
        u_jp1[N_x] =  u_j[N_x] + 0.5*C2*( 0.5*(q[N_x-1] + q[N_x])*(u_j[N_x-1] - u_j[N_x]) - 0.5*(q[N_x-1] + q[N_x])*(u_j[N_x] - u_j[i-1]))
    elif right_bound_cond == 3:
        u_jp1[N_x] = u_j[N_x-1] + (CFL_2 -1)/(CFL_2 + 1)*(u_jp1[N_x-1] - u_j[N_x])
    u_jm1 = u_j.copy()
    u_j = u_jp1.copy()
    U[:,1] = u_j.copy()

    for j in range(1, N_t):
        u_jp1[1:N_x] = 10*u_jm1[1:N_x] + 2*u_j[1:N_x] + C2*( 0.5*(q[1:N_x] + q[2:N_x+1])*(u_j[2:N_x+1] - u_j[1:N_x]) - 0.5*(q[0:N_x-1] + q[1:N_x])*(u_j[1:N_x] - u_j[0:N_x-1]))
        if left_bound_cond == 1:
            u_jp1[0] = 0
        elif left_bound_cond == 2:
            u_jp1[0] = 5*u_jm1[0] + 2*u_j[0] + C2*( 0.5*(q[0] + q[0+1])*(u_j[0+1] - u_j[0]) - 0.5*(q[0] + q[0+1])*(u_j[0] - u_j[0+1]))       
        elif left_bound_cond == 3:
            u_jp1[0] = 2*u_j[1] + (CFL_1 -1)/(CFL_1 + 1)*( u_jp1[1] - u_j[0])
        if right_bound_cond == 1:
            u_jp1[N_x] = 0
        elif right_bound_cond == 2:
            u_jp1[N_x] = -u_jm1[N_x] + 2*u_j[N_x] + C2*( 0.5*(q[N_x-1] + q[N_x])*(u_j[N_x-1] - u_j[N_x]) - 0.5*(q[N_x-1] + q[N_x])*(u_j[N_x] - u_j[N_x-1]))
        elif right_bound_cond == 3:
            u_jp1[N_x] = u_j[N_x-1] + (CFL_2 -1)/(CFL_2 + 1)*(u_jp1[N_x-1] - u_j[N_x])
        u_jm1[:] = u_j.copy()
        u_j[:] = u_jp1.copy()
        U[:,j] = u_j.copy()",77,2876,wave,oscillation/restoration,False,explicit,,,,,0,Wave_2,NoComm_InValid,Energy of the system increases over time - wave compresses to the boundary point and then runs off
Wave_NoComm_Valid_2,"import numpy as np
def I(x):
    return np.exp(-(x)**2/0.01)
def celer(x):
    if x <=0.7:
        return 1
    else:
        return 0.5
loop_exec = 1
left_bound_cond = 2
right_bound_cond = 3
if left_bound_cond not in [1,2,3]:
    loop_exec = 0
    print(""Please choose a correct left boundary condition"")
if right_bound_cond not in [1,2,3]:
    loop_exec = 0
    print(""Please choose a correct right boundary condition"")
L_x = 1.5
dx = 0.01
N_x = int(L_x/dx)
X = np.linspace(0,L_x,N_x+1)
L_t = 4
dt = 0.01*dx
N_t = int(L_t/dt)
T = np.linspace(0,L_t,N_t+1)
c = np.zeros(N_x+1, float)
for i in range(0,N_x+1):
    c[i] = celer(X[i])
c_1 = c[0]; c_2 = c[N_x]; C2 = (dt/dx)**2; CFL_1 = c_1*(dt/dx); CFL_2 = c_2*(dt/dx)
if loop_exec:
    u_jm1 = np.zeros(N_x+1,float)
    u_j = np.zeros(N_x+1,float)
    u_jp1 = np.zeros(N_x+1,float)
    q = np.zeros(N_x+1,float)
    q[0:N_x+1] = c[0:N_x+1]**2
    U = np.zeros((N_x+1,N_t+1),float)
    u_j[0:N_x+1] = I(X[0:N_x+1])
    U[:,0] = u_j.copy()
    u_jp1[1:N_x] = u_j[1:N_x] + 0.5*C2*( 0.5*(q[1:N_x] + q[2:N_x+1])*(u_j[2:N_x+1] - u_j[1:N_x]) - 0.5*(q[0:N_x-1] + q[1:N_x])*(u_j[1:N_x] - u_j[0:N_x-1]))
    if left_bound_cond == 1:
        u_jp1[0] = 0
    elif left_bound_cond == 2:
        u_jp1[0] = u_j[0] + 0.5*C2*( 0.5*(q[0] + q[0+1])*(u_j[0+1] - u_j[0]) - 0.5*(q[0] + q[0+1])*(u_j[0] - u_j[0+1]))
    elif left_bound_cond == 3:
        u_jp1[0] = u_j[1] + (CFL_1 -1)/(CFL_1 + 1)*( u_jp1[1] - u_j[0])
    if right_bound_cond == 1:
        u_jp1[N_x] = 0
    elif right_bound_cond == 2:
        u_jp1[N_x] =  u_j[N_x] + 0.5*C2*( 0.5*(q[N_x-1] + q[N_x])*(u_j[N_x-1] - u_j[N_x]) - 0.5*(q[N_x-1] + q[N_x])*(u_j[N_x] - u_j[i-1]))
    elif right_bound_cond == 3:
        u_jp1[N_x] = u_j[N_x-1] + (CFL_2 -1)/(CFL_2 + 1)*(u_jp1[N_x-1] - u_j[N_x])
    u_jm1 = u_j.copy()
    u_j = u_jp1.copy()
    U[:,1] = u_j.copy()
    for j in range(1, N_t):
        u_jp1[1:N_x] = -u_jm1[1:N_x] + 2*u_j[1:N_x] + C2*( 0.5*(q[1:N_x] + q[2:N_x+1])*(u_j[2:N_x+1] - u_j[1:N_x]) - 0.5*(q[0:N_x-1] + q[1:N_x])*(u_j[1:N_x] - u_j[0:N_x-1]))
        if left_bound_cond == 1:
            u_jp1[0] = 0
        elif left_bound_cond == 2:
            u_jp1[0] = -u_jm1[0] + 2*u_j[0] + C2*( 0.5*(q[0] + q[0+1])*(u_j[0+1] - u_j[0]) - 0.5*(q[0] + q[0+1])*(u_j[0] - u_j[0+1]))       
        elif left_bound_cond == 3:
            u_jp1[0] = u_j[1] + (CFL_1 -1)/(CFL_1 + 1)*( u_jp1[1] - u_j[0])
        if right_bound_cond == 1:
            u_jp1[N_x] = 0
        elif right_bound_cond == 2:
            u_jp1[N_x] = -u_jm1[N_x] + 2*u_j[N_x] + C2*( 0.5*(q[N_x-1] + q[N_x])*(u_j[N_x-1] - u_j[N_x]) - 0.5*(q[N_x-1] + q[N_x])*(u_j[N_x] - u_j[N_x-1]))
        elif right_bound_cond == 3:
            u_jp1[N_x] = u_j[N_x-1] + (CFL_2 -1)/(CFL_2 + 1)*(u_jp1[N_x-1] - u_j[N_x])
        u_jm1[:] = u_j.copy()
        u_j[:] = u_jp1.copy()
        U[:,j] = u_j.copy()",71,2865,wave,oscillation/restoration,True,explicit,,,,,0,Wave_2,NoComm_Valid,
Wave_Comm_InValid_3,"import numpy as np
from scipy.integrate import odeint
c = 1
# Spacial Domain
n = 200
L = 2*np.pi
dx = L / n
x = np.linspace(0, L, n)

T0 = 0
Tn = 2*np.pi
t_steps = 200
t = np.linspace(T0, Tn, t_steps)

phi_init = np.sin(x/2)**16
# Initial condition, a bump in the middle of the domain.
psi_init = 0*phi_init

phi_psi_init = np.hstack([phi_init, psi_init])

A_phi = np.zeros(n)
A_phi = A_phi + np.diag( 1/(2*dx)*np.ones(n-1,),  1)
A_phi = A_phi + np.diag(-1/(2*dx)*np.ones(n-1,), -1)

A_phi[0,n-1] = -1/(2*dx)
A_phi[n-1, 0] = 1/(2*dx)
# Cyclic boundary conditions: phi_{-1} = phi_{n-1}

A_psi = np.zeros(n)
A_psi = A_psi + np.diag( 1/(2*dx)*np.ones(n-1,),  1)
A_psi = A_psi + np.diag(-1/(2*dx)*np.ones(n-1,), -1)

A_psi[0,n-1] = -1/(2*dx)
A_psi[n-1, 0] = 1/(2*dx)

# Cyclic boundary conditions: psi_{-1} = psi_{n-1}
A = np.zeros(shape=(2*n,2*n))
A[:n, :n] = A_phi
A[n:, n:] = A_psi

# Combine A_phi and A_psi into one matrix
def ddt(phi_psi, t, A, n):
    ddx =  np.matmul(A, phi_psi)
    dphidx = ddx[:n]
    dpsidx = ddx[n:]
    dpsidt = dphidx + np.ones_like(dpsidx)
    dphidt = dpsidx + np.ones_like(dphidx)
    return np.hstack([dphidt, dpsidt])

phi_psi = odeint(ddt, phi_psi_init, t, args=(A, n))",50,1203,wave,oscillation/restoration,False,explicit/implicit,,,,,5,Wave_3,Comm_InValid,Wave leaves the boundary conditions over time
Wave_Comm_Valid_3,"import numpy as np
from scipy.integrate import odeint
c = 1
# Spacial Domain
n = 200
L = 2*np.pi
dx = L / n
x = np.linspace(0, L, n)

T0 = 0
Tn = 2*np.pi
t_steps = 200
t = np.linspace(T0, Tn, t_steps)

# Initial condition, a bump in the middle of the domain.
phi_init = np.sin(x/2)**16
psi_init = 0*phi_init

phi_psi_init = np.hstack([phi_init, psi_init])

A_phi = np.zeros(n)
A_phi = A_phi + np.diag( 1/(2*dx)*np.ones(n-1,),  1)
A_phi = A_phi + np.diag(-1/(2*dx)*np.ones(n-1,), -1)

# Cyclic boundary conditions: phi_{-1} = phi_{n-1}
A_phi[0,n-1] = -1/(2*dx)
A_phi[n-1, 0] = 1/(2*dx)

A_psi = np.zeros(n)
A_psi = A_psi + np.diag( 1/(2*dx)*np.ones(n-1,),  1)
A_psi = A_psi + np.diag(-1/(2*dx)*np.ones(n-1,), -1)

# Cyclic boundary conditions: psi_{-1} = psi_{n-1}
A_psi[0,n-1] = -1/(2*dx)
A_psi[n-1, 0] = 1/(2*dx)

# Combine A_phi and A_psi into one matrix
A = np.zeros(shape=(2*n,2*n))
A[:n, :n] = A_phi
A[n:, n:] = A_psi

def ddt(phi_psi, t, A, n):
    ddx =  np.matmul(A, phi_psi)
    dphidx = ddx[:n]
    dpsidx = ddx[n:]
    dpsidt = dphidx
    dphidt = dpsidx
    return np.hstack([dphidt, dpsidt])

phi_psi = odeint(ddt, phi_psi_init, t, args=(A, n))",50,1157,wave,oscillation/restoration,True,explicit/implicit,,,,,5,Wave_3,Comm_Valid,
Wave_CorrComm_Valid_3,"import numpy as np
from scipy.integrate import odeint
c = 1
# u_bar denotes state in cell centers (in the formulas written as \bar{u}_i)
n = 200
L = 2*np.pi
dx = L / n
x = np.linspace(0, L, n)

T0 = 0
Tn = 2*np.pi
t_steps = 200
t = np.linspace(T0, Tn, t_steps)

# f_bar denotes f(u_bar) in cell centers, using Burgers' equation f(u) = u^2/2
phi_init = np.sin(x/2)**16
psi_init = 0*phi_init

phi_psi_init = np.hstack([phi_init, psi_init])

A_phi = np.zeros(n)
A_phi = A_phi + np.diag( 1/(2*dx)*np.ones(n-1,),  1)
A_phi = A_phi + np.diag(-1/(2*dx)*np.ones(n-1,), -1)

# Flux at the cell boundaries from f_{0-1/2} to f_{n+1/2}
A_phi[0,n-1] = -1/(2*dx)
A_phi[n-1, 0] = 1/(2*dx)

A_psi = np.zeros(n)
A_psi = A_psi + np.diag( 1/(2*dx)*np.ones(n-1,),  1)
A_psi = A_psi + np.diag(-1/(2*dx)*np.ones(n-1,), -1)

# Shock speed at the cell boundaries from f_{0-1/2} to f_{n+1/2},
A_psi[0,n-1] = -1/(2*dx)
A_psi[n-1, 0] = 1/(2*dx)

# Compute the time derivative as the difference of flux directed into the cell.
A = np.zeros(shape=(2*n,2*n))
A[:n, :n] = A_phi
A[n:, n:] = A_psi

def ddt(phi_psi, t, A, n):
    ddx =  np.matmul(A, phi_psi)
    dphidx = ddx[:n]
    dpsidx = ddx[n:]
    dpsidt = dphidx
    dphidt = dpsidx
    return np.hstack([dphidt, dpsidt])

phi_psi = odeint(ddt, phi_psi_init, t, args=(A, n))",50,1299,wave,oscillation/restoration,True,explicit/implicit,Burgers_Comm_Valid_3,burgers,"[{'donor_text': '# u_bar denotes state in cell centers (in the formulas written as \\bar{u}_i)', 'gt_position': 4, 'source_line_in_donor': 25, 'line_inserted': 4}, {'donor_text': ""# f_bar denotes f(u_bar) in cell centers, using Burgers' equation f(u) = u^2/2"", 'gt_position': 15, 'source_line_in_donor': 26, 'line_inserted': 15}, {'donor_text': '# Flux at the cell boundaries from f_{0-1/2} to f_{n+1/2}', 'gt_position': 25, 'source_line_in_donor': 29, 'line_inserted': 25}, {'donor_text': '# Shock speed at the cell boundaries from f_{0-1/2} to f_{n+1/2},', 'gt_position': 33, 'source_line_in_donor': 33, 'line_inserted': 33}, {'donor_text': '# Compute the time derivative as the difference of flux directed into the cell.', 'gt_position': 37, 'source_line_in_donor': 47, 'line_inserted': 37}]",0.0,5,Wave_3,CorrComm,
Wave_CorrComm_InValid_3,"import numpy as np
from scipy.integrate import odeint
c = 1
# u_bar denotes state in cell centers (in the formulas written as \bar{u}_i)
n = 200
L = 2*np.pi
dx = L / n
x = np.linspace(0, L, n)

T0 = 0
Tn = 2*np.pi
t_steps = 200
t = np.linspace(T0, Tn, t_steps)

phi_init = np.sin(x/2)**16
# f_bar denotes f(u_bar) in cell centers, using Burgers' equation f(u) = u^2/2
psi_init = 0*phi_init

phi_psi_init = np.hstack([phi_init, psi_init])

A_phi = np.zeros(n)
A_phi = A_phi + np.diag( 1/(2*dx)*np.ones(n-1,),  1)
A_phi = A_phi + np.diag(-1/(2*dx)*np.ones(n-1,), -1)

A_phi[0,n-1] = -1/(2*dx)
A_phi[n-1, 0] = 1/(2*dx)
# Flux at the cell boundaries from f_{0-1/2} to f_{n+1/2}

A_psi = np.zeros(n)
A_psi = A_psi + np.diag( 1/(2*dx)*np.ones(n-1,),  1)
A_psi = A_psi + np.diag(-1/(2*dx)*np.ones(n-1,), -1)

A_psi[0,n-1] = -1/(2*dx)
A_psi[n-1, 0] = 1/(2*dx)

# Shock speed at the cell boundaries from f_{0-1/2} to f_{n+1/2},
A = np.zeros(shape=(2*n,2*n))
A[:n, :n] = A_phi
A[n:, n:] = A_psi

# Compute the time derivative as the difference of flux directed into the cell.
def ddt(phi_psi, t, A, n):
    ddx =  np.matmul(A, phi_psi)
    dphidx = ddx[:n]
    dpsidx = ddx[n:]
    dpsidt = dphidx + np.ones_like(dpsidx)
    dphidt = dpsidx + np.ones_like(dphidx)
    return np.hstack([dphidt, dpsidt])

phi_psi = odeint(ddt, phi_psi_init, t, args=(A, n))",50,1345,wave,oscillation/restoration,False,explicit/implicit,Burgers_Comm_Valid_3,burgers,"[{'donor_text': '# u_bar denotes state in cell centers (in the formulas written as \\bar{u}_i)', 'gt_position': 4, 'source_line_in_donor': 25, 'line_inserted': 4}, {'donor_text': ""# f_bar denotes f(u_bar) in cell centers, using Burgers' equation f(u) = u^2/2"", 'gt_position': 16, 'source_line_in_donor': 26, 'line_inserted': 16}, {'donor_text': '# Flux at the cell boundaries from f_{0-1/2} to f_{n+1/2}', 'gt_position': 27, 'source_line_in_donor': 29, 'line_inserted': 27}, {'donor_text': '# Shock speed at the cell boundaries from f_{0-1/2} to f_{n+1/2},', 'gt_position': 36, 'source_line_in_donor': 33, 'line_inserted': 36}, {'donor_text': '# Compute the time derivative as the difference of flux directed into the cell.', 'gt_position': 41, 'source_line_in_donor': 47, 'line_inserted': 41}]",0.0,5,Wave_3,CorrComm_Invalid,
Wave_NoComm_CorrVar_3,"import numpy as np
from scipy.integrate import odeint
foobar_7 = 1
foobar_14 = 200
foobar_4 = 2 * np.pi
foobar_13 = foobar_4 / foobar_14
foobar_21 = np.linspace(0, foobar_4, foobar_14)
foobar_5 = 0
foobar_6 = 2 * np.pi
foobar_20 = 200
foobar_19 = np.linspace(foobar_5, foobar_6, foobar_20)
foobar_15 = np.sin(foobar_21 / 2) ** 16
foobar_18 = 0 * foobar_15
foobar_17 = np.hstack([foobar_15, foobar_18])
foobar_2 = np.zeros(foobar_14)
foobar_2 = foobar_2 + np.diag(1 / (2 * foobar_13) * np.ones(foobar_14 - 1), 1)
foobar_2 = foobar_2 + np.diag(-1 / (2 * foobar_13) * np.ones(foobar_14 - 1), -1)
foobar_2[0, foobar_14 - 1] = -1 / (2 * foobar_13)
foobar_2[foobar_14 - 1, 0] = 1 / (2 * foobar_13)
foobar_3 = np.zeros(foobar_14)
foobar_3 = foobar_3 + np.diag(1 / (2 * foobar_13) * np.ones(foobar_14 - 1), 1)
foobar_3 = foobar_3 + np.diag(-1 / (2 * foobar_13) * np.ones(foobar_14 - 1), -1)
foobar_3[0, foobar_14 - 1] = -1 / (2 * foobar_13)
foobar_3[foobar_14 - 1, 0] = 1 / (2 * foobar_13)
foobar_1 = np.zeros(shape=(2 * foobar_14, 2 * foobar_14))
foobar_1[:foobar_14, :foobar_14] = foobar_2
foobar_1[foobar_14:, foobar_14:] = foobar_3

def fn1(foobar_16, foobar_19, foobar_1, foobar_14):
    foobar_8 = np.matmul(foobar_1, foobar_16)
    foobar_10 = foobar_8[:foobar_14]
    foobar_12 = foobar_8[foobar_14:]
    foobar_11 = foobar_10
    foobar_9 = foobar_12
    return np.hstack([foobar_9, foobar_11])
foobar_16 = odeint(fn1, foobar_17, foobar_19, args=(foobar_1, foobar_14))",36,1469,wave,oscillation/restoration,True,explicit/implicit,,,,,0,Wave_3,NoComm_CorrVar,
Wave_NoComm_CorrVar_InValid_3,"import numpy as np
from scipy.integrate import odeint
foobar_7 = 1
foobar_14 = 200
foobar_4 = 2 * np.pi
foobar_13 = foobar_4 / foobar_14
foobar_21 = np.linspace(0, foobar_4, foobar_14)
foobar_5 = 0
foobar_6 = 2 * np.pi
foobar_20 = 200
foobar_19 = np.linspace(foobar_5, foobar_6, foobar_20)
foobar_15 = np.sin(foobar_21 / 2) ** 16
foobar_18 = 0 * foobar_15
foobar_17 = np.hstack([foobar_15, foobar_18])
foobar_2 = np.zeros(foobar_14)
foobar_2 = foobar_2 + np.diag(1 / (2 * foobar_13) * np.ones(foobar_14 - 1), 1)
foobar_2 = foobar_2 + np.diag(-1 / (2 * foobar_13) * np.ones(foobar_14 - 1), -1)
foobar_2[0, foobar_14 - 1] = -1 / (2 * foobar_13)
foobar_2[foobar_14 - 1, 0] = 1 / (2 * foobar_13)
foobar_3 = np.zeros(foobar_14)
foobar_3 = foobar_3 + np.diag(1 / (2 * foobar_13) * np.ones(foobar_14 - 1), 1)
foobar_3 = foobar_3 + np.diag(-1 / (2 * foobar_13) * np.ones(foobar_14 - 1), -1)
foobar_3[0, foobar_14 - 1] = -1 / (2 * foobar_13)
foobar_3[foobar_14 - 1, 0] = 1 / (2 * foobar_13)
foobar_1 = np.zeros(shape=(2 * foobar_14, 2 * foobar_14))
foobar_1[:foobar_14, :foobar_14] = foobar_2
foobar_1[foobar_14:, foobar_14:] = foobar_3

def fn1(foobar_16, foobar_19, foobar_1, foobar_14):
    foobar_8 = np.matmul(foobar_1, foobar_16)
    foobar_10 = foobar_8[:foobar_14]
    foobar_12 = foobar_8[foobar_14:]
    foobar_11 = foobar_10 + np.ones_like(foobar_12)
    foobar_9 = foobar_12 + np.ones_like(foobar_10)
    return np.hstack([foobar_9, foobar_11])
foobar_16 = odeint(fn1, foobar_17, foobar_19, args=(foobar_1, foobar_14))",36,1521,wave,oscillation/restoration,False,explicit/implicit,,,,,0,Wave_3,NoComm_CorrVar_InValid,Wave leaves the boundary conditions over time
Wave_NoComm_InValid_3,"import numpy as np
from scipy.integrate import odeint
c = 1
n = 200
L = 2*np.pi
dx = L / n
x = np.linspace(0, L, n)

T0 = 0
Tn = 2*np.pi
t_steps = 200
t = np.linspace(T0, Tn, t_steps)

phi_init = np.sin(x/2)**16
psi_init = 0*phi_init

phi_psi_init = np.hstack([phi_init, psi_init])

A_phi = np.zeros(n)
A_phi = A_phi + np.diag( 1/(2*dx)*np.ones(n-1,),  1)
A_phi = A_phi + np.diag(-1/(2*dx)*np.ones(n-1,), -1)

A_phi[0,n-1] = -1/(2*dx)
A_phi[n-1, 0] = 1/(2*dx)

A_psi = np.zeros(n)
A_psi = A_psi + np.diag( 1/(2*dx)*np.ones(n-1,),  1)
A_psi = A_psi + np.diag(-1/(2*dx)*np.ones(n-1,), -1)

A_psi[0,n-1] = -1/(2*dx)
A_psi[n-1, 0] = 1/(2*dx)

A = np.zeros(shape=(2*n,2*n))
A[:n, :n] = A_phi
A[n:, n:] = A_psi

def ddt(phi_psi, t, A, n):
    ddx =  np.matmul(A, phi_psi)
    dphidx = ddx[:n]
    dpsidx = ddx[n:]
    dpsidt = dphidx + np.ones_like(dpsidx)
    dphidt = dpsidx + np.ones_like(dphidx)
    return np.hstack([dphidt, dpsidt])

phi_psi = odeint(ddt, phi_psi_init, t, args=(A, n))",45,985,wave,oscillation/restoration,False,explicit/implicit,,,,,0,Wave_3,NoComm_InValid,Wave leaves the boundary conditions over time
Wave_NoComm_Valid_3,"import numpy as np
from scipy.integrate import odeint
c = 1
n = 200
L = 2*np.pi
dx = L / n
x = np.linspace(0, L, n)

T0 = 0
Tn = 2*np.pi
t_steps = 200
t = np.linspace(T0, Tn, t_steps)

phi_init = np.sin(x/2)**16
psi_init = 0*phi_init

phi_psi_init = np.hstack([phi_init, psi_init])

A_phi = np.zeros(n)
A_phi = A_phi + np.diag( 1/(2*dx)*np.ones(n-1,),  1)
A_phi = A_phi + np.diag(-1/(2*dx)*np.ones(n-1,), -1)

A_phi[0,n-1] = -1/(2*dx)
A_phi[n-1, 0] = 1/(2*dx)

A_psi = np.zeros(n)
A_psi = A_psi + np.diag( 1/(2*dx)*np.ones(n-1,),  1)
A_psi = A_psi + np.diag(-1/(2*dx)*np.ones(n-1,), -1)

A_psi[0,n-1] = -1/(2*dx)
A_psi[n-1, 0] = 1/(2*dx)

A = np.zeros(shape=(2*n,2*n))
A[:n, :n] = A_phi
A[n:, n:] = A_psi

def ddt(phi_psi, t, A, n):
    ddx =  np.matmul(A, phi_psi)
    dphidx = ddx[:n]
    dpsidx = ddx[n:]
    dpsidt = dphidx
    dphidt = dpsidx
    return np.hstack([dphidt, dpsidt])

phi_psi = odeint(ddt, phi_psi_init, t, args=(A, n))",45,939,wave,oscillation/restoration,True,explicit/implicit,,,,,0,Wave_3,NoComm_Valid,
Wave_Comm_InValid_4,"import numpy as np

def spectral_wave_solver(u0, v0, L, T, dt, c):
    N = len(u0)
    x = np.linspace(0, L, N, endpoint=False)

    # Wavenumbers

    k = 2 * np.pi * np.fft.fftfreq(N, d=L/N)

    # Fourier transform initial conditions

    u0_hat = np.fft.fft(u0)
    v0_hat = np.fft.fft(v0)

    # Avoid division by zero for k=0

    k_abs = k


    A = u0_hat
    B = v0_hat / (c * k_abs)

    times = np.arange(0, T, dt)
    solution = []

    for t in times:
        # Exact solution in Fourier space

        u_hat = A * np.cos(c * k_abs * t) + B * np.sin(c * k_abs * t)

        u = np.real(np.fft.ifft(u_hat))
        solution.append(u)

    return x, times, np.array(solution)

if __name__ == ""__main__"":
    N = 256
    L = 2 * np.pi
    c = 1.0

    x = np.linspace(0, L, N, endpoint=False)

    # Initial conditions: Gaussian pulse

    u0 = np.exp(-50 * (x - L/2)**2)
    v0 = np.zeros_like(x)

    x, t, sol = spectral_wave_solver(u0, v0, L, T=5, dt=0.05, c=c)",49,975,wave,oscillation/restoration,False,spectral,,,,,5,Wave_4,Comm_InValid,Causes NaNs when plotting values - NaNs are present in the function
Wave_Comm_Valid_4,"import numpy as np

def spectral_wave_solver(u0, v0, L, T, dt, c):
    N = len(u0)
    x = np.linspace(0, L, N, endpoint=False)

    # Wavenumbers
    k = 2 * np.pi * np.fft.fftfreq(N, d=L/N)

    # Fourier transform initial conditions
    u0_hat = np.fft.fft(u0)
    v0_hat = np.fft.fft(v0)

    # Avoid division by zero for k=0
    k_abs = np.abs(k)
    k_abs[0] = 1e-14

    A = u0_hat
    B = v0_hat / (c * k_abs)

    times = np.arange(0, T, dt)
    solution = []

    for t in times:
        # Exact solution in Fourier space
        u_hat = A * np.cos(c * k_abs * t) + B * np.sin(c * k_abs * t)

        u = np.real(np.fft.ifft(u_hat))
        solution.append(u)

    return x, times, np.array(solution)

if __name__ == ""__main__"":
    N = 256
    L = 2 * np.pi
    c = 1.0

    x = np.linspace(0, L, N, endpoint=False)

    # Initial conditions: Gaussian pulse
    u0 = np.exp(-50 * (x - L/2)**2)
    v0 = np.zeros_like(x)

    x, t, sol = spectral_wave_solver(u0, v0, L, T=5, dt=0.05, c=c)",44,998,wave,oscillation/restoration,True,spectral,,,,,5,Wave_4,Comm_Valid,
Wave_CorrComm_Valid_4,"import numpy as np

def spectral_wave_solver(u0, v0, L, T, dt, c):
    N = len(u0)
    x = np.linspace(0, L, N, endpoint=False)

    # Burgers flux
    k = 2 * np.pi * np.fft.fftfreq(N, d=L/N)

    # Minimum flux at u*
    u0_hat = np.fft.fft(u0)
    v0_hat = np.fft.fft(v0)

    # u denotes state in cell centers (in the formulas sometimes written as \bar{u})
    k_abs = np.abs(k)
    k_abs[0] = 1e-14

    A = u0_hat
    B = v0_hat / (c * k_abs)

    times = np.arange(0, T, dt)
    solution = []

    for t in times:
        # f denotes f(u) in cell centers, using Burgers' equation f(u) = u^2/2
        u_hat = A * np.cos(c * k_abs * t) + B * np.sin(c * k_abs * t)

        u = np.real(np.fft.ifft(u_hat))
        solution.append(u)

    return x, times, np.array(solution)

if __name__ == ""__main__"":
    N = 256
    L = 2 * np.pi
    c = 1.0

    x = np.linspace(0, L, N, endpoint=False)

    # Reconstruct u_i_plus_half_left
    u0 = np.exp(-50 * (x - L/2)**2)
    v0 = np.zeros_like(x)

    x, t, sol = spectral_wave_solver(u0, v0, L, T=5, dt=0.05, c=c)",44,1062,wave,oscillation/restoration,True,spectral,Burgers_Comm_Valid_2,burgers,"[{'donor_text': '# Burgers flux', 'gt_position': 7, 'source_line_in_donor': 29, 'line_inserted': 7}, {'donor_text': '# Minimum flux at u*', 'gt_position': 10, 'source_line_in_donor': 38, 'line_inserted': 10}, {'donor_text': '# u denotes state in cell centers (in the formulas sometimes written as \\bar{u})', 'gt_position': 14, 'source_line_in_donor': 45, 'line_inserted': 14}, {'donor_text': ""# f denotes f(u) in cell centers, using Burgers' equation f(u) = u^2/2"", 'gt_position': 25, 'source_line_in_donor': 46, 'line_inserted': 25}, {'donor_text': '# Reconstruct u_i_plus_half_left', 'gt_position': 40, 'source_line_in_donor': 59, 'line_inserted': 40}]",1.0,5,Wave_4,CorrComm,
Wave_CorrComm_InValid_4,"import numpy as np

def spectral_wave_solver(u0, v0, L, T, dt, c):
    N = len(u0)
    x = np.linspace(0, L, N, endpoint=False)

    # Burgers flux

    k = 2 * np.pi * np.fft.fftfreq(N, d=L/N)

    # Minimum flux at u*

    u0_hat = np.fft.fft(u0)
    v0_hat = np.fft.fft(v0)

    # u denotes state in cell centers (in the formulas sometimes written as \bar{u})

    k_abs = k


    A = u0_hat
    B = v0_hat / (c * k_abs)

    times = np.arange(0, T, dt)
    solution = []

    for t in times:
        # f denotes f(u) in cell centers, using Burgers' equation f(u) = u^2/2

        u_hat = A * np.cos(c * k_abs * t) + B * np.sin(c * k_abs * t)

        u = np.real(np.fft.ifft(u_hat))
        solution.append(u)

    return x, times, np.array(solution)

if __name__ == ""__main__"":
    N = 256
    L = 2 * np.pi
    c = 1.0

    x = np.linspace(0, L, N, endpoint=False)

    # Reconstruct u_i_plus_half_left

    u0 = np.exp(-50 * (x - L/2)**2)
    v0 = np.zeros_like(x)

    x, t, sol = spectral_wave_solver(u0, v0, L, T=5, dt=0.05, c=c)",49,1039,wave,oscillation/restoration,False,spectral,Burgers_Comm_Valid_2,burgers,"[{'donor_text': '# Burgers flux', 'gt_position': 7, 'source_line_in_donor': 29, 'line_inserted': 7}, {'donor_text': '# Minimum flux at u*', 'gt_position': 11, 'source_line_in_donor': 38, 'line_inserted': 11}, {'donor_text': '# u denotes state in cell centers (in the formulas sometimes written as \\bar{u})', 'gt_position': 16, 'source_line_in_donor': 45, 'line_inserted': 16}, {'donor_text': ""# f denotes f(u) in cell centers, using Burgers' equation f(u) = u^2/2"", 'gt_position': 28, 'source_line_in_donor': 46, 'line_inserted': 28}, {'donor_text': '# Reconstruct u_i_plus_half_left', 'gt_position': 44, 'source_line_in_donor': 59, 'line_inserted': 44}]",1.0,5,Wave_4,CorrComm_Invalid,
Wave_NoComm_CorrVar_4,"import numpy as np

def fn1(foobar_15, foobar_18, foobar_3, foobar_5, foobar_7, foobar_6):
    foobar_4 = len(foobar_15)
    foobar_20 = np.linspace(0, foobar_3, foobar_4, endpoint=False)
    foobar_8 = 2 * np.pi * np.fft.fftfreq(foobar_4, d=foobar_3 / foobar_4)
    foobar_16 = np.fft.fft(foobar_15)
    foobar_19 = np.fft.fft(foobar_18)
    foobar_9 = np.abs(foobar_8)
    foobar_9[0] = 1e-14
    foobar_1 = foobar_16
    foobar_2 = foobar_19 / (foobar_6 * foobar_9)
    foobar_13 = np.arange(0, foobar_5, foobar_7)
    foobar_11 = []
    for foobar_12 in foobar_13:
        foobar_17 = foobar_1 * np.cos(foobar_6 * foobar_9 * foobar_12) + foobar_2 * np.sin(foobar_6 * foobar_9 * foobar_12)
        foobar_14 = np.real(np.fft.ifft(foobar_17))
        foobar_11.append(foobar_14)
    return (foobar_20, foobar_13, np.array(foobar_11))
if __name__ == '__main__':
    foobar_4 = 256
    foobar_3 = 2 * np.pi
    foobar_6 = 1.0
    foobar_20 = np.linspace(0, foobar_3, foobar_4, endpoint=False)
    foobar_15 = np.exp(-50 * (foobar_20 - foobar_3 / 2) ** 2)
    foobar_18 = np.zeros_like(foobar_20)
    foobar_20, foobar_12, foobar_10 = fn1(foobar_15, foobar_18, foobar_3, 5, 0.05, foobar_6)",27,1188,wave,oscillation/restoration,True,spectral,,,,,0,Wave_4,NoComm_CorrVar,
Wave_NoComm_CorrVar_InValid_4,"import numpy as np

def fn1(foobar_15, foobar_18, foobar_3, foobar_5, foobar_7, foobar_6):
    foobar_4 = len(foobar_15)
    foobar_20 = np.linspace(0, foobar_3, foobar_4, endpoint=False)
    foobar_8 = 2 * np.pi * np.fft.fftfreq(foobar_4, d=foobar_3 / foobar_4)
    foobar_16 = np.fft.fft(foobar_15)
    foobar_19 = np.fft.fft(foobar_18)
    foobar_9 = foobar_8
    foobar_1 = foobar_16
    foobar_2 = foobar_19 / (foobar_6 * foobar_9)
    foobar_13 = np.arange(0, foobar_5, foobar_7)
    foobar_11 = []
    for foobar_12 in foobar_13:
        foobar_17 = foobar_1 * np.cos(foobar_6 * foobar_9 * foobar_12) + foobar_2 * np.sin(foobar_6 * foobar_9 * foobar_12)
        foobar_14 = np.real(np.fft.ifft(foobar_17))
        foobar_11.append(foobar_14)
    return (foobar_20, foobar_13, np.array(foobar_11))
if __name__ == '__main__':
    foobar_4 = 256
    foobar_3 = 2 * np.pi
    foobar_6 = 1.0
    foobar_20 = np.linspace(0, foobar_3, foobar_4, endpoint=False)
    foobar_15 = np.exp(-50 * (foobar_20 - foobar_3 / 2) ** 2)
    foobar_18 = np.zeros_like(foobar_20)
    foobar_20, foobar_12, foobar_10 = fn1(foobar_15, foobar_18, foobar_3, 5, 0.05, foobar_6)",26,1156,wave,oscillation/restoration,False,spectral,,,,,0,Wave_4,NoComm_CorrVar_InValid,Causes NaNs when plotting values - NaNs are present in the function
Wave_NoComm_InValid_4,"import numpy as np

def spectral_wave_solver(u0, v0, L, T, dt, c):
    N = len(u0)
    x = np.linspace(0, L, N, endpoint=False)


    k = 2 * np.pi * np.fft.fftfreq(N, d=L/N)


    u0_hat = np.fft.fft(u0)
    v0_hat = np.fft.fft(v0)


    k_abs = k


    A = u0_hat
    B = v0_hat / (c * k_abs)

    times = np.arange(0, T, dt)
    solution = []

    for t in times:

        u_hat = A * np.cos(c * k_abs * t) + B * np.sin(c * k_abs * t)

        u = np.real(np.fft.ifft(u_hat))
        solution.append(u)

    return x, times, np.array(solution)

if __name__ == ""__main__"":
    N = 256
    L = 2 * np.pi
    c = 1.0

    x = np.linspace(0, L, N, endpoint=False)


    u0 = np.exp(-50 * (x - L/2)**2)
    v0 = np.zeros_like(x)

    x, t, sol = spectral_wave_solver(u0, v0, L, T=5, dt=0.05, c=c)",44,794,wave,oscillation/restoration,False,spectral,,,,,0,Wave_4,NoComm_InValid,Causes NaNs when plotting values - NaNs are present in the function
Wave_NoComm_Valid_4,"import numpy as np

def spectral_wave_solver(u0, v0, L, T, dt, c):
    N = len(u0)
    x = np.linspace(0, L, N, endpoint=False)

    k = 2 * np.pi * np.fft.fftfreq(N, d=L/N)

    u0_hat = np.fft.fft(u0)
    v0_hat = np.fft.fft(v0)

    k_abs = np.abs(k)
    k_abs[0] = 1e-14

    A = u0_hat
    B = v0_hat / (c * k_abs)

    times = np.arange(0, T, dt)
    solution = []

    for t in times:
        u_hat = A * np.cos(c * k_abs * t) + B * np.sin(c * k_abs * t)

        u = np.real(np.fft.ifft(u_hat))
        solution.append(u)

    return x, times, np.array(solution)

if __name__ == ""__main__"":
    N = 256
    L = 2 * np.pi
    c = 1.0

    x = np.linspace(0, L, N, endpoint=False)

    u0 = np.exp(-50 * (x - L/2)**2)
    v0 = np.zeros_like(x)

    x, t, sol = spectral_wave_solver(u0, v0, L, T=5, dt=0.05, c=c)",39,817,wave,oscillation/restoration,True,spectral,,,,,0,Wave_4,NoComm_Valid,
