item_id,gt_sample,pde_class,num_method,phys_process,source,condition,corrupted_view,traj_level,names,order_seed,slot_1,slot_2,slot_3,slot_4,outlier_slot,gt_pde_class,gt_num_method,invalidity_note,desc_len_valid,desc_len_wrong,desc_len_delta,code_len_valid,code_len_wrong,code_len_delta,code_blank_runs_valid,code_blank_runs_wrong,traj_shape_valid,traj_shape_swap,render_grid,render_recon_err,flag_render_hard,flag_identity_leak,flag_near_duplicate,needs_exec
Burgers_1|A0|obfuscated|0,Burgers_1,burgers,explicit,advection,human,A0,none,valid,obfuscated,0,trajectory,description,code,math,,burgers,explicit,,422,414,-8,2102,2102,0,18,18,10x100x1x1,10x300x1x1,10x64x1x1,0.0604,0,0,1,0
Burgers_1|A0|obfuscated|1,Burgers_1,burgers,explicit,advection,human,A0,none,valid,obfuscated,1,description,code,math,trajectory,,burgers,explicit,,422,414,-8,2102,2102,0,18,18,10x100x1x1,10x300x1x1,10x64x1x1,0.0604,0,0,1,0
Burgers_1|A0|real|0,Burgers_1,burgers,explicit,advection,human,A0,none,valid,real,0,trajectory,description,code,math,,burgers,explicit,,422,414,-8,2102,2102,0,18,18,10x100x1x1,10x300x1x1,10x64x1x1,0.0604,0,0,1,0
Burgers_1|A0|real|1,Burgers_1,burgers,explicit,advection,human,A0,none,valid,real,1,description,code,math,trajectory,,burgers,explicit,,422,414,-8,2102,2102,0,18,18,10x100x1x1,10x300x1x1,10x64x1x1,0.0604,0,0,1,0
Burgers_1|X_C|obfuscated|0,Burgers_1,burgers,explicit,advection,human,X_C,code,valid,obfuscated,0,code,description,math,trajectory,1,burgers,explicit,,422,414,-8,2102,2102,0,18,18,10x100x1x1,10x300x1x1,10x64x1x1,0.0604,0,0,1,0
Burgers_1|X_C|obfuscated|1,Burgers_1,burgers,explicit,advection,human,X_C,code,valid,obfuscated,1,trajectory,math,code,description,3,burgers,explicit,,422,414,-8,2102,2102,0,18,18,10x100x1x1,10x300x1x1,10x64x1x1,0.0604,0,0,1,0
Burgers_1|X_C|real|0,Burgers_1,burgers,explicit,advection,human,X_C,code,valid,real,0,code,description,math,trajectory,1,burgers,explicit,,422,414,-8,2102,2102,0,18,18,10x100x1x1,10x300x1x1,10x64x1x1,0.0604,0,0,1,0
Burgers_1|X_C|real|1,Burgers_1,burgers,explicit,advection,human,X_C,code,valid,real,1,trajectory,math,code,description,3,burgers,explicit,,422,414,-8,2102,2102,0,18,18,10x100x1x1,10x300x1x1,10x64x1x1,0.0604,0,0,1,0
Burgers_1|X_D|obfuscated|0,Burgers_1,burgers,explicit,advection,human,X_D,description,valid,obfuscated,0,description,trajectory,code,math,1,burgers,explicit,,422,414,-8,2102,2102,0,18,18,10x100x1x1,10x300x1x1,10x64x1x1,0.0604,0,0,1,0
Burgers_1|X_D|obfuscated|1,Burgers_1,burgers,explicit,advection,human,X_D,description,valid,obfuscated,1,code,math,description,trajectory,3,burgers,explicit,,422,414,-8,2102,2102,0,18,18,10x100x1x1,10x300x1x1,10x64x1x1,0.0604,0,0,1,0
Burgers_1|X_D|real|0,Burgers_1,burgers,explicit,advection,human,X_D,description,valid,real,0,description,trajectory,code,math,1,burgers,explicit,,422,414,-8,2102,2102,0,18,18,10x100x1x1,10x300x1x1,10x64x1x1,0.0604,0,0,1,0
Burgers_1|X_D|real|1,Burgers_1,burgers,explicit,advection,human,X_D,description,valid,real,1,code,math,description,trajectory,3,burgers,explicit,,422,414,-8,2102,2102,0,18,18,10x100x1x1,10x300x1x1,10x64x1x1,0.0604,0,0,1,0
Burgers_1|X_M|obfuscated|0,Burgers_1,burgers,explicit,advection,human,X_M,math,valid,obfuscated,0,math,description,code,trajectory,1,burgers,explicit,,422,414,-8,2102,2102,0,18,18,10x100x1x1,10x300x1x1,10x64x1x1,0.0604,0,0,1,0
Burgers_1|X_M|obfuscated|1,Burgers_1,burgers,explicit,advection,human,X_M,math,valid,obfuscated,1,trajectory,code,math,description,3,burgers,explicit,,422,414,-8,2102,2102,0,18,18,10x100x1x1,10x300x1x1,10x64x1x1,0.0604,0,0,1,0
Burgers_1|X_M|real|0,Burgers_1,burgers,explicit,advection,human,X_M,math,valid,real,0,math,description,code,trajectory,1,burgers,explicit,,422,414,-8,2102,2102,0,18,18,10x100x1x1,10x300x1x1,10x64x1x1,0.0604,0,0,1,0
Burgers_1|X_M|real|1,Burgers_1,burgers,explicit,advection,human,X_M,math,valid,real,1,trajectory,code,math,description,3,burgers,explicit,,422,414,-8,2102,2102,0,18,18,10x100x1x1,10x300x1x1,10x64x1x1,0.0604,0,0,1,0
Burgers_1|X_T_exec|obfuscated|0,Burgers_1,burgers,explicit,advection,human,X_T_exec,trajectory,T_exec,obfuscated,0,trajectory,code,description,math,1,burgers,explicit,,422,414,-8,2102,2102,0,18,18,10x100x1x1,10x300x1x1,10x64x1x1,0.0604,0,0,1,1
Burgers_1|X_T_exec|obfuscated|1,Burgers_1,burgers,explicit,advection,human,X_T_exec,trajectory,T_exec,obfuscated,1,math,description,trajectory,code,3,burgers,explicit,,422,414,-8,2102,2102,0,18,18,10x100x1x1,10x300x1x1,10x64x1x1,0.0604,0,0,1,1
Burgers_1|X_T_exec|real|0,Burgers_1,burgers,explicit,advection,human,X_T_exec,trajectory,T_exec,real,0,trajectory,code,description,math,1,burgers,explicit,,422,414,-8,2102,2102,0,18,18,10x100x1x1,10x300x1x1,10x64x1x1,0.0604,0,0,1,1
Burgers_1|X_T_exec|real|1,Burgers_1,burgers,explicit,advection,human,X_T_exec,trajectory,T_exec,real,1,math,description,trajectory,code,3,burgers,explicit,,422,414,-8,2102,2102,0,18,18,10x100x1x1,10x300x1x1,10x64x1x1,0.0604,0,0,1,1
Burgers_1|X_T_rand|obfuscated|0,Burgers_1,burgers,explicit,advection,human,X_T_rand,trajectory,T_rand,obfuscated,0,trajectory,description,math,code,1,burgers,explicit,,422,414,-8,2102,2102,0,18,18,10x100x1x1,10x300x1x1,10x64x1x1,0.0604,0,0,1,0
Burgers_1|X_T_rand|obfuscated|1,Burgers_1,burgers,explicit,advection,human,X_T_rand,trajectory,T_rand,obfuscated,1,description,math,trajectory,code,3,burgers,explicit,,422,414,-8,2102,2102,0,18,18,10x100x1x1,10x300x1x1,10x64x1x1,0.0604,0,0,1,0
Burgers_1|X_T_rand|real|0,Burgers_1,burgers,explicit,advection,human,X_T_rand,trajectory,T_rand,real,0,trajectory,description,math,code,1,burgers,explicit,,422,414,-8,2102,2102,0,18,18,10x100x1x1,10x300x1x1,10x64x1x1,0.0604,0,0,1,0
Burgers_1|X_T_rand|real|1,Burgers_1,burgers,explicit,advection,human,X_T_rand,trajectory,T_rand,real,1,description,math,trajectory,code,3,burgers,explicit,,422,414,-8,2102,2102,0,18,18,10x100x1x1,10x300x1x1,10x64x1x1,0.0604,0,0,1,0
Burgers_1|X_T_shuf|obfuscated|0,Burgers_1,burgers,explicit,advection,human,X_T_shuf,trajectory,T_shuf,obfuscated,0,trajectory,math,description,code,1,burgers,explicit,,422,414,-8,2102,2102,0,18,18,10x100x1x1,10x300x1x1,10x64x1x1,0.0604,0,0,1,0
Burgers_1|X_T_shuf|obfuscated|1,Burgers_1,burgers,explicit,advection,human,X_T_shuf,trajectory,T_shuf,obfuscated,1,code,math,trajectory,description,3,burgers,explicit,,422,414,-8,2102,2102,0,18,18,10x100x1x1,10x300x1x1,10x64x1x1,0.0604,0,0,1,0
Burgers_1|X_T_shuf|real|0,Burgers_1,burgers,explicit,advection,human,X_T_shuf,trajectory,T_shuf,real,0,trajectory,math,description,code,1,burgers,explicit,,422,414,-8,2102,2102,0,18,18,10x100x1x1,10x300x1x1,10x64x1x1,0.0604,0,0,1,0
Burgers_1|X_T_shuf|real|1,Burgers_1,burgers,explicit,advection,human,X_T_shuf,trajectory,T_shuf,real,1,code,math,trajectory,description,3,burgers,explicit,,422,414,-8,2102,2102,0,18,18,10x100x1x1,10x300x1x1,10x64x1x1,0.0604,0,0,1,0
Burgers_1|X_T_swap|obfuscated|0,Burgers_1,burgers,explicit,advection,human,X_T_swap,trajectory,T_swap,obfuscated,0,trajectory,code,math,description,1,burgers,explicit,,422,414,-8,2102,2102,0,18,18,10x100x1x1,10x300x1x1,10x64x1x1,0.0604,0,0,1,0
Burgers_1|X_T_swap|obfuscated|1,Burgers_1,burgers,explicit,advection,human,X_T_swap,trajectory,T_swap,obfuscated,1,math,description,trajectory,code,3,burgers,explicit,,422,414,-8,2102,2102,0,18,18,10x100x1x1,10x300x1x1,10x64x1x1,0.0604,0,0,1,0
Burgers_1|X_T_swap|real|0,Burgers_1,burgers,explicit,advection,human,X_T_swap,trajectory,T_swap,real,0,trajectory,code,math,description,1,burgers,explicit,,422,414,-8,2102,2102,0,18,18,10x100x1x1,10x300x1x1,10x64x1x1,0.0604,0,0,1,0
Burgers_1|X_T_swap|real|1,Burgers_1,burgers,explicit,advection,human,X_T_swap,trajectory,T_swap,real,1,math,description,trajectory,code,3,burgers,explicit,,422,414,-8,2102,2102,0,18,18,10x100x1x1,10x300x1x1,10x64x1x1,0.0604,0,0,1,0
Burgers_2|A0|obfuscated|0,Burgers_2,burgers,explicit,advection,human,A0,none,valid,obfuscated,0,code,trajectory,description,math,,burgers,explicit,,422,399,-23,1845,1845,0,15,15,10x100x1x1,10x51x1x1,10x64x1x1,0.0606,0,0,1,0
Burgers_2|A0|obfuscated|1,Burgers_2,burgers,explicit,advection,human,A0,none,valid,obfuscated,1,trajectory,math,description,code,,burgers,explicit,,422,399,-23,1845,1845,0,15,15,10x100x1x1,10x51x1x1,10x64x1x1,0.0606,0,0,1,0
Burgers_2|A0|real|0,Burgers_2,burgers,explicit,advection,human,A0,none,valid,real,0,code,trajectory,description,math,,burgers,explicit,,422,399,-23,1845,1845,0,15,15,10x100x1x1,10x51x1x1,10x64x1x1,0.0606,0,0,1,0
Burgers_2|A0|real|1,Burgers_2,burgers,explicit,advection,human,A0,none,valid,real,1,trajectory,math,description,code,,burgers,explicit,,422,399,-23,1845,1845,0,15,15,10x100x1x1,10x51x1x1,10x64x1x1,0.0606,0,0,1,0
Burgers_2|X_C|obfuscated|0,Burgers_2,burgers,explicit,advection,human,X_C,code,valid,obfuscated,0,description,code,math,trajectory,2,burgers,explicit,,422,399,-23,1845,1845,0,15,15,10x100x1x1,10x51x1x1,10x64x1x1,0.0606,0,0,1,0
Burgers_2|X_C|obfuscated|1,Burgers_2,burgers,explicit,advection,human,X_C,code,valid,obfuscated,1,trajectory,math,description,code,4,burgers,explicit,,422,399,-23,1845,1845,0,15,15,10x100x1x1,10x51x1x1,10x64x1x1,0.0606,0,0,1,0
Burgers_2|X_C|real|0,Burgers_2,burgers,explicit,advection,human,X_C,code,valid,real,0,description,code,math,trajectory,2,burgers,explicit,,422,399,-23,1845,1845,0,15,15,10x100x1x1,10x51x1x1,10x64x1x1,0.0606,0,0,1,0
Burgers_2|X_C|real|1,Burgers_2,burgers,explicit,advection,human,X_C,code,valid,real,1,trajectory,math,description,code,4,burgers,explicit,,422,399,-23,1845,1845,0,15,15,10x100x1x1,10x51x1x1,10x64x1x1,0.0606,0,0,1,0
Burgers_2|X_D|obfuscated|0,Burgers_2,burgers,explicit,advection,human,X_D,description,valid,obfuscated,0,math,description,code,trajectory,2,burgers,explicit,,422,399,-23,1845,1845,0,15,15,10x100x1x1,10x51x1x1,10x64x1x1,0.0606,0,0,1,0
Burgers_2|X_D|obfuscated|1,Burgers_2,burgers,explicit,advection,human,X_D,description,valid,obfuscated,1,trajectory,math,code,description,4,burgers,explicit,,422,399,-23,1845,1845,0,15,15,10x100x1x1,10x51x1x1,10x64x1x1,0.0606,0,0,1,0
Burgers_2|X_D|real|0,Burgers_2,burgers,explicit,advection,human,X_D,description,valid,real,0,math,description,code,trajectory,2,burgers,explicit,,422,399,-23,1845,1845,0,15,15,10x100x1x1,10x51x1x1,10x64x1x1,0.0606,0,0,1,0
Burgers_2|X_D|real|1,Burgers_2,burgers,explicit,advection,human,X_D,description,valid,real,1,trajectory,math,code,description,4,burgers,explicit,,422,399,-23,1845,1845,0,15,15,10x100x1x1,10x51x1x1,10x64x1x1,0.0606,0,0,1,0
Burgers_2|X_M|obfuscated|0,Burgers_2,burgers,explicit,advection,human,X_M,math,valid,obfuscated,0,trajectory,math,code,description,2,burgers,explicit,,422,399,-23,1845,1845,0,15,15,10x100x1x1,10x51x1x1,10x64x1x1,0.0606,0,0,1,0
Burgers_2|X_M|obfuscated|1,Burgers_2,burgers,explicit,advection,human,X_M,math,valid,obfuscated,1,code,trajectory,description,math,4,burgers,explicit,,422,399,-23,1845,1845,0,15,15,10x100x1x1,10x51x1x1,10x64x1x1,0.0606,0,0,1,0
Burgers_2|X_M|real|0,Burgers_2,burgers,explicit,advection,human,X_M,math,valid,real,0,trajectory,math,code,description,2,burgers,explicit,,422,399,-23,1845,1845,0,15,15,10x100x1x1,10x51x1x1,10x64x1x1,0.0606,0,0,1,0
Burgers_2|X_M|real|1,Burgers_2,burgers,explicit,advection,human,X_M,math,valid,real,1,code,trajectory,description,math,4,burgers,explicit,,422,399,-23,1845,1845,0,15,15,10x100x1x1,10x51x1x1,10x64x1x1,0.0606,0,0,1,0
Burgers_2|X_T_exec|obfuscated|0,Burgers_2,burgers,explicit,advection,human,X_T_exec,trajectory,T_exec,obfuscated,0,description,trajectory,math,code,2,burgers,explicit,,422,399,-23,1845,1845,0,15,15,10x100x1x1,10x51x1x1,10x64x1x1,0.0606,0,0,1,1
Burgers_2|X_T_exec|obfuscated|1,Burgers_2,burgers,explicit,advection,human,X_T_exec,trajectory,T_exec,obfuscated,1,code,description,math,trajectory,4,burgers,explicit,,422,399,-23,1845,1845,0,15,15,10x100x1x1,10x51x1x1,10x64x1x1,0.0606,0,0,1,1
Burgers_2|X_T_exec|real|0,Burgers_2,burgers,explicit,advection,human,X_T_exec,trajectory,T_exec,real,0,description,trajectory,math,code,2,burgers,explicit,,422,399,-23,1845,1845,0,15,15,10x100x1x1,10x51x1x1,10x64x1x1,0.0606,0,0,1,1
Burgers_2|X_T_exec|real|1,Burgers_2,burgers,explicit,advection,human,X_T_exec,trajectory,T_exec,real,1,code,description,math,trajectory,4,burgers,explicit,,422,399,-23,1845,1845,0,15,15,10x100x1x1,10x51x1x1,10x64x1x1,0.0606,0,0,1,1
Burgers_2|X_T_rand|obfuscated|0,Burgers_2,burgers,explicit,advection,human,X_T_rand,trajectory,T_rand,obfuscated,0,code,trajectory,description,math,2,burgers,explicit,,422,399,-23,1845,1845,0,15,15,10x100x1x1,10x51x1x1,10x64x1x1,0.0606,0,0,1,0
Burgers_2|X_T_rand|obfuscated|1,Burgers_2,burgers,explicit,advection,human,X_T_rand,trajectory,T_rand,obfuscated,1,description,code,math,trajectory,4,burgers,explicit,,422,399,-23,1845,1845,0,15,15,10x100x1x1,10x51x1x1,10x64x1x1,0.0606,0,0,1,0
Burgers_2|X_T_rand|real|0,Burgers_2,burgers,explicit,advection,human,X_T_rand,trajectory,T_rand,real,0,code,trajectory,description,math,2,burgers,explicit,,422,399,-23,1845,1845,0,15,15,10x100x1x1,10x51x1x1,10x64x1x1,0.0606,0,0,1,0
Burgers_2|X_T_rand|real|1,Burgers_2,burgers,explicit,advection,human,X_T_rand,trajectory,T_rand,real,1,description,code,math,trajectory,4,burgers,explicit,,422,399,-23,1845,1845,0,15,15,10x100x1x1,10x51x1x1,10x64x1x1,0.0606,0,0,1,0
Burgers_2|X_T_shuf|obfuscated|0,Burgers_2,burgers,explicit,advection,human,X_T_shuf,trajectory,T_shuf,obfuscated,0,math,trajectory,description,code,2,burgers,explicit,,422,399,-23,1845,1845,0,15,15,10x100x1x1,10x51x1x1,10x64x1x1,0.0606,0,0,1,0
Burgers_2|X_T_shuf|obfuscated|1,Burgers_2,burgers,explicit,advection,human,X_T_shuf,trajectory,T_shuf,obfuscated,1,math,code,description,trajectory,4,burgers,explicit,,422,399,-23,1845,1845,0,15,15,10x100x1x1,10x51x1x1,10x64x1x1,0.0606,0,0,1,0
Burgers_2|X_T_shuf|real|0,Burgers_2,burgers,explicit,advection,human,X_T_shuf,trajectory,T_shuf,real,0,math,trajectory,description,code,2,burgers,explicit,,422,399,-23,1845,1845,0,15,15,10x100x1x1,10x51x1x1,10x64x1x1,0.0606,0,0,1,0
Burgers_2|X_T_shuf|real|1,Burgers_2,burgers,explicit,advection,human,X_T_shuf,trajectory,T_shuf,real,1,math,code,description,trajectory,4,burgers,explicit,,422,399,-23,1845,1845,0,15,15,10x100x1x1,10x51x1x1,10x64x1x1,0.0606,0,0,1,0
Burgers_2|X_T_swap|obfuscated|0,Burgers_2,burgers,explicit,advection,human,X_T_swap,trajectory,T_swap,obfuscated,0,description,trajectory,code,math,2,burgers,explicit,,422,399,-23,1845,1845,0,15,15,10x100x1x1,10x51x1x1,10x64x1x1,0.0606,0,0,1,0
Burgers_2|X_T_swap|obfuscated|1,Burgers_2,burgers,explicit,advection,human,X_T_swap,trajectory,T_swap,obfuscated,1,code,math,description,trajectory,4,burgers,explicit,,422,399,-23,1845,1845,0,15,15,10x100x1x1,10x51x1x1,10x64x1x1,0.0606,0,0,1,0
Burgers_2|X_T_swap|real|0,Burgers_2,burgers,explicit,advection,human,X_T_swap,trajectory,T_swap,real,0,description,trajectory,code,math,2,burgers,explicit,,422,399,-23,1845,1845,0,15,15,10x100x1x1,10x51x1x1,10x64x1x1,0.0606,0,0,1,0
Burgers_2|X_T_swap|real|1,Burgers_2,burgers,explicit,advection,human,X_T_swap,trajectory,T_swap,real,1,code,math,description,trajectory,4,burgers,explicit,,422,399,-23,1845,1845,0,15,15,10x100x1x1,10x51x1x1,10x64x1x1,0.0606,0,0,1,0
Burgers_3|A0|obfuscated|0,Burgers_3,burgers,explicit,advection,human,A0,none,valid,obfuscated,0,description,code,trajectory,math,,burgers,explicit,,422,425,3,1341,1343,2,14,14,10x200x1x1,10x200x1x1,10x64x1x1,0.0779,0,0,1,0
Burgers_3|A0|obfuscated|1,Burgers_3,burgers,explicit,advection,human,A0,none,valid,obfuscated,1,trajectory,description,code,math,,burgers,explicit,,422,425,3,1341,1343,2,14,14,10x200x1x1,10x200x1x1,10x64x1x1,0.0779,0,0,1,0
Burgers_3|A0|real|0,Burgers_3,burgers,explicit,advection,human,A0,none,valid,real,0,description,code,trajectory,math,,burgers,explicit,,422,425,3,1341,1343,2,14,14,10x200x1x1,10x200x1x1,10x64x1x1,0.0779,0,0,1,0
Burgers_3|A0|real|1,Burgers_3,burgers,explicit,advection,human,A0,none,valid,real,1,trajectory,description,code,math,,burgers,explicit,,422,425,3,1341,1343,2,14,14,10x200x1x1,10x200x1x1,10x64x1x1,0.0779,0,0,1,0
Burgers_3|X_C|obfuscated|0,Burgers_3,burgers,explicit,advection,human,X_C,code,valid,obfuscated,0,math,description,code,trajectory,3,burgers,explicit,,422,425,3,1341,1343,2,14,14,10x200x1x1,10x200x1x1,10x64x1x1,0.0779,0,0,1,0
Burgers_3|X_C|obfuscated|1,Burgers_3,burgers,explicit,advection,human,X_C,code,valid,obfuscated,1,code,description,math,trajectory,1,burgers,explicit,,422,425,3,1341,1343,2,14,14,10x200x1x1,10x200x1x1,10x64x1x1,0.0779,0,0,1,0
Burgers_3|X_C|real|0,Burgers_3,burgers,explicit,advection,human,X_C,code,valid,real,0,math,description,code,trajectory,3,burgers,explicit,,422,425,3,1341,1343,2,14,14,10x200x1x1,10x200x1x1,10x64x1x1,0.0779,0,0,1,0
Burgers_3|X_C|real|1,Burgers_3,burgers,explicit,advection,human,X_C,code,valid,real,1,code,description,math,trajectory,1,burgers,explicit,,422,425,3,1341,1343,2,14,14,10x200x1x1,10x200x1x1,10x64x1x1,0.0779,0,0,1,0
Burgers_3|X_D|obfuscated|0,Burgers_3,burgers,explicit,advection,human,X_D,description,valid,obfuscated,0,math,trajectory,description,code,3,burgers,explicit,,422,425,3,1341,1343,2,14,14,10x200x1x1,10x200x1x1,10x64x1x1,0.0779,0,0,1,0
Burgers_3|X_D|obfuscated|1,Burgers_3,burgers,explicit,advection,human,X_D,description,valid,obfuscated,1,description,math,trajectory,code,1,burgers,explicit,,422,425,3,1341,1343,2,14,14,10x200x1x1,10x200x1x1,10x64x1x1,0.0779,0,0,1,0
Burgers_3|X_D|real|0,Burgers_3,burgers,explicit,advection,human,X_D,description,valid,real,0,math,trajectory,description,code,3,burgers,explicit,,422,425,3,1341,1343,2,14,14,10x200x1x1,10x200x1x1,10x64x1x1,0.0779,0,0,1,0
Burgers_3|X_D|real|1,Burgers_3,burgers,explicit,advection,human,X_D,description,valid,real,1,description,math,trajectory,code,1,burgers,explicit,,422,425,3,1341,1343,2,14,14,10x200x1x1,10x200x1x1,10x64x1x1,0.0779,0,0,1,0
Burgers_3|X_M|obfuscated|0,Burgers_3,burgers,explicit,advection,human,X_M,math,valid,obfuscated,0,trajectory,code,math,description,3,burgers,explicit,,422,425,3,1341,1343,2,14,14,10x200x1x1,10x200x1x1,10x64x1x1,0.0779,0,0,1,0
Burgers_3|X_M|obfuscated|1,Burgers_3,burgers,explicit,advection,human,X_M,math,valid,obfuscated,1,math,code,description,trajectory,1,burgers,explicit,,422,425,3,1341,1343,2,14,14,10x200x1x1,10x200x1x1,10x64x1x1,0.0779,0,0,1,0
Burgers_3|X_M|real|0,Burgers_3,burgers,explicit,advection,human,X_M,math,valid,real,0,trajectory,code,math,description,3,burgers,explicit,,422,425,3,1341,1343,2,14,14,10x200x1x1,10x200x1x1,10x64x1x1,0.0779,0,0,1,0
Burgers_3|X_M|real|1,Burgers_3,burgers,explicit,advection,human,X_M,math,valid,real,1,math,code,description,trajectory,1,burgers,explicit,,422,425,3,1341,1343,2,14,14,10x200x1x1,10x200x1x1,10x64x1x1,0.0779,0,0,1,0
Burgers_3|X_T_exec|obfuscated|0,Burgers_3,burgers,explicit,advection,human,X_T_exec,trajectory,T_exec,obfuscated,0,math,code,trajectory,description,3,burgers,explicit,,422,425,3,1341,1343,2,14,14,10x200x1x1,10x200x1x1,10x64x1x1,0.0779,0,0,1,1
Burgers_3|X_T_exec|obfuscated|1,Burgers_3,burgers,explicit,advection,human,X_T_exec,trajectory,T_exec,obfuscated,1,trajectory,code,math,description,1,burgers,explicit,,422,425,3,1341,1343,2,14,14,10x200x1x1,10x200x1x1,10x64x1x1,0.0779,0,0,1,1
Burgers_3|X_T_exec|real|0,Burgers_3,burgers,explicit,advection,human,X_T_exec,trajectory,T_exec,real,0,math,code,trajectory,description,3,burgers,explicit,,422,425,3,1341,1343,2,14,14,10x200x1x1,10x200x1x1,10x64x1x1,0.0779,0,0,1,1
Burgers_3|X_T_exec|real|1,Burgers_3,burgers,explicit,advection,human,X_T_exec,trajectory,T_exec,real,1,trajectory,code,math,description,1,burgers,explicit,,422,425,3,1341,1343,2,14,14,10x200x1x1,10x200x1x1,10x64x1x1,0.0779,0,0,1,1
Burgers_3|X_T_rand|obfuscated|0,Burgers_3,burgers,explicit,advection,human,X_T_rand,trajectory,T_rand,obfuscated,0,math,code,trajectory,description,3,burgers,explicit,,422,425,3,1341,1343,2,14,14,10x200x1x1,10x200x1x1,10x64x1x1,0.0779,0,0,1,0
Burgers_3|X_T_rand|obfuscated|1,Burgers_3,burgers,explicit,advection,human,X_T_rand,trajectory,T_rand,obfuscated,1,trajectory,description,code,math,1,burgers,explicit,,422,425,3,1341,1343,2,14,14,10x200x1x1,10x200x1x1,10x64x1x1,0.0779,0,0,1,0
Burgers_3|X_T_rand|real|0,Burgers_3,burgers,explicit,advection,human,X_T_rand,trajectory,T_rand,real,0,math,code,trajectory,description,3,burgers,explicit,,422,425,3,1341,1343,2,14,14,10x200x1x1,10x200x1x1,10x64x1x1,0.0779,0,0,1,0
Burgers_3|X_T_rand|real|1,Burgers_3,burgers,explicit,advection,human,X_T_rand,trajectory,T_rand,real,1,trajectory,description,code,math,1,burgers,explicit,,422,425,3,1341,1343,2,14,14,10x200x1x1,10x200x1x1,10x64x1x1,0.0779,0,0,1,0
Burgers_3|X_T_shuf|obfuscated|0,Burgers_3,burgers,explicit,advection,human,X_T_shuf,trajectory,T_shuf,obfuscated,0,description,math,trajectory,code,3,burgers,explicit,,422,425,3,1341,1343,2,14,14,10x200x1x1,10x200x1x1,10x64x1x1,0.0779,0,0,1,0
Burgers_3|X_T_shuf|obfuscated|1,Burgers_3,burgers,explicit,advection,human,X_T_shuf,trajectory,T_shuf,obfuscated,1,trajectory,description,math,code,1,burgers,explicit,,422,425,3,1341,1343,2,14,14,10x200x1x1,10x200x1x1,10x64x1x1,0.0779,0,0,1,0
Burgers_3|X_T_shuf|real|0,Burgers_3,burgers,explicit,advection,human,X_T_shuf,trajectory,T_shuf,real,0,description,math,trajectory,code,3,burgers,explicit,,422,425,3,1341,1343,2,14,14,10x200x1x1,10x200x1x1,10x64x1x1,0.0779,0,0,1,0
Burgers_3|X_T_shuf|real|1,Burgers_3,burgers,explicit,advection,human,X_T_shuf,trajectory,T_shuf,real,1,trajectory,description,math,code,1,burgers,explicit,,422,425,3,1341,1343,2,14,14,10x200x1x1,10x200x1x1,10x64x1x1,0.0779,0,0,1,0
Burgers_3|X_T_swap|obfuscated|0,Burgers_3,burgers,explicit,advection,human,X_T_swap,trajectory,T_swap,obfuscated,0,math,description,trajectory,code,3,burgers,explicit,,422,425,3,1341,1343,2,14,14,10x200x1x1,10x200x1x1,10x64x1x1,0.0779,0,0,1,0
Burgers_3|X_T_swap|obfuscated|1,Burgers_3,burgers,explicit,advection,human,X_T_swap,trajectory,T_swap,obfuscated,1,trajectory,code,math,description,1,burgers,explicit,,422,425,3,1341,1343,2,14,14,10x200x1x1,10x200x1x1,10x64x1x1,0.0779,0,0,1,0
Burgers_3|X_T_swap|real|0,Burgers_3,burgers,explicit,advection,human,X_T_swap,trajectory,T_swap,real,0,math,description,trajectory,code,3,burgers,explicit,,422,425,3,1341,1343,2,14,14,10x200x1x1,10x200x1x1,10x64x1x1,0.0779,0,0,1,0
Burgers_3|X_T_swap|real|1,Burgers_3,burgers,explicit,advection,human,X_T_swap,trajectory,T_swap,real,1,trajectory,code,math,description,1,burgers,explicit,,422,425,3,1341,1343,2,14,14,10x200x1x1,10x200x1x1,10x64x1x1,0.0779,0,0,1,0
Burgers_4|A0|obfuscated|0,Burgers_4,burgers,explicit,advection,human,A0,none,valid,obfuscated,0,trajectory,code,description,math,,burgers,explicit,,422,380,-42,1332,1226,-106,12,11,10x100x1x1,10x256x1x1,10x64x1x1,0.0476,0,0,1,0
Burgers_4|A0|obfuscated|1,Burgers_4,burgers,explicit,advection,human,A0,none,valid,obfuscated,1,description,math,trajectory,code,,burgers,explicit,,422,380,-42,1332,1226,-106,12,11,10x100x1x1,10x256x1x1,10x64x1x1,0.0476,0,0,1,0
Burgers_4|A0|real|0,Burgers_4,burgers,explicit,advection,human,A0,none,valid,real,0,trajectory,code,description,math,,burgers,explicit,,422,380,-42,1332,1226,-106,12,11,10x100x1x1,10x256x1x1,10x64x1x1,0.0476,0,0,1,0
Burgers_4|A0|real|1,Burgers_4,burgers,explicit,advection,human,A0,none,valid,real,1,description,math,trajectory,code,,burgers,explicit,,422,380,-42,1332,1226,-106,12,11,10x100x1x1,10x256x1x1,10x64x1x1,0.0476,0,0,1,0
Burgers_4|X_C|obfuscated|0,Burgers_4,burgers,explicit,advection,human,X_C,code,valid,obfuscated,0,description,trajectory,math,code,4,burgers,explicit,,422,380,-42,1332,1226,-106,12,11,10x100x1x1,10x256x1x1,10x64x1x1,0.0476,0,0,1,0
Burgers_4|X_C|obfuscated|1,Burgers_4,burgers,explicit,advection,human,X_C,code,valid,obfuscated,1,math,code,description,trajectory,2,burgers,explicit,,422,380,-42,1332,1226,-106,12,11,10x100x1x1,10x256x1x1,10x64x1x1,0.0476,0,0,1,0
Burgers_4|X_C|real|0,Burgers_4,burgers,explicit,advection,human,X_C,code,valid,real,0,description,trajectory,math,code,4,burgers,explicit,,422,380,-42,1332,1226,-106,12,11,10x100x1x1,10x256x1x1,10x64x1x1,0.0476,0,0,1,0
Burgers_4|X_C|real|1,Burgers_4,burgers,explicit,advection,human,X_C,code,valid,real,1,math,code,description,trajectory,2,burgers,explicit,,422,380,-42,1332,1226,-106,12,11,10x100x1x1,10x256x1x1,10x64x1x1,0.0476,0,0,1,0
Burgers_4|X_D|obfuscated|0,Burgers_4,burgers,explicit,advection,human,X_D,description,valid,obfuscated,0,code,math,trajectory,description,4,burgers,explicit,,422,380,-42,1332,1226,-106,12,11,10x100x1x1,10x256x1x1,10x64x1x1,0.0476,0,0,1,0
Burgers_4|X_D|obfuscated|1,Burgers_4,burgers,explicit,advection,human,X_D,description,valid,obfuscated,1,code,description,math,trajectory,2,burgers,explicit,,422,380,-42,1332,1226,-106,12,11,10x100x1x1,10x256x1x1,10x64x1x1,0.0476,0,0,1,0
Burgers_4|X_D|real|0,Burgers_4,burgers,explicit,advection,human,X_D,description,valid,real,0,code,math,trajectory,description,4,burgers,explicit,,422,380,-42,1332,1226,-106,12,11,10x100x1x1,10x256x1x1,10x64x1x1,0.0476,0,0,1,0
Burgers_4|X_D|real|1,Burgers_4,burgers,explicit,advection,human,X_D,description,valid,real,1,code,description,math,trajectory,2,burgers,explicit,,422,380,-42,1332,1226,-106,12,11,10x100x1x1,10x256x1x1,10x64x1x1,0.0476,0,0,1,0
Burgers_4|X_M|obfuscated|0,Burgers_4,burgers,explicit,advection,human,X_M,math,valid,obfuscated,0,description,trajectory,code,math,4,burgers,explicit,,422,380,-42,1332,1226,-106,12,11,10x100x1x1,10x256x1x1,10x64x1x1,0.0476,0,0,1,0
Burgers_4|X_M|obfuscated|1,Burgers_4,burgers,explicit,advection,human,X_M,math,valid,obfuscated,1,code,math,description,trajectory,2,burgers,explicit,,422,380,-42,1332,1226,-106,12,11,10x100x1x1,10x256x1x1,10x64x1x1,0.0476,0,0,1,0
Burgers_4|X_M|real|0,Burgers_4,burgers,explicit,advection,human,X_M,math,valid,real,0,description,trajectory,code,math,4,burgers,explicit,,422,380,-42,1332,1226,-106,12,11,10x100x1x1,10x256x1x1,10x64x1x1,0.0476,0,0,1,0
Burgers_4|X_M|real|1,Burgers_4,burgers,explicit,advection,human,X_M,math,valid,real,1,code,math,description,trajectory,2,burgers,explicit,,422,380,-42,1332,1226,-106,12,11,10x100x1x1,10x256x1x1,10x64x1x1,0.0476,0,0,1,0
Burgers_4|X_T_exec|obfuscated|0,Burgers_4,burgers,explicit,advection,human,X_T_exec,trajectory,T_exec,obfuscated,0,code,description,math,trajectory,4,burgers,explicit,,422,380,-42,1332,1226,-106,12,11,10x100x1x1,10x256x1x1,10x64x1x1,0.0476,0,0,1,1
Burgers_4|X_T_exec|obfuscated|1,Burgers_4,burgers,explicit,advection,human,X_T_exec,trajectory,T_exec,obfuscated,1,math,trajectory,description,code,2,burgers,explicit,,422,380,-42,1332,1226,-106,12,11,10x100x1x1,10x256x1x1,10x64x1x1,0.0476,0,0,1,1
Burgers_4|X_T_exec|real|0,Burgers_4,burgers,explicit,advection,human,X_T_exec,trajectory,T_exec,real,0,code,description,math,trajectory,4,burgers,explicit,,422,380,-42,1332,1226,-106,12,11,10x100x1x1,10x256x1x1,10x64x1x1,0.0476,0,0,1,1
Burgers_4|X_T_exec|real|1,Burgers_4,burgers,explicit,advection,human,X_T_exec,trajectory,T_exec,real,1,math,trajectory,description,code,2,burgers,explicit,,422,380,-42,1332,1226,-106,12,11,10x100x1x1,10x256x1x1,10x64x1x1,0.0476,0,0,1,1
Burgers_4|X_T_rand|obfuscated|0,Burgers_4,burgers,explicit,advection,human,X_T_rand,trajectory,T_rand,obfuscated,0,math,code,description,trajectory,4,burgers,explicit,,422,380,-42,1332,1226,-106,12,11,10x100x1x1,10x256x1x1,10x64x1x1,0.0476,0,0,1,0
Burgers_4|X_T_rand|obfuscated|1,Burgers_4,burgers,explicit,advection,human,X_T_rand,trajectory,T_rand,obfuscated,1,code,trajectory,math,description,2,burgers,explicit,,422,380,-42,1332,1226,-106,12,11,10x100x1x1,10x256x1x1,10x64x1x1,0.0476,0,0,1,0
Burgers_4|X_T_rand|real|0,Burgers_4,burgers,explicit,advection,human,X_T_rand,trajectory,T_rand,real,0,math,code,description,trajectory,4,burgers,explicit,,422,380,-42,1332,1226,-106,12,11,10x100x1x1,10x256x1x1,10x64x1x1,0.0476,0,0,1,0
Burgers_4|X_T_rand|real|1,Burgers_4,burgers,explicit,advection,human,X_T_rand,trajectory,T_rand,real,1,code,trajectory,math,description,2,burgers,explicit,,422,380,-42,1332,1226,-106,12,11,10x100x1x1,10x256x1x1,10x64x1x1,0.0476,0,0,1,0
Burgers_4|X_T_shuf|obfuscated|0,Burgers_4,burgers,explicit,advection,human,X_T_shuf,trajectory,T_shuf,obfuscated,0,math,description,code,trajectory,4,burgers,explicit,,422,380,-42,1332,1226,-106,12,11,10x100x1x1,10x256x1x1,10x64x1x1,0.0476,0,0,1,0
Burgers_4|X_T_shuf|obfuscated|1,Burgers_4,burgers,explicit,advection,human,X_T_shuf,trajectory,T_shuf,obfuscated,1,math,trajectory,code,description,2,burgers,explicit,,422,380,-42,1332,1226,-106,12,11,10x100x1x1,10x256x1x1,10x64x1x1,0.0476,0,0,1,0
Burgers_4|X_T_shuf|real|0,Burgers_4,burgers,explicit,advection,human,X_T_shuf,trajectory,T_shuf,real,0,math,description,code,trajectory,4,burgers,explicit,,422,380,-42,1332,1226,-106,12,11,10x100x1x1,10x256x1x1,10x64x1x1,0.0476,0,0,1,0
Burgers_4|X_T_shuf|real|1,Burgers_4,burgers,explicit,advection,human,X_T_shuf,trajectory,T_shuf,real,1,math,trajectory,code,description,2,burgers,explicit,,422,380,-42,1332,1226,-106,12,11,10x100x1x1,10x256x1x1,10x64x1x1,0.0476,0,0,1,0
Burgers_4|X_T_swap|obfuscated|0,Burgers_4,burgers,explicit,advection,human,X_T_swap,trajectory,T_swap,obfuscated,0,code,math,description,trajectory,4,burgers,explicit,,422,380,-42,1332,1226,-106,12,11,10x100x1x1,10x256x1x1,10x64x1x1,0.0476,0,0,1,0
Burgers_4|X_T_swap|obfuscated|1,Burgers_4,burgers,explicit,advection,human,X_T_swap,trajectory,T_swap,obfuscated,1,code,trajectory,math,description,2,burgers,explicit,,422,380,-42,1332,1226,-106,12,11,10x100x1x1,10x256x1x1,10x64x1x1,0.0476,0,0,1,0
Burgers_4|X_T_swap|real|0,Burgers_4,burgers,explicit,advection,human,X_T_swap,trajectory,T_swap,real,0,code,math,description,trajectory,4,burgers,explicit,,422,380,-42,1332,1226,-106,12,11,10x100x1x1,10x256x1x1,10x64x1x1,0.0476,0,0,1,0
Burgers_4|X_T_swap|real|1,Burgers_4,burgers,explicit,advection,human,X_T_swap,trajectory,T_swap,real,1,code,trajectory,math,description,2,burgers,explicit,,422,380,-42,1332,1226,-106,12,11,10x100x1x1,10x256x1x1,10x64x1x1,0.0476,0,0,1,0
Burgers_5|A0|obfuscated|0,Burgers_5,burgers,explicit,advection,synthetic,A0,none,valid,obfuscated,0,math,trajectory,code,description,,burgers,explicit,,608,402,-206,900,902,2,4,5,10x400x1x1,10x121x121x1,10x64x1x1,0.0682,0,0,0,0
Burgers_5|A0|obfuscated|1,Burgers_5,burgers,explicit,advection,synthetic,A0,none,valid,obfuscated,1,trajectory,math,code,description,,burgers,explicit,,608,402,-206,900,902,2,4,5,10x400x1x1,10x121x121x1,10x64x1x1,0.0682,0,0,0,0
Burgers_5|A0|real|0,Burgers_5,burgers,explicit,advection,synthetic,A0,none,valid,real,0,math,trajectory,code,description,,burgers,explicit,,608,402,-206,900,902,2,4,5,10x400x1x1,10x121x121x1,10x64x1x1,0.0682,0,0,0,0
Burgers_5|A0|real|1,Burgers_5,burgers,explicit,advection,synthetic,A0,none,valid,real,1,trajectory,math,code,description,,burgers,explicit,,608,402,-206,900,902,2,4,5,10x400x1x1,10x121x121x1,10x64x1x1,0.0682,0,0,0,0
Burgers_5|X_C|obfuscated|0,Burgers_5,burgers,explicit,advection,synthetic,X_C,code,valid,obfuscated,0,code,description,math,trajectory,1,burgers,explicit,,608,402,-206,900,902,2,4,5,10x400x1x1,10x121x121x1,10x64x1x1,0.0682,0,0,0,0
Burgers_5|X_C|obfuscated|1,Burgers_5,burgers,explicit,advection,synthetic,X_C,code,valid,obfuscated,1,trajectory,math,code,description,3,burgers,explicit,,608,402,-206,900,902,2,4,5,10x400x1x1,10x121x121x1,10x64x1x1,0.0682,0,0,0,0
Burgers_5|X_C|real|0,Burgers_5,burgers,explicit,advection,synthetic,X_C,code,valid,real,0,code,description,math,trajectory,1,burgers,explicit,,608,402,-206,900,902,2,4,5,10x400x1x1,10x121x121x1,10x64x1x1,0.0682,0,0,0,0
Burgers_5|X_C|real|1,Burgers_5,burgers,explicit,advection,synthetic,X_C,code,valid,real,1,trajectory,math,code,description,3,burgers,explicit,,608,402,-206,900,902,2,4,5,10x400x1x1,10x121x121x1,10x64x1x1,0.0682,0,0,0,0
Burgers_5|X_D|obfuscated|0,Burgers_5,burgers,explicit,advection,synthetic,X_D,description,valid,obfuscated,0,description,trajectory,math,code,1,burgers,explicit,,608,402,-206,900,902,2,4,5,10x400x1x1,10x121x121x1,10x64x1x1,0.0682,0,0,0,0
Burgers_5|X_D|obfuscated|1,Burgers_5,burgers,explicit,advection,synthetic,X_D,description,valid,obfuscated,1,code,trajectory,description,math,3,burgers,explicit,,608,402,-206,900,902,2,4,5,10x400x1x1,10x121x121x1,10x64x1x1,0.0682,0,0,0,0
Burgers_5|X_D|real|0,Burgers_5,burgers,explicit,advection,synthetic,X_D,description,valid,real,0,description,trajectory,math,code,1,burgers,explicit,,608,402,-206,900,902,2,4,5,10x400x1x1,10x121x121x1,10x64x1x1,0.0682,0,0,0,0
Burgers_5|X_D|real|1,Burgers_5,burgers,explicit,advection,synthetic,X_D,description,valid,real,1,code,trajectory,description,math,3,burgers,explicit,,608,402,-206,900,902,2,4,5,10x400x1x1,10x121x121x1,10x64x1x1,0.0682,0,0,0,0
Burgers_5|X_M|obfuscated|0,Burgers_5,burgers,explicit,advection,synthetic,X_M,math,valid,obfuscated,0,math,description,trajectory,code,1,burgers,explicit,,608,402,-206,900,902,2,4,5,10x400x1x1,10x121x121x1,10x64x1x1,0.0682,0,0,0,0
Burgers_5|X_M|obfuscated|1,Burgers_5,burgers,explicit,advection,synthetic,X_M,math,valid,obfuscated,1,description,trajectory,math,code,3,burgers,explicit,,608,402,-206,900,902,2,4,5,10x400x1x1,10x121x121x1,10x64x1x1,0.0682,0,0,0,0
Burgers_5|X_M|real|0,Burgers_5,burgers,explicit,advection,synthetic,X_M,math,valid,real,0,math,description,trajectory,code,1,burgers,explicit,,608,402,-206,900,902,2,4,5,10x400x1x1,10x121x121x1,10x64x1x1,0.0682,0,0,0,0
Burgers_5|X_M|real|1,Burgers_5,burgers,explicit,advection,synthetic,X_M,math,valid,real,1,description,trajectory,math,code,3,burgers,explicit,,608,402,-206,900,902,2,4,5,10x400x1x1,10x121x121x1,10x64x1x1,0.0682,0,0,0,0
Burgers_5|X_T_exec|obfuscated|0,Burgers_5,burgers,explicit,advection,synthetic,X_T_exec,trajectory,T_exec,obfuscated,0,trajectory,math,description,code,1,burgers,explicit,,608,402,-206,900,902,2,4,5,10x400x1x1,10x121x121x1,10x64x1x1,0.0682,0,0,0,1
Burgers_5|X_T_exec|obfuscated|1,Burgers_5,burgers,explicit,advection,synthetic,X_T_exec,trajectory,T_exec,obfuscated,1,math,description,trajectory,code,3,burgers,explicit,,608,402,-206,900,902,2,4,5,10x400x1x1,10x121x121x1,10x64x1x1,0.0682,0,0,0,1
Burgers_5|X_T_exec|real|0,Burgers_5,burgers,explicit,advection,synthetic,X_T_exec,trajectory,T_exec,real,0,trajectory,math,description,code,1,burgers,explicit,,608,402,-206,900,902,2,4,5,10x400x1x1,10x121x121x1,10x64x1x1,0.0682,0,0,0,1
Burgers_5|X_T_exec|real|1,Burgers_5,burgers,explicit,advection,synthetic,X_T_exec,trajectory,T_exec,real,1,math,description,trajectory,code,3,burgers,explicit,,608,402,-206,900,902,2,4,5,10x400x1x1,10x121x121x1,10x64x1x1,0.0682,0,0,0,1
Burgers_5|X_T_rand|obfuscated|0,Burgers_5,burgers,explicit,advection,synthetic,X_T_rand,trajectory,T_rand,obfuscated,0,trajectory,math,code,description,1,burgers,explicit,,608,402,-206,900,902,2,4,5,10x400x1x1,10x121x121x1,10x64x1x1,0.0682,0,0,0,0
Burgers_5|X_T_rand|obfuscated|1,Burgers_5,burgers,explicit,advection,synthetic,X_T_rand,trajectory,T_rand,obfuscated,1,math,code,trajectory,description,3,burgers,explicit,,608,402,-206,900,902,2,4,5,10x400x1x1,10x121x121x1,10x64x1x1,0.0682,0,0,0,0
Burgers_5|X_T_rand|real|0,Burgers_5,burgers,explicit,advection,synthetic,X_T_rand,trajectory,T_rand,real,0,trajectory,math,code,description,1,burgers,explicit,,608,402,-206,900,902,2,4,5,10x400x1x1,10x121x121x1,10x64x1x1,0.0682,0,0,0,0
Burgers_5|X_T_rand|real|1,Burgers_5,burgers,explicit,advection,synthetic,X_T_rand,trajectory,T_rand,real,1,math,code,trajectory,description,3,burgers,explicit,,608,402,-206,900,902,2,4,5,10x400x1x1,10x121x121x1,10x64x1x1,0.0682,0,0,0,0
Burgers_5|X_T_shuf|obfuscated|0,Burgers_5,burgers,explicit,advection,synthetic,X_T_shuf,trajectory,T_shuf,obfuscated,0,trajectory,math,code,description,1,burgers,explicit,,608,402,-206,900,902,2,4,5,10x400x1x1,10x121x121x1,10x64x1x1,0.0682,0,0,0,0
Burgers_5|X_T_shuf|obfuscated|1,Burgers_5,burgers,explicit,advection,synthetic,X_T_shuf,trajectory,T_shuf,obfuscated,1,math,code,trajectory,description,3,burgers,explicit,,608,402,-206,900,902,2,4,5,10x400x1x1,10x121x121x1,10x64x1x1,0.0682,0,0,0,0
Burgers_5|X_T_shuf|real|0,Burgers_5,burgers,explicit,advection,synthetic,X_T_shuf,trajectory,T_shuf,real,0,trajectory,math,code,description,1,burgers,explicit,,608,402,-206,900,902,2,4,5,10x400x1x1,10x121x121x1,10x64x1x1,0.0682,0,0,0,0
Burgers_5|X_T_shuf|real|1,Burgers_5,burgers,explicit,advection,synthetic,X_T_shuf,trajectory,T_shuf,real,1,math,code,trajectory,description,3,burgers,explicit,,608,402,-206,900,902,2,4,5,10x400x1x1,10x121x121x1,10x64x1x1,0.0682,0,0,0,0
Burgers_5|X_T_swap|obfuscated|0,Burgers_5,burgers,explicit,advection,synthetic,X_T_swap,trajectory,T_swap,obfuscated,0,trajectory,description,code,math,1,burgers,explicit,,608,402,-206,900,902,2,4,5,10x400x1x1,10x121x121x1,10x64x1x1,0.0682,0,0,0,0
Burgers_5|X_T_swap|obfuscated|1,Burgers_5,burgers,explicit,advection,synthetic,X_T_swap,trajectory,T_swap,obfuscated,1,math,code,trajectory,description,3,burgers,explicit,,608,402,-206,900,902,2,4,5,10x400x1x1,10x121x121x1,10x64x1x1,0.0682,0,0,0,0
Burgers_5|X_T_swap|real|0,Burgers_5,burgers,explicit,advection,synthetic,X_T_swap,trajectory,T_swap,real,0,trajectory,description,code,math,1,burgers,explicit,,608,402,-206,900,902,2,4,5,10x400x1x1,10x121x121x1,10x64x1x1,0.0682,0,0,0,0
Burgers_5|X_T_swap|real|1,Burgers_5,burgers,explicit,advection,synthetic,X_T_swap,trajectory,T_swap,real,1,math,code,trajectory,description,3,burgers,explicit,,608,402,-206,900,902,2,4,5,10x400x1x1,10x121x121x1,10x64x1x1,0.0682,0,0,0,0
Burgers_6|A0|obfuscated|0,Burgers_6,burgers,explicit,advection/diffusion,synthetic,A0,none,valid,obfuscated,0,trajectory,description,code,math,,burgers,explicit,,705,444,-261,955,956,1,3,5,10x300x1x1,10x121x121x1,10x64x1x1,0.0373,0,0,0,0
Burgers_6|A0|obfuscated|1,Burgers_6,burgers,explicit,advection/diffusion,synthetic,A0,none,valid,obfuscated,1,description,trajectory,math,code,,burgers,explicit,,705,444,-261,955,956,1,3,5,10x300x1x1,10x121x121x1,10x64x1x1,0.0373,0,0,0,0
Burgers_6|A0|real|0,Burgers_6,burgers,explicit,advection/diffusion,synthetic,A0,none,valid,real,0,trajectory,description,code,math,,burgers,explicit,,705,444,-261,955,956,1,3,5,10x300x1x1,10x121x121x1,10x64x1x1,0.0373,0,0,0,0
Burgers_6|A0|real|1,Burgers_6,burgers,explicit,advection/diffusion,synthetic,A0,none,valid,real,1,description,trajectory,math,code,,burgers,explicit,,705,444,-261,955,956,1,3,5,10x300x1x1,10x121x121x1,10x64x1x1,0.0373,0,0,0,0
Burgers_6|X_C|obfuscated|0,Burgers_6,burgers,explicit,advection/diffusion,synthetic,X_C,code,valid,obfuscated,0,math,code,description,trajectory,2,burgers,explicit,,705,444,-261,955,956,1,3,5,10x300x1x1,10x121x121x1,10x64x1x1,0.0373,0,0,0,0
Burgers_6|X_C|obfuscated|1,Burgers_6,burgers,explicit,advection/diffusion,synthetic,X_C,code,valid,obfuscated,1,trajectory,math,description,code,4,burgers,explicit,,705,444,-261,955,956,1,3,5,10x300x1x1,10x121x121x1,10x64x1x1,0.0373,0,0,0,0
Burgers_6|X_C|real|0,Burgers_6,burgers,explicit,advection/diffusion,synthetic,X_C,code,valid,real,0,math,code,description,trajectory,2,burgers,explicit,,705,444,-261,955,956,1,3,5,10x300x1x1,10x121x121x1,10x64x1x1,0.0373,0,0,0,0
Burgers_6|X_C|real|1,Burgers_6,burgers,explicit,advection/diffusion,synthetic,X_C,code,valid,real,1,trajectory,math,description,code,4,burgers,explicit,,705,444,-261,955,956,1,3,5,10x300x1x1,10x121x121x1,10x64x1x1,0.0373,0,0,0,0
Burgers_6|X_D|obfuscated|0,Burgers_6,burgers,explicit,advection/diffusion,synthetic,X_D,description,valid,obfuscated,0,code,description,trajectory,math,2,burgers,explicit,,705,444,-261,955,956,1,3,5,10x300x1x1,10x121x121x1,10x64x1x1,0.0373,0,0,0,0
Burgers_6|X_D|obfuscated|1,Burgers_6,burgers,explicit,advection/diffusion,synthetic,X_D,description,valid,obfuscated,1,math,code,trajectory,description,4,burgers,explicit,,705,444,-261,955,956,1,3,5,10x300x1x1,10x121x121x1,10x64x1x1,0.0373,0,0,0,0
Burgers_6|X_D|real|0,Burgers_6,burgers,explicit,advection/diffusion,synthetic,X_D,description,valid,real,0,code,description,trajectory,math,2,burgers,explicit,,705,444,-261,955,956,1,3,5,10x300x1x1,10x121x121x1,10x64x1x1,0.0373,0,0,0,0
Burgers_6|X_D|real|1,Burgers_6,burgers,explicit,advection/diffusion,synthetic,X_D,description,valid,real,1,math,code,trajectory,description,4,burgers,explicit,,705,444,-261,955,956,1,3,5,10x300x1x1,10x121x121x1,10x64x1x1,0.0373,0,0,0,0
Burgers_6|X_M|obfuscated|0,Burgers_6,burgers,explicit,advection/diffusion,synthetic,X_M,math,valid,obfuscated,0,code,math,trajectory,description,2,burgers,explicit,,705,444,-261,955,956,1,3,5,10x300x1x1,10x121x121x1,10x64x1x1,0.0373,0,0,0,0
Burgers_6|X_M|obfuscated|1,Burgers_6,burgers,explicit,advection/diffusion,synthetic,X_M,math,valid,obfuscated,1,trajectory,code,description,math,4,burgers,explicit,,705,444,-261,955,956,1,3,5,10x300x1x1,10x121x121x1,10x64x1x1,0.0373,0,0,0,0
Burgers_6|X_M|real|0,Burgers_6,burgers,explicit,advection/diffusion,synthetic,X_M,math,valid,real,0,code,math,trajectory,description,2,burgers,explicit,,705,444,-261,955,956,1,3,5,10x300x1x1,10x121x121x1,10x64x1x1,0.0373,0,0,0,0
Burgers_6|X_M|real|1,Burgers_6,burgers,explicit,advection/diffusion,synthetic,X_M,math,valid,real,1,trajectory,code,description,math,4,burgers,explicit,,705,444,-261,955,956,1,3,5,10x300x1x1,10x121x121x1,10x64x1x1,0.0373,0,0,0,0
Burgers_6|X_T_exec|obfuscated|0,Burgers_6,burgers,explicit,advection/diffusion,synthetic,X_T_exec,trajectory,T_exec,obfuscated,0,math,trajectory,code,description,2,burgers,explicit,,705,444,-261,955,956,1,3,5,10x300x1x1,10x121x121x1,10x64x1x1,0.0373,0,0,0,1
Burgers_6|X_T_exec|obfuscated|1,Burgers_6,burgers,explicit,advection/diffusion,synthetic,X_T_exec,trajectory,T_exec,obfuscated,1,description,math,code,trajectory,4,burgers,explicit,,705,444,-261,955,956,1,3,5,10x300x1x1,10x121x121x1,10x64x1x1,0.0373,0,0,0,1
Burgers_6|X_T_exec|real|0,Burgers_6,burgers,explicit,advection/diffusion,synthetic,X_T_exec,trajectory,T_exec,real,0,math,trajectory,code,description,2,burgers,explicit,,705,444,-261,955,956,1,3,5,10x300x1x1,10x121x121x1,10x64x1x1,0.0373,0,0,0,1
Burgers_6|X_T_exec|real|1,Burgers_6,burgers,explicit,advection/diffusion,synthetic,X_T_exec,trajectory,T_exec,real,1,description,math,code,trajectory,4,burgers,explicit,,705,444,-261,955,956,1,3,5,10x300x1x1,10x121x121x1,10x64x1x1,0.0373,0,0,0,1
Burgers_6|X_T_rand|obfuscated|0,Burgers_6,burgers,explicit,advection/diffusion,synthetic,X_T_rand,trajectory,T_rand,obfuscated,0,math,trajectory,description,code,2,burgers,explicit,,705,444,-261,955,956,1,3,5,10x300x1x1,10x121x121x1,10x64x1x1,0.0373,0,0,0,0
Burgers_6|X_T_rand|obfuscated|1,Burgers_6,burgers,explicit,advection/diffusion,synthetic,X_T_rand,trajectory,T_rand,obfuscated,1,code,description,math,trajectory,4,burgers,explicit,,705,444,-261,955,956,1,3,5,10x300x1x1,10x121x121x1,10x64x1x1,0.0373,0,0,0,0
Burgers_6|X_T_rand|real|0,Burgers_6,burgers,explicit,advection/diffusion,synthetic,X_T_rand,trajectory,T_rand,real,0,math,trajectory,description,code,2,burgers,explicit,,705,444,-261,955,956,1,3,5,10x300x1x1,10x121x121x1,10x64x1x1,0.0373,0,0,0,0
Burgers_6|X_T_rand|real|1,Burgers_6,burgers,explicit,advection/diffusion,synthetic,X_T_rand,trajectory,T_rand,real,1,code,description,math,trajectory,4,burgers,explicit,,705,444,-261,955,956,1,3,5,10x300x1x1,10x121x121x1,10x64x1x1,0.0373,0,0,0,0
Burgers_6|X_T_shuf|obfuscated|0,Burgers_6,burgers,explicit,advection/diffusion,synthetic,X_T_shuf,trajectory,T_shuf,obfuscated,0,math,trajectory,code,description,2,burgers,explicit,,705,444,-261,955,956,1,3,5,10x300x1x1,10x121x121x1,10x64x1x1,0.0373,0,0,0,0
Burgers_6|X_T_shuf|obfuscated|1,Burgers_6,burgers,explicit,advection/diffusion,synthetic,X_T_shuf,trajectory,T_shuf,obfuscated,1,math,description,code,trajectory,4,burgers,explicit,,705,444,-261,955,956,1,3,5,10x300x1x1,10x121x121x1,10x64x1x1,0.0373,0,0,0,0
Burgers_6|X_T_shuf|real|0,Burgers_6,burgers,explicit,advection/diffusion,synthetic,X_T_shuf,trajectory,T_shuf,real,0,math,trajectory,code,description,2,burgers,explicit,,705,444,-261,955,956,1,3,5,10x300x1x1,10x121x121x1,10x64x1x1,0.0373,0,0,0,0
Burgers_6|X_T_shuf|real|1,Burgers_6,burgers,explicit,advection/diffusion,synthetic,X_T_shuf,trajectory,T_shuf,real,1,math,description,code,trajectory,4,burgers,explicit,,705,444,-261,955,956,1,3,5,10x300x1x1,10x121x121x1,10x64x1x1,0.0373,0,0,0,0
Burgers_6|X_T_swap|obfuscated|0,Burgers_6,burgers,explicit,advection/diffusion,synthetic,X_T_swap,trajectory,T_swap,obfuscated,0,description,trajectory,math,code,2,burgers,explicit,,705,444,-261,955,956,1,3,5,10x300x1x1,10x121x121x1,10x64x1x1,0.0373,0,0,0,0
Burgers_6|X_T_swap|obfuscated|1,Burgers_6,burgers,explicit,advection/diffusion,synthetic,X_T_swap,trajectory,T_swap,obfuscated,1,code,description,math,trajectory,4,burgers,explicit,,705,444,-261,955,956,1,3,5,10x300x1x1,10x121x121x1,10x64x1x1,0.0373,0,0,0,0
Burgers_6|X_T_swap|real|0,Burgers_6,burgers,explicit,advection/diffusion,synthetic,X_T_swap,trajectory,T_swap,real,0,description,trajectory,math,code,2,burgers,explicit,,705,444,-261,955,956,1,3,5,10x300x1x1,10x121x121x1,10x64x1x1,0.0373,0,0,0,0
Burgers_6|X_T_swap|real|1,Burgers_6,burgers,explicit,advection/diffusion,synthetic,X_T_swap,trajectory,T_swap,real,1,code,description,math,trajectory,4,burgers,explicit,,705,444,-261,955,956,1,3,5,10x300x1x1,10x121x121x1,10x64x1x1,0.0373,0,0,0,0
Burgers_7|A0|obfuscated|0,Burgers_7,burgers,explicit,advection/diffusion,synthetic,A0,none,valid,obfuscated,0,code,description,trajectory,math,,burgers,explicit,,528,298,-230,762,762,0,3,4,10x300x1x1,10x201x1x1,10x64x1x1,0.0083,0,0,0,0
Burgers_7|A0|obfuscated|1,Burgers_7,burgers,explicit,advection/diffusion,synthetic,A0,none,valid,obfuscated,1,description,trajectory,math,code,,burgers,explicit,,528,298,-230,762,762,0,3,4,10x300x1x1,10x201x1x1,10x64x1x1,0.0083,0,0,0,0
Burgers_7|A0|real|0,Burgers_7,burgers,explicit,advection/diffusion,synthetic,A0,none,valid,real,0,code,description,trajectory,math,,burgers,explicit,,528,298,-230,762,762,0,3,4,10x300x1x1,10x201x1x1,10x64x1x1,0.0083,0,0,0,0
Burgers_7|A0|real|1,Burgers_7,burgers,explicit,advection/diffusion,synthetic,A0,none,valid,real,1,description,trajectory,math,code,,burgers,explicit,,528,298,-230,762,762,0,3,4,10x300x1x1,10x201x1x1,10x64x1x1,0.0083,0,0,0,0
Burgers_7|X_C|obfuscated|0,Burgers_7,burgers,explicit,advection/diffusion,synthetic,X_C,code,valid,obfuscated,0,description,trajectory,code,math,3,burgers,explicit,,528,298,-230,762,762,0,3,4,10x300x1x1,10x201x1x1,10x64x1x1,0.0083,0,0,0,0
Burgers_7|X_C|obfuscated|1,Burgers_7,burgers,explicit,advection/diffusion,synthetic,X_C,code,valid,obfuscated,1,code,math,description,trajectory,1,burgers,explicit,,528,298,-230,762,762,0,3,4,10x300x1x1,10x201x1x1,10x64x1x1,0.0083,0,0,0,0
Burgers_7|X_C|real|0,Burgers_7,burgers,explicit,advection/diffusion,synthetic,X_C,code,valid,real,0,description,trajectory,code,math,3,burgers,explicit,,528,298,-230,762,762,0,3,4,10x300x1x1,10x201x1x1,10x64x1x1,0.0083,0,0,0,0
Burgers_7|X_C|real|1,Burgers_7,burgers,explicit,advection/diffusion,synthetic,X_C,code,valid,real,1,code,math,description,trajectory,1,burgers,explicit,,528,298,-230,762,762,0,3,4,10x300x1x1,10x201x1x1,10x64x1x1,0.0083,0,0,0,0
Burgers_7|X_D|obfuscated|0,Burgers_7,burgers,explicit,advection/diffusion,synthetic,X_D,description,valid,obfuscated,0,math,code,description,trajectory,3,burgers,explicit,,528,298,-230,762,762,0,3,4,10x300x1x1,10x201x1x1,10x64x1x1,0.0083,0,0,0,0
Burgers_7|X_D|obfuscated|1,Burgers_7,burgers,explicit,advection/diffusion,synthetic,X_D,description,valid,obfuscated,1,description,code,trajectory,math,1,burgers,explicit,,528,298,-230,762,762,0,3,4,10x300x1x1,10x201x1x1,10x64x1x1,0.0083,0,0,0,0
Burgers_7|X_D|real|0,Burgers_7,burgers,explicit,advection/diffusion,synthetic,X_D,description,valid,real,0,math,code,description,trajectory,3,burgers,explicit,,528,298,-230,762,762,0,3,4,10x300x1x1,10x201x1x1,10x64x1x1,0.0083,0,0,0,0
Burgers_7|X_D|real|1,Burgers_7,burgers,explicit,advection/diffusion,synthetic,X_D,description,valid,real,1,description,code,trajectory,math,1,burgers,explicit,,528,298,-230,762,762,0,3,4,10x300x1x1,10x201x1x1,10x64x1x1,0.0083,0,0,0,0
Burgers_7|X_M|obfuscated|0,Burgers_7,burgers,explicit,advection/diffusion,synthetic,X_M,math,valid,obfuscated,0,code,description,math,trajectory,3,burgers,explicit,,528,298,-230,762,762,0,3,4,10x300x1x1,10x201x1x1,10x64x1x1,0.0083,0,0,0,0
Burgers_7|X_M|obfuscated|1,Burgers_7,burgers,explicit,advection/diffusion,synthetic,X_M,math,valid,obfuscated,1,math,description,trajectory,code,1,burgers,explicit,,528,298,-230,762,762,0,3,4,10x300x1x1,10x201x1x1,10x64x1x1,0.0083,0,0,0,0
Burgers_7|X_M|real|0,Burgers_7,burgers,explicit,advection/diffusion,synthetic,X_M,math,valid,real,0,code,description,math,trajectory,3,burgers,explicit,,528,298,-230,762,762,0,3,4,10x300x1x1,10x201x1x1,10x64x1x1,0.0083,0,0,0,0
Burgers_7|X_M|real|1,Burgers_7,burgers,explicit,advection/diffusion,synthetic,X_M,math,valid,real,1,math,description,trajectory,code,1,burgers,explicit,,528,298,-230,762,762,0,3,4,10x300x1x1,10x201x1x1,10x64x1x1,0.0083,0,0,0,0
Burgers_7|X_T_exec|obfuscated|0,Burgers_7,burgers,explicit,advection/diffusion,synthetic,X_T_exec,trajectory,T_exec,obfuscated,0,code,description,trajectory,math,3,burgers,explicit,,528,298,-230,762,762,0,3,4,10x300x1x1,10x201x1x1,10x64x1x1,0.0083,0,0,0,1
Burgers_7|X_T_exec|obfuscated|1,Burgers_7,burgers,explicit,advection/diffusion,synthetic,X_T_exec,trajectory,T_exec,obfuscated,1,trajectory,math,code,description,1,burgers,explicit,,528,298,-230,762,762,0,3,4,10x300x1x1,10x201x1x1,10x64x1x1,0.0083,0,0,0,1
Burgers_7|X_T_exec|real|0,Burgers_7,burgers,explicit,advection/diffusion,synthetic,X_T_exec,trajectory,T_exec,real,0,code,description,trajectory,math,3,burgers,explicit,,528,298,-230,762,762,0,3,4,10x300x1x1,10x201x1x1,10x64x1x1,0.0083,0,0,0,1
Burgers_7|X_T_exec|real|1,Burgers_7,burgers,explicit,advection/diffusion,synthetic,X_T_exec,trajectory,T_exec,real,1,trajectory,math,code,description,1,burgers,explicit,,528,298,-230,762,762,0,3,4,10x300x1x1,10x201x1x1,10x64x1x1,0.0083,0,0,0,1
Burgers_7|X_T_rand|obfuscated|0,Burgers_7,burgers,explicit,advection/diffusion,synthetic,X_T_rand,trajectory,T_rand,obfuscated,0,description,code,trajectory,math,3,burgers,explicit,,528,298,-230,762,762,0,3,4,10x300x1x1,10x201x1x1,10x64x1x1,0.0083,0,0,0,0
Burgers_7|X_T_rand|obfuscated|1,Burgers_7,burgers,explicit,advection/diffusion,synthetic,X_T_rand,trajectory,T_rand,obfuscated,1,trajectory,math,description,code,1,burgers,explicit,,528,298,-230,762,762,0,3,4,10x300x1x1,10x201x1x1,10x64x1x1,0.0083,0,0,0,0
Burgers_7|X_T_rand|real|0,Burgers_7,burgers,explicit,advection/diffusion,synthetic,X_T_rand,trajectory,T_rand,real,0,description,code,trajectory,math,3,burgers,explicit,,528,298,-230,762,762,0,3,4,10x300x1x1,10x201x1x1,10x64x1x1,0.0083,0,0,0,0
Burgers_7|X_T_rand|real|1,Burgers_7,burgers,explicit,advection/diffusion,synthetic,X_T_rand,trajectory,T_rand,real,1,trajectory,math,description,code,1,burgers,explicit,,528,298,-230,762,762,0,3,4,10x300x1x1,10x201x1x1,10x64x1x1,0.0083,0,0,0,0
Burgers_7|X_T_shuf|obfuscated|0,Burgers_7,burgers,explicit,advection/diffusion,synthetic,X_T_shuf,trajectory,T_shuf,obfuscated,0,math,description,trajectory,code,3,burgers,explicit,,528,298,-230,762,762,0,3,4,10x300x1x1,10x201x1x1,10x64x1x1,0.0083,0,0,0,0
Burgers_7|X_T_shuf|obfuscated|1,Burgers_7,burgers,explicit,advection/diffusion,synthetic,X_T_shuf,trajectory,T_shuf,obfuscated,1,trajectory,description,code,math,1,burgers,explicit,,528,298,-230,762,762,0,3,4,10x300x1x1,10x201x1x1,10x64x1x1,0.0083,0,0,0,0
Burgers_7|X_T_shuf|real|0,Burgers_7,burgers,explicit,advection/diffusion,synthetic,X_T_shuf,trajectory,T_shuf,real,0,math,description,trajectory,code,3,burgers,explicit,,528,298,-230,762,762,0,3,4,10x300x1x1,10x201x1x1,10x64x1x1,0.0083,0,0,0,0
Burgers_7|X_T_shuf|real|1,Burgers_7,burgers,explicit,advection/diffusion,synthetic,X_T_shuf,trajectory,T_shuf,real,1,trajectory,description,code,math,1,burgers,explicit,,528,298,-230,762,762,0,3,4,10x300x1x1,10x201x1x1,10x64x1x1,0.0083,0,0,0,0
Burgers_7|X_T_swap|obfuscated|0,Burgers_7,burgers,explicit,advection/diffusion,synthetic,X_T_swap,trajectory,T_swap,obfuscated,0,math,code,trajectory,description,3,burgers,explicit,,528,298,-230,762,762,0,3,4,10x300x1x1,10x201x1x1,10x64x1x1,0.0083,0,0,0,0
Burgers_7|X_T_swap|obfuscated|1,Burgers_7,burgers,explicit,advection/diffusion,synthetic,X_T_swap,trajectory,T_swap,obfuscated,1,trajectory,code,math,description,1,burgers,explicit,,528,298,-230,762,762,0,3,4,10x300x1x1,10x201x1x1,10x64x1x1,0.0083,0,0,0,0
Burgers_7|X_T_swap|real|0,Burgers_7,burgers,explicit,advection/diffusion,synthetic,X_T_swap,trajectory,T_swap,real,0,math,code,trajectory,description,3,burgers,explicit,,528,298,-230,762,762,0,3,4,10x300x1x1,10x201x1x1,10x64x1x1,0.0083,0,0,0,0
Burgers_7|X_T_swap|real|1,Burgers_7,burgers,explicit,advection/diffusion,synthetic,X_T_swap,trajectory,T_swap,real,1,trajectory,code,math,description,1,burgers,explicit,,528,298,-230,762,762,0,3,4,10x300x1x1,10x201x1x1,10x64x1x1,0.0083,0,0,0,0
Burgers_8|A0|obfuscated|0,Burgers_8,burgers,explicit,advection/diffusion,synthetic,A0,none,valid,obfuscated,0,description,code,math,trajectory,,burgers,explicit,,561,362,-199,1311,1311,0,5,5,10x101x101x2,10x101x101x1,10x10x10x2,0.1137,0,0,0,0
Burgers_8|A0|obfuscated|1,Burgers_8,burgers,explicit,advection/diffusion,synthetic,A0,none,valid,obfuscated,1,code,description,trajectory,math,,burgers,explicit,,561,362,-199,1311,1311,0,5,5,10x101x101x2,10x101x101x1,10x10x10x2,0.1137,0,0,0,0
Burgers_8|A0|real|0,Burgers_8,burgers,explicit,advection/diffusion,synthetic,A0,none,valid,real,0,description,code,math,trajectory,,burgers,explicit,,561,362,-199,1311,1311,0,5,5,10x101x101x2,10x101x101x1,10x10x10x2,0.1137,0,0,0,0
Burgers_8|A0|real|1,Burgers_8,burgers,explicit,advection/diffusion,synthetic,A0,none,valid,real,1,code,description,trajectory,math,,burgers,explicit,,561,362,-199,1311,1311,0,5,5,10x101x101x2,10x101x101x1,10x10x10x2,0.1137,0,0,0,0
Burgers_8|X_C|obfuscated|0,Burgers_8,burgers,explicit,advection/diffusion,synthetic,X_C,code,valid,obfuscated,0,description,trajectory,math,code,4,burgers,explicit,,561,362,-199,1311,1311,0,5,5,10x101x101x2,10x101x101x1,10x10x10x2,0.1137,0,0,0,0
Burgers_8|X_C|obfuscated|1,Burgers_8,burgers,explicit,advection/diffusion,synthetic,X_C,code,valid,obfuscated,1,description,code,trajectory,math,2,burgers,explicit,,561,362,-199,1311,1311,0,5,5,10x101x101x2,10x101x101x1,10x10x10x2,0.1137,0,0,0,0
Burgers_8|X_C|real|0,Burgers_8,burgers,explicit,advection/diffusion,synthetic,X_C,code,valid,real,0,description,trajectory,math,code,4,burgers,explicit,,561,362,-199,1311,1311,0,5,5,10x101x101x2,10x101x101x1,10x10x10x2,0.1137,0,0,0,0
Burgers_8|X_C|real|1,Burgers_8,burgers,explicit,advection/diffusion,synthetic,X_C,code,valid,real,1,description,code,trajectory,math,2,burgers,explicit,,561,362,-199,1311,1311,0,5,5,10x101x101x2,10x101x101x1,10x10x10x2,0.1137,0,0,0,0
Burgers_8|X_D|obfuscated|0,Burgers_8,burgers,explicit,advection/diffusion,synthetic,X_D,description,valid,obfuscated,0,trajectory,code,math,description,4,burgers,explicit,,561,362,-199,1311,1311,0,5,5,10x101x101x2,10x101x101x1,10x10x10x2,0.1137,0,0,0,0
Burgers_8|X_D|obfuscated|1,Burgers_8,burgers,explicit,advection/diffusion,synthetic,X_D,description,valid,obfuscated,1,trajectory,description,code,math,2,burgers,explicit,,561,362,-199,1311,1311,0,5,5,10x101x101x2,10x101x101x1,10x10x10x2,0.1137,0,0,0,0
Burgers_8|X_D|real|0,Burgers_8,burgers,explicit,advection/diffusion,synthetic,X_D,description,valid,real,0,trajectory,code,math,description,4,burgers,explicit,,561,362,-199,1311,1311,0,5,5,10x101x101x2,10x101x101x1,10x10x10x2,0.1137,0,0,0,0
Burgers_8|X_D|real|1,Burgers_8,burgers,explicit,advection/diffusion,synthetic,X_D,description,valid,real,1,trajectory,description,code,math,2,burgers,explicit,,561,362,-199,1311,1311,0,5,5,10x101x101x2,10x101x101x1,10x10x10x2,0.1137,0,0,0,0
Burgers_8|X_M|obfuscated|0,Burgers_8,burgers,explicit,advection/diffusion,synthetic,X_M,math,valid,obfuscated,0,description,code,trajectory,math,4,burgers,explicit,,561,362,-199,1311,1311,0,5,5,10x101x101x2,10x101x101x1,10x10x10x2,0.1137,0,0,0,0
Burgers_8|X_M|obfuscated|1,Burgers_8,burgers,explicit,advection/diffusion,synthetic,X_M,math,valid,obfuscated,1,trajectory,math,code,description,2,burgers,explicit,,561,362,-199,1311,1311,0,5,5,10x101x101x2,10x101x101x1,10x10x10x2,0.1137,0,0,0,0
Burgers_8|X_M|real|0,Burgers_8,burgers,explicit,advection/diffusion,synthetic,X_M,math,valid,real,0,description,code,trajectory,math,4,burgers,explicit,,561,362,-199,1311,1311,0,5,5,10x101x101x2,10x101x101x1,10x10x10x2,0.1137,0,0,0,0
Burgers_8|X_M|real|1,Burgers_8,burgers,explicit,advection/diffusion,synthetic,X_M,math,valid,real,1,trajectory,math,code,description,2,burgers,explicit,,561,362,-199,1311,1311,0,5,5,10x101x101x2,10x101x101x1,10x10x10x2,0.1137,0,0,0,0
Burgers_8|X_T_exec|obfuscated|0,Burgers_8,burgers,explicit,advection/diffusion,synthetic,X_T_exec,trajectory,T_exec,obfuscated,0,math,description,code,trajectory,4,burgers,explicit,,561,362,-199,1311,1311,0,5,5,10x101x101x2,10x101x101x1,10x10x10x2,0.1137,0,0,0,1
Burgers_8|X_T_exec|obfuscated|1,Burgers_8,burgers,explicit,advection/diffusion,synthetic,X_T_exec,trajectory,T_exec,obfuscated,1,math,trajectory,description,code,2,burgers,explicit,,561,362,-199,1311,1311,0,5,5,10x101x101x2,10x101x101x1,10x10x10x2,0.1137,0,0,0,1
Burgers_8|X_T_exec|real|0,Burgers_8,burgers,explicit,advection/diffusion,synthetic,X_T_exec,trajectory,T_exec,real,0,math,description,code,trajectory,4,burgers,explicit,,561,362,-199,1311,1311,0,5,5,10x101x101x2,10x101x101x1,10x10x10x2,0.1137,0,0,0,1
Burgers_8|X_T_exec|real|1,Burgers_8,burgers,explicit,advection/diffusion,synthetic,X_T_exec,trajectory,T_exec,real,1,math,trajectory,description,code,2,burgers,explicit,,561,362,-199,1311,1311,0,5,5,10x101x101x2,10x101x101x1,10x10x10x2,0.1137,0,0,0,1
Burgers_8|X_T_rand|obfuscated|0,Burgers_8,burgers,explicit,advection/diffusion,synthetic,X_T_rand,trajectory,T_rand,obfuscated,0,math,code,description,trajectory,4,burgers,explicit,,561,362,-199,1311,1311,0,5,5,10x101x101x2,10x101x101x1,10x10x10x2,0.1137,0,0,0,0
Burgers_8|X_T_rand|obfuscated|1,Burgers_8,burgers,explicit,advection/diffusion,synthetic,X_T_rand,trajectory,T_rand,obfuscated,1,code,trajectory,description,math,2,burgers,explicit,,561,362,-199,1311,1311,0,5,5,10x101x101x2,10x101x101x1,10x10x10x2,0.1137,0,0,0,0
Burgers_8|X_T_rand|real|0,Burgers_8,burgers,explicit,advection/diffusion,synthetic,X_T_rand,trajectory,T_rand,real,0,math,code,description,trajectory,4,burgers,explicit,,561,362,-199,1311,1311,0,5,5,10x101x101x2,10x101x101x1,10x10x10x2,0.1137,0,0,0,0
Burgers_8|X_T_rand|real|1,Burgers_8,burgers,explicit,advection/diffusion,synthetic,X_T_rand,trajectory,T_rand,real,1,code,trajectory,description,math,2,burgers,explicit,,561,362,-199,1311,1311,0,5,5,10x101x101x2,10x101x101x1,10x10x10x2,0.1137,0,0,0,0
Burgers_8|X_T_shuf|obfuscated|0,Burgers_8,burgers,explicit,advection/diffusion,synthetic,X_T_shuf,trajectory,T_shuf,obfuscated,0,code,description,math,trajectory,4,burgers,explicit,,561,362,-199,1311,1311,0,5,5,10x101x101x2,10x101x101x1,10x10x10x2,0.1137,0,0,0,0
Burgers_8|X_T_shuf|obfuscated|1,Burgers_8,burgers,explicit,advection/diffusion,synthetic,X_T_shuf,trajectory,T_shuf,obfuscated,1,math,trajectory,description,code,2,burgers,explicit,,561,362,-199,1311,1311,0,5,5,10x101x101x2,10x101x101x1,10x10x10x2,0.1137,0,0,0,0
Burgers_8|X_T_shuf|real|0,Burgers_8,burgers,explicit,advection/diffusion,synthetic,X_T_shuf,trajectory,T_shuf,real,0,code,description,math,trajectory,4,burgers,explicit,,561,362,-199,1311,1311,0,5,5,10x101x101x2,10x101x101x1,10x10x10x2,0.1137,0,0,0,0
Burgers_8|X_T_shuf|real|1,Burgers_8,burgers,explicit,advection/diffusion,synthetic,X_T_shuf,trajectory,T_shuf,real,1,math,trajectory,description,code,2,burgers,explicit,,561,362,-199,1311,1311,0,5,5,10x101x101x2,10x101x101x1,10x10x10x2,0.1137,0,0,0,0
Burgers_8|X_T_swap|obfuscated|0,Burgers_8,burgers,explicit,advection/diffusion,synthetic,X_T_swap,trajectory,T_swap,obfuscated,0,description,math,code,trajectory,4,burgers,explicit,,561,362,-199,1311,1311,0,5,5,10x101x101x2,10x101x101x1,10x10x10x2,0.1137,0,0,0,0
Burgers_8|X_T_swap|obfuscated|1,Burgers_8,burgers,explicit,advection/diffusion,synthetic,X_T_swap,trajectory,T_swap,obfuscated,1,math,trajectory,code,description,2,burgers,explicit,,561,362,-199,1311,1311,0,5,5,10x101x101x2,10x101x101x1,10x10x10x2,0.1137,0,0,0,0
Burgers_8|X_T_swap|real|0,Burgers_8,burgers,explicit,advection/diffusion,synthetic,X_T_swap,trajectory,T_swap,real,0,description,math,code,trajectory,4,burgers,explicit,,561,362,-199,1311,1311,0,5,5,10x101x101x2,10x101x101x1,10x10x10x2,0.1137,0,0,0,0
Burgers_8|X_T_swap|real|1,Burgers_8,burgers,explicit,advection/diffusion,synthetic,X_T_swap,trajectory,T_swap,real,1,math,trajectory,code,description,2,burgers,explicit,,561,362,-199,1311,1311,0,5,5,10x101x101x2,10x101x101x1,10x10x10x2,0.1137,0,0,0,0
Heat_1|A0|obfuscated|0,Heat_1,heat,explicit,diffusion,human,A0,none,valid,obfuscated,0,code,trajectory,math,description,,heat,explicit,,705,499,-206,774,780,6,9,14,10x100x1x1,10x201x1x1,10x64x1x1,0.0079,0,0,1,0
Heat_1|A0|obfuscated|1,Heat_1,heat,explicit,diffusion,human,A0,none,valid,obfuscated,1,code,math,description,trajectory,,heat,explicit,,705,499,-206,774,780,6,9,14,10x100x1x1,10x201x1x1,10x64x1x1,0.0079,0,0,1,0
Heat_1|A0|real|0,Heat_1,heat,explicit,diffusion,human,A0,none,valid,real,0,code,trajectory,math,description,,heat,explicit,,705,499,-206,774,780,6,9,14,10x100x1x1,10x201x1x1,10x64x1x1,0.0079,0,0,1,0
Heat_1|A0|real|1,Heat_1,heat,explicit,diffusion,human,A0,none,valid,real,1,code,math,description,trajectory,,heat,explicit,,705,499,-206,774,780,6,9,14,10x100x1x1,10x201x1x1,10x64x1x1,0.0079,0,0,1,0
Heat_1|X_C|obfuscated|0,Heat_1,heat,explicit,diffusion,human,X_C,code,valid,obfuscated,0,code,trajectory,math,description,1,heat,explicit,,705,499,-206,774,780,6,9,14,10x100x1x1,10x201x1x1,10x64x1x1,0.0079,0,0,1,0
Heat_1|X_C|obfuscated|1,Heat_1,heat,explicit,diffusion,human,X_C,code,valid,obfuscated,1,description,math,code,trajectory,3,heat,explicit,,705,499,-206,774,780,6,9,14,10x100x1x1,10x201x1x1,10x64x1x1,0.0079,0,0,1,0
Heat_1|X_C|real|0,Heat_1,heat,explicit,diffusion,human,X_C,code,valid,real,0,code,trajectory,math,description,1,heat,explicit,,705,499,-206,774,780,6,9,14,10x100x1x1,10x201x1x1,10x64x1x1,0.0079,0,0,1,0
Heat_1|X_C|real|1,Heat_1,heat,explicit,diffusion,human,X_C,code,valid,real,1,description,math,code,trajectory,3,heat,explicit,,705,499,-206,774,780,6,9,14,10x100x1x1,10x201x1x1,10x64x1x1,0.0079,0,0,1,0
Heat_1|X_D|obfuscated|0,Heat_1,heat,explicit,diffusion,human,X_D,description,valid,obfuscated,0,description,code,math,trajectory,1,heat,explicit,,705,499,-206,774,780,6,9,14,10x100x1x1,10x201x1x1,10x64x1x1,0.0079,0,0,1,0
Heat_1|X_D|obfuscated|1,Heat_1,heat,explicit,diffusion,human,X_D,description,valid,obfuscated,1,math,code,description,trajectory,3,heat,explicit,,705,499,-206,774,780,6,9,14,10x100x1x1,10x201x1x1,10x64x1x1,0.0079,0,0,1,0
Heat_1|X_D|real|0,Heat_1,heat,explicit,diffusion,human,X_D,description,valid,real,0,description,code,math,trajectory,1,heat,explicit,,705,499,-206,774,780,6,9,14,10x100x1x1,10x201x1x1,10x64x1x1,0.0079,0,0,1,0
Heat_1|X_D|real|1,Heat_1,heat,explicit,diffusion,human,X_D,description,valid,real,1,math,code,description,trajectory,3,heat,explicit,,705,499,-206,774,780,6,9,14,10x100x1x1,10x201x1x1,10x64x1x1,0.0079,0,0,1,0
Heat_1|X_M|obfuscated|0,Heat_1,heat,explicit,diffusion,human,X_M,math,valid,obfuscated,0,math,code,description,trajectory,1,heat,explicit,,705,499,-206,774,780,6,9,14,10x100x1x1,10x201x1x1,10x64x1x1,0.0079,0,0,1,0
Heat_1|X_M|obfuscated|1,Heat_1,heat,explicit,diffusion,human,X_M,math,valid,obfuscated,1,code,description,math,trajectory,3,heat,explicit,,705,499,-206,774,780,6,9,14,10x100x1x1,10x201x1x1,10x64x1x1,0.0079,0,0,1,0
Heat_1|X_M|real|0,Heat_1,heat,explicit,diffusion,human,X_M,math,valid,real,0,math,code,description,trajectory,1,heat,explicit,,705,499,-206,774,780,6,9,14,10x100x1x1,10x201x1x1,10x64x1x1,0.0079,0,0,1,0
Heat_1|X_M|real|1,Heat_1,heat,explicit,diffusion,human,X_M,math,valid,real,1,code,description,math,trajectory,3,heat,explicit,,705,499,-206,774,780,6,9,14,10x100x1x1,10x201x1x1,10x64x1x1,0.0079,0,0,1,0
Heat_1|X_T_exec|obfuscated|0,Heat_1,heat,explicit,diffusion,human,X_T_exec,trajectory,T_exec,obfuscated,0,trajectory,description,math,code,1,heat,explicit,,705,499,-206,774,780,6,9,14,10x100x1x1,10x201x1x1,10x64x1x1,0.0079,0,0,1,1
Heat_1|X_T_exec|obfuscated|1,Heat_1,heat,explicit,diffusion,human,X_T_exec,trajectory,T_exec,obfuscated,1,math,code,trajectory,description,3,heat,explicit,,705,499,-206,774,780,6,9,14,10x100x1x1,10x201x1x1,10x64x1x1,0.0079,0,0,1,1
Heat_1|X_T_exec|real|0,Heat_1,heat,explicit,diffusion,human,X_T_exec,trajectory,T_exec,real,0,trajectory,description,math,code,1,heat,explicit,,705,499,-206,774,780,6,9,14,10x100x1x1,10x201x1x1,10x64x1x1,0.0079,0,0,1,1
Heat_1|X_T_exec|real|1,Heat_1,heat,explicit,diffusion,human,X_T_exec,trajectory,T_exec,real,1,math,code,trajectory,description,3,heat,explicit,,705,499,-206,774,780,6,9,14,10x100x1x1,10x201x1x1,10x64x1x1,0.0079,0,0,1,1
Heat_1|X_T_rand|obfuscated|0,Heat_1,heat,explicit,diffusion,human,X_T_rand,trajectory,T_rand,obfuscated,0,trajectory,math,description,code,1,heat,explicit,,705,499,-206,774,780,6,9,14,10x100x1x1,10x201x1x1,10x64x1x1,0.0079,0,0,1,0
Heat_1|X_T_rand|obfuscated|1,Heat_1,heat,explicit,diffusion,human,X_T_rand,trajectory,T_rand,obfuscated,1,math,code,trajectory,description,3,heat,explicit,,705,499,-206,774,780,6,9,14,10x100x1x1,10x201x1x1,10x64x1x1,0.0079,0,0,1,0
Heat_1|X_T_rand|real|0,Heat_1,heat,explicit,diffusion,human,X_T_rand,trajectory,T_rand,real,0,trajectory,math,description,code,1,heat,explicit,,705,499,-206,774,780,6,9,14,10x100x1x1,10x201x1x1,10x64x1x1,0.0079,0,0,1,0
Heat_1|X_T_rand|real|1,Heat_1,heat,explicit,diffusion,human,X_T_rand,trajectory,T_rand,real,1,math,code,trajectory,description,3,heat,explicit,,705,499,-206,774,780,6,9,14,10x100x1x1,10x201x1x1,10x64x1x1,0.0079,0,0,1,0
Heat_1|X_T_shuf|obfuscated|0,Heat_1,heat,explicit,diffusion,human,X_T_shuf,trajectory,T_shuf,obfuscated,0,trajectory,description,math,code,1,heat,explicit,,705,499,-206,774,780,6,9,14,10x100x1x1,10x201x1x1,10x64x1x1,0.0079,0,0,1,0
Heat_1|X_T_shuf|obfuscated|1,Heat_1,heat,explicit,diffusion,human,X_T_shuf,trajectory,T_shuf,obfuscated,1,description,math,trajectory,code,3,heat,explicit,,705,499,-206,774,780,6,9,14,10x100x1x1,10x201x1x1,10x64x1x1,0.0079,0,0,1,0
Heat_1|X_T_shuf|real|0,Heat_1,heat,explicit,diffusion,human,X_T_shuf,trajectory,T_shuf,real,0,trajectory,description,math,code,1,heat,explicit,,705,499,-206,774,780,6,9,14,10x100x1x1,10x201x1x1,10x64x1x1,0.0079,0,0,1,0
Heat_1|X_T_shuf|real|1,Heat_1,heat,explicit,diffusion,human,X_T_shuf,trajectory,T_shuf,real,1,description,math,trajectory,code,3,heat,explicit,,705,499,-206,774,780,6,9,14,10x100x1x1,10x201x1x1,10x64x1x1,0.0079,0,0,1,0
Heat_1|X_T_swap|obfuscated|0,Heat_1,heat,explicit,diffusion,human,X_T_swap,trajectory,T_swap,obfuscated,0,trajectory,math,description,code,1,heat,explicit,,705,499,-206,774,780,6,9,14,10x100x1x1,10x201x1x1,10x64x1x1,0.0079,0,0,1,0
Heat_1|X_T_swap|obfuscated|1,Heat_1,heat,explicit,diffusion,human,X_T_swap,trajectory,T_swap,obfuscated,1,math,description,trajectory,code,3,heat,explicit,,705,499,-206,774,780,6,9,14,10x100x1x1,10x201x1x1,10x64x1x1,0.0079,0,0,1,0
Heat_1|X_T_swap|real|0,Heat_1,heat,explicit,diffusion,human,X_T_swap,trajectory,T_swap,real,0,trajectory,math,description,code,1,heat,explicit,,705,499,-206,774,780,6,9,14,10x100x1x1,10x201x1x1,10x64x1x1,0.0079,0,0,1,0
Heat_1|X_T_swap|real|1,Heat_1,heat,explicit,diffusion,human,X_T_swap,trajectory,T_swap,real,1,math,description,trajectory,code,3,heat,explicit,,705,499,-206,774,780,6,9,14,10x100x1x1,10x201x1x1,10x64x1x1,0.0079,0,0,1,0
Heat_2|A0|obfuscated|0,Heat_2,heat,explicit/implicit,diffusion,human,A0,none,valid,obfuscated,0,description,math,code,trajectory,,heat,explicit/implicit,,779,590,-189,778,784,6,10,15,10x100x1x1,10x300x1x1,10x64x1x1,0.0033,0,0,0,0
Heat_2|A0|obfuscated|1,Heat_2,heat,explicit/implicit,diffusion,human,A0,none,valid,obfuscated,1,description,math,trajectory,code,,heat,explicit/implicit,,779,590,-189,778,784,6,10,15,10x100x1x1,10x300x1x1,10x64x1x1,0.0033,0,0,0,0
Heat_2|A0|real|0,Heat_2,heat,explicit/implicit,diffusion,human,A0,none,valid,real,0,description,math,code,trajectory,,heat,explicit/implicit,,779,590,-189,778,784,6,10,15,10x100x1x1,10x300x1x1,10x64x1x1,0.0033,0,0,0,0
Heat_2|A0|real|1,Heat_2,heat,explicit/implicit,diffusion,human,A0,none,valid,real,1,description,math,trajectory,code,,heat,explicit/implicit,,779,590,-189,778,784,6,10,15,10x100x1x1,10x300x1x1,10x64x1x1,0.0033,0,0,0,0
Heat_2|X_C|obfuscated|0,Heat_2,heat,explicit/implicit,diffusion,human,X_C,code,valid,obfuscated,0,math,code,trajectory,description,2,heat,explicit/implicit,,779,590,-189,778,784,6,10,15,10x100x1x1,10x300x1x1,10x64x1x1,0.0033,0,0,0,0
Heat_2|X_C|obfuscated|1,Heat_2,heat,explicit/implicit,diffusion,human,X_C,code,valid,obfuscated,1,description,math,trajectory,code,4,heat,explicit/implicit,,779,590,-189,778,784,6,10,15,10x100x1x1,10x300x1x1,10x64x1x1,0.0033,0,0,0,0
Heat_2|X_C|real|0,Heat_2,heat,explicit/implicit,diffusion,human,X_C,code,valid,real,0,math,code,trajectory,description,2,heat,explicit/implicit,,779,590,-189,778,784,6,10,15,10x100x1x1,10x300x1x1,10x64x1x1,0.0033,0,0,0,0
Heat_2|X_C|real|1,Heat_2,heat,explicit/implicit,diffusion,human,X_C,code,valid,real,1,description,math,trajectory,code,4,heat,explicit/implicit,,779,590,-189,778,784,6,10,15,10x100x1x1,10x300x1x1,10x64x1x1,0.0033,0,0,0,0
Heat_2|X_D|obfuscated|0,Heat_2,heat,explicit/implicit,diffusion,human,X_D,description,valid,obfuscated,0,trajectory,description,code,math,2,heat,explicit/implicit,,779,590,-189,778,784,6,10,15,10x100x1x1,10x300x1x1,10x64x1x1,0.0033,0,0,0,0
Heat_2|X_D|obfuscated|1,Heat_2,heat,explicit/implicit,diffusion,human,X_D,description,valid,obfuscated,1,code,trajectory,math,description,4,heat,explicit/implicit,,779,590,-189,778,784,6,10,15,10x100x1x1,10x300x1x1,10x64x1x1,0.0033,0,0,0,0
Heat_2|X_D|real|0,Heat_2,heat,explicit/implicit,diffusion,human,X_D,description,valid,real,0,trajectory,description,code,math,2,heat,explicit/implicit,,779,590,-189,778,784,6,10,15,10x100x1x1,10x300x1x1,10x64x1x1,0.0033,0,0,0,0
Heat_2|X_D|real|1,Heat_2,heat,explicit/implicit,diffusion,human,X_D,description,valid,real,1,code,trajectory,math,description,4,heat,explicit/implicit,,779,590,-189,778,784,6,10,15,10x100x1x1,10x300x1x1,10x64x1x1,0.0033,0,0,0,0
Heat_2|X_M|obfuscated|0,Heat_2,heat,explicit/implicit,diffusion,human,X_M,math,valid,obfuscated,0,trajectory,math,description,code,2,heat,explicit/implicit,,779,590,-189,778,784,6,10,15,10x100x1x1,10x300x1x1,10x64x1x1,0.0033,0,0,0,0
Heat_2|X_M|obfuscated|1,Heat_2,heat,explicit/implicit,diffusion,human,X_M,math,valid,obfuscated,1,code,trajectory,description,math,4,heat,explicit/implicit,,779,590,-189,778,784,6,10,15,10x100x1x1,10x300x1x1,10x64x1x1,0.0033,0,0,0,0
Heat_2|X_M|real|0,Heat_2,heat,explicit/implicit,diffusion,human,X_M,math,valid,real,0,trajectory,math,description,code,2,heat,explicit/implicit,,779,590,-189,778,784,6,10,15,10x100x1x1,10x300x1x1,10x64x1x1,0.0033,0,0,0,0
Heat_2|X_M|real|1,Heat_2,heat,explicit/implicit,diffusion,human,X_M,math,valid,real,1,code,trajectory,description,math,4,heat,explicit/implicit,,779,590,-189,778,784,6,10,15,10x100x1x1,10x300x1x1,10x64x1x1,0.0033,0,0,0,0
Heat_2|X_T_exec|obfuscated|0,Heat_2,heat,explicit/implicit,diffusion,human,X_T_exec,trajectory,T_exec,obfuscated,0,description,trajectory,math,code,2,heat,explicit/implicit,,779,590,-189,778,784,6,10,15,10x100x1x1,10x300x1x1,10x64x1x1,0.0033,0,0,0,1
Heat_2|X_T_exec|obfuscated|1,Heat_2,heat,explicit/implicit,diffusion,human,X_T_exec,trajectory,T_exec,obfuscated,1,code,description,math,trajectory,4,heat,explicit/implicit,,779,590,-189,778,784,6,10,15,10x100x1x1,10x300x1x1,10x64x1x1,0.0033,0,0,0,1
Heat_2|X_T_exec|real|0,Heat_2,heat,explicit/implicit,diffusion,human,X_T_exec,trajectory,T_exec,real,0,description,trajectory,math,code,2,heat,explicit/implicit,,779,590,-189,778,784,6,10,15,10x100x1x1,10x300x1x1,10x64x1x1,0.0033,0,0,0,1
Heat_2|X_T_exec|real|1,Heat_2,heat,explicit/implicit,diffusion,human,X_T_exec,trajectory,T_exec,real,1,code,description,math,trajectory,4,heat,explicit/implicit,,779,590,-189,778,784,6,10,15,10x100x1x1,10x300x1x1,10x64x1x1,0.0033,0,0,0,1
Heat_2|X_T_rand|obfuscated|0,Heat_2,heat,explicit/implicit,diffusion,human,X_T_rand,trajectory,T_rand,obfuscated,0,description,trajectory,math,code,2,heat,explicit/implicit,,779,590,-189,778,784,6,10,15,10x100x1x1,10x300x1x1,10x64x1x1,0.0033,0,0,0,0
Heat_2|X_T_rand|obfuscated|1,Heat_2,heat,explicit/implicit,diffusion,human,X_T_rand,trajectory,T_rand,obfuscated,1,math,code,description,trajectory,4,heat,explicit/implicit,,779,590,-189,778,784,6,10,15,10x100x1x1,10x300x1x1,10x64x1x1,0.0033,0,0,0,0
Heat_2|X_T_rand|real|0,Heat_2,heat,explicit/implicit,diffusion,human,X_T_rand,trajectory,T_rand,real,0,description,trajectory,math,code,2,heat,explicit/implicit,,779,590,-189,778,784,6,10,15,10x100x1x1,10x300x1x1,10x64x1x1,0.0033,0,0,0,0
Heat_2|X_T_rand|real|1,Heat_2,heat,explicit/implicit,diffusion,human,X_T_rand,trajectory,T_rand,real,1,math,code,description,trajectory,4,heat,explicit/implicit,,779,590,-189,778,784,6,10,15,10x100x1x1,10x300x1x1,10x64x1x1,0.0033,0,0,0,0
Heat_2|X_T_shuf|obfuscated|0,Heat_2,heat,explicit/implicit,diffusion,human,X_T_shuf,trajectory,T_shuf,obfuscated,0,description,trajectory,math,code,2,heat,explicit/implicit,,779,590,-189,778,784,6,10,15,10x100x1x1,10x300x1x1,10x64x1x1,0.0033,0,0,0,0
Heat_2|X_T_shuf|obfuscated|1,Heat_2,heat,explicit/implicit,diffusion,human,X_T_shuf,trajectory,T_shuf,obfuscated,1,math,code,description,trajectory,4,heat,explicit/implicit,,779,590,-189,778,784,6,10,15,10x100x1x1,10x300x1x1,10x64x1x1,0.0033,0,0,0,0
Heat_2|X_T_shuf|real|0,Heat_2,heat,explicit/implicit,diffusion,human,X_T_shuf,trajectory,T_shuf,real,0,description,trajectory,math,code,2,heat,explicit/implicit,,779,590,-189,778,784,6,10,15,10x100x1x1,10x300x1x1,10x64x1x1,0.0033,0,0,0,0
Heat_2|X_T_shuf|real|1,Heat_2,heat,explicit/implicit,diffusion,human,X_T_shuf,trajectory,T_shuf,real,1,math,code,description,trajectory,4,heat,explicit/implicit,,779,590,-189,778,784,6,10,15,10x100x1x1,10x300x1x1,10x64x1x1,0.0033,0,0,0,0
Heat_2|X_T_swap|obfuscated|0,Heat_2,heat,explicit/implicit,diffusion,human,X_T_swap,trajectory,T_swap,obfuscated,0,code,trajectory,description,math,2,heat,explicit/implicit,,779,590,-189,778,784,6,10,15,10x100x1x1,10x300x1x1,10x64x1x1,0.0033,0,0,0,0
Heat_2|X_T_swap|obfuscated|1,Heat_2,heat,explicit/implicit,diffusion,human,X_T_swap,trajectory,T_swap,obfuscated,1,code,math,description,trajectory,4,heat,explicit/implicit,,779,590,-189,778,784,6,10,15,10x100x1x1,10x300x1x1,10x64x1x1,0.0033,0,0,0,0
Heat_2|X_T_swap|real|0,Heat_2,heat,explicit/implicit,diffusion,human,X_T_swap,trajectory,T_swap,real,0,code,trajectory,description,math,2,heat,explicit/implicit,,779,590,-189,778,784,6,10,15,10x100x1x1,10x300x1x1,10x64x1x1,0.0033,0,0,0,0
Heat_2|X_T_swap|real|1,Heat_2,heat,explicit/implicit,diffusion,human,X_T_swap,trajectory,T_swap,real,1,code,math,description,trajectory,4,heat,explicit/implicit,,779,590,-189,778,784,6,10,15,10x100x1x1,10x300x1x1,10x64x1x1,0.0033,0,0,0,0
Heat_3|A0|obfuscated|0,Heat_3,heat,explicit/implicit,diffusion,human,A0,none,valid,obfuscated,0,code,math,trajectory,description,,heat,explicit/implicit,,705,603,-102,631,639,8,9,16,10x100x1x1,10x151x1x1,10x64x1x1,0.0079,0,0,1,0
Heat_3|A0|obfuscated|1,Heat_3,heat,explicit/implicit,diffusion,human,A0,none,valid,obfuscated,1,description,trajectory,code,math,,heat,explicit/implicit,,705,603,-102,631,639,8,9,16,10x100x1x1,10x151x1x1,10x64x1x1,0.0079,0,0,1,0
Heat_3|A0|real|0,Heat_3,heat,explicit/implicit,diffusion,human,A0,none,valid,real,0,code,math,trajectory,description,,heat,explicit/implicit,,705,603,-102,631,639,8,9,16,10x100x1x1,10x151x1x1,10x64x1x1,0.0079,0,0,1,0
Heat_3|A0|real|1,Heat_3,heat,explicit/implicit,diffusion,human,A0,none,valid,real,1,description,trajectory,code,math,,heat,explicit/implicit,,705,603,-102,631,639,8,9,16,10x100x1x1,10x151x1x1,10x64x1x1,0.0079,0,0,1,0
Heat_3|X_C|obfuscated|0,Heat_3,heat,explicit/implicit,diffusion,human,X_C,code,valid,obfuscated,0,trajectory,description,code,math,3,heat,explicit/implicit,,705,603,-102,631,639,8,9,16,10x100x1x1,10x151x1x1,10x64x1x1,0.0079,0,0,1,0
Heat_3|X_C|obfuscated|1,Heat_3,heat,explicit/implicit,diffusion,human,X_C,code,valid,obfuscated,1,code,trajectory,math,description,1,heat,explicit/implicit,,705,603,-102,631,639,8,9,16,10x100x1x1,10x151x1x1,10x64x1x1,0.0079,0,0,1,0
Heat_3|X_C|real|0,Heat_3,heat,explicit/implicit,diffusion,human,X_C,code,valid,real,0,trajectory,description,code,math,3,heat,explicit/implicit,,705,603,-102,631,639,8,9,16,10x100x1x1,10x151x1x1,10x64x1x1,0.0079,0,0,1,0
Heat_3|X_C|real|1,Heat_3,heat,explicit/implicit,diffusion,human,X_C,code,valid,real,1,code,trajectory,math,description,1,heat,explicit/implicit,,705,603,-102,631,639,8,9,16,10x100x1x1,10x151x1x1,10x64x1x1,0.0079,0,0,1,0
Heat_3|X_D|obfuscated|0,Heat_3,heat,explicit/implicit,diffusion,human,X_D,description,valid,obfuscated,0,code,trajectory,description,math,3,heat,explicit/implicit,,705,603,-102,631,639,8,9,16,10x100x1x1,10x151x1x1,10x64x1x1,0.0079,0,0,1,0
Heat_3|X_D|obfuscated|1,Heat_3,heat,explicit/implicit,diffusion,human,X_D,description,valid,obfuscated,1,description,trajectory,code,math,1,heat,explicit/implicit,,705,603,-102,631,639,8,9,16,10x100x1x1,10x151x1x1,10x64x1x1,0.0079,0,0,1,0
Heat_3|X_D|real|0,Heat_3,heat,explicit/implicit,diffusion,human,X_D,description,valid,real,0,code,trajectory,description,math,3,heat,explicit/implicit,,705,603,-102,631,639,8,9,16,10x100x1x1,10x151x1x1,10x64x1x1,0.0079,0,0,1,0
Heat_3|X_D|real|1,Heat_3,heat,explicit/implicit,diffusion,human,X_D,description,valid,real,1,description,trajectory,code,math,1,heat,explicit/implicit,,705,603,-102,631,639,8,9,16,10x100x1x1,10x151x1x1,10x64x1x1,0.0079,0,0,1,0
Heat_3|X_M|obfuscated|0,Heat_3,heat,explicit/implicit,diffusion,human,X_M,math,valid,obfuscated,0,description,trajectory,math,code,3,heat,explicit/implicit,,705,603,-102,631,639,8,9,16,10x100x1x1,10x151x1x1,10x64x1x1,0.0079,0,0,1,0
Heat_3|X_M|obfuscated|1,Heat_3,heat,explicit/implicit,diffusion,human,X_M,math,valid,obfuscated,1,math,code,description,trajectory,1,heat,explicit/implicit,,705,603,-102,631,639,8,9,16,10x100x1x1,10x151x1x1,10x64x1x1,0.0079,0,0,1,0
Heat_3|X_M|real|0,Heat_3,heat,explicit/implicit,diffusion,human,X_M,math,valid,real,0,description,trajectory,math,code,3,heat,explicit/implicit,,705,603,-102,631,639,8,9,16,10x100x1x1,10x151x1x1,10x64x1x1,0.0079,0,0,1,0
Heat_3|X_M|real|1,Heat_3,heat,explicit/implicit,diffusion,human,X_M,math,valid,real,1,math,code,description,trajectory,1,heat,explicit/implicit,,705,603,-102,631,639,8,9,16,10x100x1x1,10x151x1x1,10x64x1x1,0.0079,0,0,1,0
Heat_3|X_T_exec|obfuscated|0,Heat_3,heat,explicit/implicit,diffusion,human,X_T_exec,trajectory,T_exec,obfuscated,0,description,code,trajectory,math,3,heat,explicit/implicit,,705,603,-102,631,639,8,9,16,10x100x1x1,10x151x1x1,10x64x1x1,0.0079,0,0,1,1
Heat_3|X_T_exec|obfuscated|1,Heat_3,heat,explicit/implicit,diffusion,human,X_T_exec,trajectory,T_exec,obfuscated,1,trajectory,code,description,math,1,heat,explicit/implicit,,705,603,-102,631,639,8,9,16,10x100x1x1,10x151x1x1,10x64x1x1,0.0079,0,0,1,1
Heat_3|X_T_exec|real|0,Heat_3,heat,explicit/implicit,diffusion,human,X_T_exec,trajectory,T_exec,real,0,description,code,trajectory,math,3,heat,explicit/implicit,,705,603,-102,631,639,8,9,16,10x100x1x1,10x151x1x1,10x64x1x1,0.0079,0,0,1,1
Heat_3|X_T_exec|real|1,Heat_3,heat,explicit/implicit,diffusion,human,X_T_exec,trajectory,T_exec,real,1,trajectory,code,description,math,1,heat,explicit/implicit,,705,603,-102,631,639,8,9,16,10x100x1x1,10x151x1x1,10x64x1x1,0.0079,0,0,1,1
Heat_3|X_T_rand|obfuscated|0,Heat_3,heat,explicit/implicit,diffusion,human,X_T_rand,trajectory,T_rand,obfuscated,0,math,description,trajectory,code,3,heat,explicit/implicit,,705,603,-102,631,639,8,9,16,10x100x1x1,10x151x1x1,10x64x1x1,0.0079,0,0,1,0
Heat_3|X_T_rand|obfuscated|1,Heat_3,heat,explicit/implicit,diffusion,human,X_T_rand,trajectory,T_rand,obfuscated,1,trajectory,description,code,math,1,heat,explicit/implicit,,705,603,-102,631,639,8,9,16,10x100x1x1,10x151x1x1,10x64x1x1,0.0079,0,0,1,0
Heat_3|X_T_rand|real|0,Heat_3,heat,explicit/implicit,diffusion,human,X_T_rand,trajectory,T_rand,real,0,math,description,trajectory,code,3,heat,explicit/implicit,,705,603,-102,631,639,8,9,16,10x100x1x1,10x151x1x1,10x64x1x1,0.0079,0,0,1,0
Heat_3|X_T_rand|real|1,Heat_3,heat,explicit/implicit,diffusion,human,X_T_rand,trajectory,T_rand,real,1,trajectory,description,code,math,1,heat,explicit/implicit,,705,603,-102,631,639,8,9,16,10x100x1x1,10x151x1x1,10x64x1x1,0.0079,0,0,1,0
Heat_3|X_T_shuf|obfuscated|0,Heat_3,heat,explicit/implicit,diffusion,human,X_T_shuf,trajectory,T_shuf,obfuscated,0,math,description,trajectory,code,3,heat,explicit/implicit,,705,603,-102,631,639,8,9,16,10x100x1x1,10x151x1x1,10x64x1x1,0.0079,0,0,1,0
Heat_3|X_T_shuf|obfuscated|1,Heat_3,heat,explicit/implicit,diffusion,human,X_T_shuf,trajectory,T_shuf,obfuscated,1,trajectory,description,math,code,1,heat,explicit/implicit,,705,603,-102,631,639,8,9,16,10x100x1x1,10x151x1x1,10x64x1x1,0.0079,0,0,1,0
Heat_3|X_T_shuf|real|0,Heat_3,heat,explicit/implicit,diffusion,human,X_T_shuf,trajectory,T_shuf,real,0,math,description,trajectory,code,3,heat,explicit/implicit,,705,603,-102,631,639,8,9,16,10x100x1x1,10x151x1x1,10x64x1x1,0.0079,0,0,1,0
Heat_3|X_T_shuf|real|1,Heat_3,heat,explicit/implicit,diffusion,human,X_T_shuf,trajectory,T_shuf,real,1,trajectory,description,math,code,1,heat,explicit/implicit,,705,603,-102,631,639,8,9,16,10x100x1x1,10x151x1x1,10x64x1x1,0.0079,0,0,1,0
Heat_3|X_T_swap|obfuscated|0,Heat_3,heat,explicit/implicit,diffusion,human,X_T_swap,trajectory,T_swap,obfuscated,0,math,code,trajectory,description,3,heat,explicit/implicit,,705,603,-102,631,639,8,9,16,10x100x1x1,10x151x1x1,10x64x1x1,0.0079,0,0,1,0
Heat_3|X_T_swap|obfuscated|1,Heat_3,heat,explicit/implicit,diffusion,human,X_T_swap,trajectory,T_swap,obfuscated,1,trajectory,description,code,math,1,heat,explicit/implicit,,705,603,-102,631,639,8,9,16,10x100x1x1,10x151x1x1,10x64x1x1,0.0079,0,0,1,0
Heat_3|X_T_swap|real|0,Heat_3,heat,explicit/implicit,diffusion,human,X_T_swap,trajectory,T_swap,real,0,math,code,trajectory,description,3,heat,explicit/implicit,,705,603,-102,631,639,8,9,16,10x100x1x1,10x151x1x1,10x64x1x1,0.0079,0,0,1,0
Heat_3|X_T_swap|real|1,Heat_3,heat,explicit/implicit,diffusion,human,X_T_swap,trajectory,T_swap,real,1,trajectory,description,code,math,1,heat,explicit/implicit,,705,603,-102,631,639,8,9,16,10x100x1x1,10x151x1x1,10x64x1x1,0.0079,0,0,1,0
Heat_4|A0|obfuscated|0,Heat_4,heat,explicit/implicit,diffusion,human,A0,none,valid,obfuscated,0,code,math,description,trajectory,,heat,explicit/implicit,,421,487,66,784,790,6,10,15,10x50x1x1,10x41x41x2,10x50x1x1,0.0,0,1,0,0
Heat_4|A0|obfuscated|1,Heat_4,heat,explicit/implicit,diffusion,human,A0,none,valid,obfuscated,1,description,code,trajectory,math,,heat,explicit/implicit,,421,487,66,784,790,6,10,15,10x50x1x1,10x41x41x2,10x50x1x1,0.0,0,1,0,0
Heat_4|A0|real|0,Heat_4,heat,explicit/implicit,diffusion,human,A0,none,valid,real,0,code,math,description,trajectory,,heat,explicit/implicit,,421,487,66,784,790,6,10,15,10x50x1x1,10x41x41x2,10x50x1x1,0.0,0,1,0,0
Heat_4|A0|real|1,Heat_4,heat,explicit/implicit,diffusion,human,A0,none,valid,real,1,description,code,trajectory,math,,heat,explicit/implicit,,421,487,66,784,790,6,10,15,10x50x1x1,10x41x41x2,10x50x1x1,0.0,0,1,0,0
Heat_4|X_C|obfuscated|0,Heat_4,heat,explicit/implicit,diffusion,human,X_C,code,valid,obfuscated,0,trajectory,description,math,code,4,heat,explicit/implicit,,421,487,66,784,790,6,10,15,10x50x1x1,10x41x41x2,10x50x1x1,0.0,0,1,0,0
Heat_4|X_C|obfuscated|1,Heat_4,heat,explicit/implicit,diffusion,human,X_C,code,valid,obfuscated,1,math,code,description,trajectory,2,heat,explicit/implicit,,421,487,66,784,790,6,10,15,10x50x1x1,10x41x41x2,10x50x1x1,0.0,0,1,0,0
Heat_4|X_C|real|0,Heat_4,heat,explicit/implicit,diffusion,human,X_C,code,valid,real,0,trajectory,description,math,code,4,heat,explicit/implicit,,421,487,66,784,790,6,10,15,10x50x1x1,10x41x41x2,10x50x1x1,0.0,0,1,0,0
Heat_4|X_C|real|1,Heat_4,heat,explicit/implicit,diffusion,human,X_C,code,valid,real,1,math,code,description,trajectory,2,heat,explicit/implicit,,421,487,66,784,790,6,10,15,10x50x1x1,10x41x41x2,10x50x1x1,0.0,0,1,0,0
Heat_4|X_D|obfuscated|0,Heat_4,heat,explicit/implicit,diffusion,human,X_D,description,valid,obfuscated,0,math,code,trajectory,description,4,heat,explicit/implicit,,421,487,66,784,790,6,10,15,10x50x1x1,10x41x41x2,10x50x1x1,0.0,0,1,0,0
Heat_4|X_D|obfuscated|1,Heat_4,heat,explicit/implicit,diffusion,human,X_D,description,valid,obfuscated,1,trajectory,description,math,code,2,heat,explicit/implicit,,421,487,66,784,790,6,10,15,10x50x1x1,10x41x41x2,10x50x1x1,0.0,0,1,0,0
Heat_4|X_D|real|0,Heat_4,heat,explicit/implicit,diffusion,human,X_D,description,valid,real,0,math,code,trajectory,description,4,heat,explicit/implicit,,421,487,66,784,790,6,10,15,10x50x1x1,10x41x41x2,10x50x1x1,0.0,0,1,0,0
Heat_4|X_D|real|1,Heat_4,heat,explicit/implicit,diffusion,human,X_D,description,valid,real,1,trajectory,description,math,code,2,heat,explicit/implicit,,421,487,66,784,790,6,10,15,10x50x1x1,10x41x41x2,10x50x1x1,0.0,0,1,0,0
Heat_4|X_M|obfuscated|0,Heat_4,heat,explicit/implicit,diffusion,human,X_M,math,valid,obfuscated,0,code,description,trajectory,math,4,heat,explicit/implicit,,421,487,66,784,790,6,10,15,10x50x1x1,10x41x41x2,10x50x1x1,0.0,0,1,0,0
Heat_4|X_M|obfuscated|1,Heat_4,heat,explicit/implicit,diffusion,human,X_M,math,valid,obfuscated,1,code,math,description,trajectory,2,heat,explicit/implicit,,421,487,66,784,790,6,10,15,10x50x1x1,10x41x41x2,10x50x1x1,0.0,0,1,0,0
Heat_4|X_M|real|0,Heat_4,heat,explicit/implicit,diffusion,human,X_M,math,valid,real,0,code,description,trajectory,math,4,heat,explicit/implicit,,421,487,66,784,790,6,10,15,10x50x1x1,10x41x41x2,10x50x1x1,0.0,0,1,0,0
Heat_4|X_M|real|1,Heat_4,heat,explicit/implicit,diffusion,human,X_M,math,valid,real,1,code,math,description,trajectory,2,heat,explicit/implicit,,421,487,66,784,790,6,10,15,10x50x1x1,10x41x41x2,10x50x1x1,0.0,0,1,0,0
Heat_4|X_T_exec|obfuscated|0,Heat_4,heat,explicit/implicit,diffusion,human,X_T_exec,trajectory,T_exec,obfuscated,0,math,code,description,trajectory,4,heat,explicit/implicit,,421,487,66,784,790,6,10,15,10x50x1x1,10x41x41x2,10x50x1x1,0.0,0,1,0,1
Heat_4|X_T_exec|obfuscated|1,Heat_4,heat,explicit/implicit,diffusion,human,X_T_exec,trajectory,T_exec,obfuscated,1,code,trajectory,math,description,2,heat,explicit/implicit,,421,487,66,784,790,6,10,15,10x50x1x1,10x41x41x2,10x50x1x1,0.0,0,1,0,1
Heat_4|X_T_exec|real|0,Heat_4,heat,explicit/implicit,diffusion,human,X_T_exec,trajectory,T_exec,real,0,math,code,description,trajectory,4,heat,explicit/implicit,,421,487,66,784,790,6,10,15,10x50x1x1,10x41x41x2,10x50x1x1,0.0,0,1,0,1
Heat_4|X_T_exec|real|1,Heat_4,heat,explicit/implicit,diffusion,human,X_T_exec,trajectory,T_exec,real,1,code,trajectory,math,description,2,heat,explicit/implicit,,421,487,66,784,790,6,10,15,10x50x1x1,10x41x41x2,10x50x1x1,0.0,0,1,0,1
Heat_4|X_T_rand|obfuscated|0,Heat_4,heat,explicit/implicit,diffusion,human,X_T_rand,trajectory,T_rand,obfuscated,0,code,description,math,trajectory,4,heat,explicit/implicit,,421,487,66,784,790,6,10,15,10x50x1x1,10x41x41x2,10x50x1x1,0.0,0,1,0,0
Heat_4|X_T_rand|obfuscated|1,Heat_4,heat,explicit/implicit,diffusion,human,X_T_rand,trajectory,T_rand,obfuscated,1,description,trajectory,math,code,2,heat,explicit/implicit,,421,487,66,784,790,6,10,15,10x50x1x1,10x41x41x2,10x50x1x1,0.0,0,1,0,0
Heat_4|X_T_rand|real|0,Heat_4,heat,explicit/implicit,diffusion,human,X_T_rand,trajectory,T_rand,real,0,code,description,math,trajectory,4,heat,explicit/implicit,,421,487,66,784,790,6,10,15,10x50x1x1,10x41x41x2,10x50x1x1,0.0,0,1,0,0
Heat_4|X_T_rand|real|1,Heat_4,heat,explicit/implicit,diffusion,human,X_T_rand,trajectory,T_rand,real,1,description,trajectory,math,code,2,heat,explicit/implicit,,421,487,66,784,790,6,10,15,10x50x1x1,10x41x41x2,10x50x1x1,0.0,0,1,0,0
Heat_4|X_T_shuf|obfuscated|0,Heat_4,heat,explicit/implicit,diffusion,human,X_T_shuf,trajectory,T_shuf,obfuscated,0,description,math,code,trajectory,4,heat,explicit/implicit,,421,487,66,784,790,6,10,15,10x50x1x1,10x41x41x2,10x50x1x1,0.0,0,1,0,0
Heat_4|X_T_shuf|obfuscated|1,Heat_4,heat,explicit/implicit,diffusion,human,X_T_shuf,trajectory,T_shuf,obfuscated,1,code,trajectory,math,description,2,heat,explicit/implicit,,421,487,66,784,790,6,10,15,10x50x1x1,10x41x41x2,10x50x1x1,0.0,0,1,0,0
Heat_4|X_T_shuf|real|0,Heat_4,heat,explicit/implicit,diffusion,human,X_T_shuf,trajectory,T_shuf,real,0,description,math,code,trajectory,4,heat,explicit/implicit,,421,487,66,784,790,6,10,15,10x50x1x1,10x41x41x2,10x50x1x1,0.0,0,1,0,0
Heat_4|X_T_shuf|real|1,Heat_4,heat,explicit/implicit,diffusion,human,X_T_shuf,trajectory,T_shuf,real,1,code,trajectory,math,description,2,heat,explicit/implicit,,421,487,66,784,790,6,10,15,10x50x1x1,10x41x41x2,10x50x1x1,0.0,0,1,0,0
Heat_4|X_T_swap|obfuscated|0,Heat_4,heat,explicit/implicit,diffusion,human,X_T_swap,trajectory,T_swap,obfuscated,0,math,description,code,trajectory,4,heat,explicit/implicit,,421,487,66,784,790,6,10,15,10x50x1x1,10x41x41x2,10x50x1x1,0.0,0,1,0,0
Heat_4|X_T_swap|obfuscated|1,Heat_4,heat,explicit/implicit,diffusion,human,X_T_swap,trajectory,T_swap,obfuscated,1,description,trajectory,math,code,2,heat,explicit/implicit,,421,487,66,784,790,6,10,15,10x50x1x1,10x41x41x2,10x50x1x1,0.0,0,1,0,0
Heat_4|X_T_swap|real|0,Heat_4,heat,explicit/implicit,diffusion,human,X_T_swap,trajectory,T_swap,real,0,math,description,code,trajectory,4,heat,explicit/implicit,,421,487,66,784,790,6,10,15,10x50x1x1,10x41x41x2,10x50x1x1,0.0,0,1,0,0
Heat_4|X_T_swap|real|1,Heat_4,heat,explicit/implicit,diffusion,human,X_T_swap,trajectory,T_swap,real,1,description,trajectory,math,code,2,heat,explicit/implicit,,421,487,66,784,790,6,10,15,10x50x1x1,10x41x41x2,10x50x1x1,0.0,0,1,0,0
Heat_5|A0|obfuscated|0,Heat_5,heat,explicit,diffusion,synthetic,A0,none,valid,obfuscated,0,description,code,math,trajectory,,heat,explicit,,699,456,-243,669,669,0,4,4,10x101x1x1,10x100x1x1,10x64x1x1,0.1106,0,0,0,0
Heat_5|A0|obfuscated|1,Heat_5,heat,explicit,diffusion,synthetic,A0,none,valid,obfuscated,1,code,trajectory,description,math,,heat,explicit,,699,456,-243,669,669,0,4,4,10x101x1x1,10x100x1x1,10x64x1x1,0.1106,0,0,0,0
Heat_5|A0|real|0,Heat_5,heat,explicit,diffusion,synthetic,A0,none,valid,real,0,description,code,math,trajectory,,heat,explicit,,699,456,-243,669,669,0,4,4,10x101x1x1,10x100x1x1,10x64x1x1,0.1106,0,0,0,0
Heat_5|A0|real|1,Heat_5,heat,explicit,diffusion,synthetic,A0,none,valid,real,1,code,trajectory,description,math,,heat,explicit,,699,456,-243,669,669,0,4,4,10x101x1x1,10x100x1x1,10x64x1x1,0.1106,0,0,0,0
Heat_5|X_C|obfuscated|0,Heat_5,heat,explicit,diffusion,synthetic,X_C,code,valid,obfuscated,0,code,description,trajectory,math,1,heat,explicit,,699,456,-243,669,669,0,4,4,10x101x1x1,10x100x1x1,10x64x1x1,0.1106,0,0,0,0
Heat_5|X_C|obfuscated|1,Heat_5,heat,explicit,diffusion,synthetic,X_C,code,valid,obfuscated,1,description,math,code,trajectory,3,heat,explicit,,699,456,-243,669,669,0,4,4,10x101x1x1,10x100x1x1,10x64x1x1,0.1106,0,0,0,0
Heat_5|X_C|real|0,Heat_5,heat,explicit,diffusion,synthetic,X_C,code,valid,real,0,code,description,trajectory,math,1,heat,explicit,,699,456,-243,669,669,0,4,4,10x101x1x1,10x100x1x1,10x64x1x1,0.1106,0,0,0,0
Heat_5|X_C|real|1,Heat_5,heat,explicit,diffusion,synthetic,X_C,code,valid,real,1,description,math,code,trajectory,3,heat,explicit,,699,456,-243,669,669,0,4,4,10x101x1x1,10x100x1x1,10x64x1x1,0.1106,0,0,0,0
Heat_5|X_D|obfuscated|0,Heat_5,heat,explicit,diffusion,synthetic,X_D,description,valid,obfuscated,0,description,math,code,trajectory,1,heat,explicit,,699,456,-243,669,669,0,4,4,10x101x1x1,10x100x1x1,10x64x1x1,0.1106,0,0,0,0
Heat_5|X_D|obfuscated|1,Heat_5,heat,explicit,diffusion,synthetic,X_D,description,valid,obfuscated,1,code,math,description,trajectory,3,heat,explicit,,699,456,-243,669,669,0,4,4,10x101x1x1,10x100x1x1,10x64x1x1,0.1106,0,0,0,0
Heat_5|X_D|real|0,Heat_5,heat,explicit,diffusion,synthetic,X_D,description,valid,real,0,description,math,code,trajectory,1,heat,explicit,,699,456,-243,669,669,0,4,4,10x101x1x1,10x100x1x1,10x64x1x1,0.1106,0,0,0,0
Heat_5|X_D|real|1,Heat_5,heat,explicit,diffusion,synthetic,X_D,description,valid,real,1,code,math,description,trajectory,3,heat,explicit,,699,456,-243,669,669,0,4,4,10x101x1x1,10x100x1x1,10x64x1x1,0.1106,0,0,0,0
Heat_5|X_M|obfuscated|0,Heat_5,heat,explicit,diffusion,synthetic,X_M,math,valid,obfuscated,0,math,description,code,trajectory,1,heat,explicit,,699,456,-243,669,669,0,4,4,10x101x1x1,10x100x1x1,10x64x1x1,0.1106,0,0,0,0
Heat_5|X_M|obfuscated|1,Heat_5,heat,explicit,diffusion,synthetic,X_M,math,valid,obfuscated,1,code,description,math,trajectory,3,heat,explicit,,699,456,-243,669,669,0,4,4,10x101x1x1,10x100x1x1,10x64x1x1,0.1106,0,0,0,0
Heat_5|X_M|real|0,Heat_5,heat,explicit,diffusion,synthetic,X_M,math,valid,real,0,math,description,code,trajectory,1,heat,explicit,,699,456,-243,669,669,0,4,4,10x101x1x1,10x100x1x1,10x64x1x1,0.1106,0,0,0,0
Heat_5|X_M|real|1,Heat_5,heat,explicit,diffusion,synthetic,X_M,math,valid,real,1,code,description,math,trajectory,3,heat,explicit,,699,456,-243,669,669,0,4,4,10x101x1x1,10x100x1x1,10x64x1x1,0.1106,0,0,0,0
Heat_5|X_T_exec|obfuscated|0,Heat_5,heat,explicit,diffusion,synthetic,X_T_exec,trajectory,T_exec,obfuscated,0,trajectory,description,code,math,1,heat,explicit,,699,456,-243,669,669,0,4,4,10x101x1x1,10x100x1x1,10x64x1x1,0.1106,0,0,0,1
Heat_5|X_T_exec|obfuscated|1,Heat_5,heat,explicit,diffusion,synthetic,X_T_exec,trajectory,T_exec,obfuscated,1,description,math,trajectory,code,3,heat,explicit,,699,456,-243,669,669,0,4,4,10x101x1x1,10x100x1x1,10x64x1x1,0.1106,0,0,0,1
Heat_5|X_T_exec|real|0,Heat_5,heat,explicit,diffusion,synthetic,X_T_exec,trajectory,T_exec,real,0,trajectory,description,code,math,1,heat,explicit,,699,456,-243,669,669,0,4,4,10x101x1x1,10x100x1x1,10x64x1x1,0.1106,0,0,0,1
Heat_5|X_T_exec|real|1,Heat_5,heat,explicit,diffusion,synthetic,X_T_exec,trajectory,T_exec,real,1,description,math,trajectory,code,3,heat,explicit,,699,456,-243,669,669,0,4,4,10x101x1x1,10x100x1x1,10x64x1x1,0.1106,0,0,0,1
Heat_5|X_T_rand|obfuscated|0,Heat_5,heat,explicit,diffusion,synthetic,X_T_rand,trajectory,T_rand,obfuscated,0,trajectory,code,math,description,1,heat,explicit,,699,456,-243,669,669,0,4,4,10x101x1x1,10x100x1x1,10x64x1x1,0.1106,0,0,0,0
Heat_5|X_T_rand|obfuscated|1,Heat_5,heat,explicit,diffusion,synthetic,X_T_rand,trajectory,T_rand,obfuscated,1,math,code,trajectory,description,3,heat,explicit,,699,456,-243,669,669,0,4,4,10x101x1x1,10x100x1x1,10x64x1x1,0.1106,0,0,0,0
Heat_5|X_T_rand|real|0,Heat_5,heat,explicit,diffusion,synthetic,X_T_rand,trajectory,T_rand,real,0,trajectory,code,math,description,1,heat,explicit,,699,456,-243,669,669,0,4,4,10x101x1x1,10x100x1x1,10x64x1x1,0.1106,0,0,0,0
Heat_5|X_T_rand|real|1,Heat_5,heat,explicit,diffusion,synthetic,X_T_rand,trajectory,T_rand,real,1,math,code,trajectory,description,3,heat,explicit,,699,456,-243,669,669,0,4,4,10x101x1x1,10x100x1x1,10x64x1x1,0.1106,0,0,0,0
Heat_5|X_T_shuf|obfuscated|0,Heat_5,heat,explicit,diffusion,synthetic,X_T_shuf,trajectory,T_shuf,obfuscated,0,trajectory,math,code,description,1,heat,explicit,,699,456,-243,669,669,0,4,4,10x101x1x1,10x100x1x1,10x64x1x1,0.1106,0,0,0,0
Heat_5|X_T_shuf|obfuscated|1,Heat_5,heat,explicit,diffusion,synthetic,X_T_shuf,trajectory,T_shuf,obfuscated,1,math,code,trajectory,description,3,heat,explicit,,699,456,-243,669,669,0,4,4,10x101x1x1,10x100x1x1,10x64x1x1,0.1106,0,0,0,0
Heat_5|X_T_shuf|real|0,Heat_5,heat,explicit,diffusion,synthetic,X_T_shuf,trajectory,T_shuf,real,0,trajectory,math,code,description,1,heat,explicit,,699,456,-243,669,669,0,4,4,10x101x1x1,10x100x1x1,10x64x1x1,0.1106,0,0,0,0
Heat_5|X_T_shuf|real|1,Heat_5,heat,explicit,diffusion,synthetic,X_T_shuf,trajectory,T_shuf,real,1,math,code,trajectory,description,3,heat,explicit,,699,456,-243,669,669,0,4,4,10x101x1x1,10x100x1x1,10x64x1x1,0.1106,0,0,0,0
Heat_5|X_T_swap|obfuscated|0,Heat_5,heat,explicit,diffusion,synthetic,X_T_swap,trajectory,T_swap,obfuscated,0,trajectory,description,math,code,1,heat,explicit,,699,456,-243,669,669,0,4,4,10x101x1x1,10x100x1x1,10x64x1x1,0.1106,0,0,0,0
Heat_5|X_T_swap|obfuscated|1,Heat_5,heat,explicit,diffusion,synthetic,X_T_swap,trajectory,T_swap,obfuscated,1,description,code,trajectory,math,3,heat,explicit,,699,456,-243,669,669,0,4,4,10x101x1x1,10x100x1x1,10x64x1x1,0.1106,0,0,0,0
Heat_5|X_T_swap|real|0,Heat_5,heat,explicit,diffusion,synthetic,X_T_swap,trajectory,T_swap,real,0,trajectory,description,math,code,1,heat,explicit,,699,456,-243,669,669,0,4,4,10x101x1x1,10x100x1x1,10x64x1x1,0.1106,0,0,0,0
Heat_5|X_T_swap|real|1,Heat_5,heat,explicit,diffusion,synthetic,X_T_swap,trajectory,T_swap,real,1,description,code,trajectory,math,3,heat,explicit,,699,456,-243,669,669,0,4,4,10x101x1x1,10x100x1x1,10x64x1x1,0.1106,0,0,0,0
Heat_6|A0|obfuscated|0,Heat_6,heat,implicit,diffusion,synthetic,A0,none,valid,obfuscated,0,code,math,trajectory,description,,heat,implicit,,624,491,-133,878,879,1,5,5,10x101x1x1,10x41x41x2,10x64x1x1,0.0833,0,0,0,0
Heat_6|A0|obfuscated|1,Heat_6,heat,implicit,diffusion,synthetic,A0,none,valid,obfuscated,1,math,trajectory,code,description,,heat,implicit,,624,491,-133,878,879,1,5,5,10x101x1x1,10x41x41x2,10x64x1x1,0.0833,0,0,0,0
Heat_6|A0|real|0,Heat_6,heat,implicit,diffusion,synthetic,A0,none,valid,real,0,code,math,trajectory,description,,heat,implicit,,624,491,-133,878,879,1,5,5,10x101x1x1,10x41x41x2,10x64x1x1,0.0833,0,0,0,0
Heat_6|A0|real|1,Heat_6,heat,implicit,diffusion,synthetic,A0,none,valid,real,1,math,trajectory,code,description,,heat,implicit,,624,491,-133,878,879,1,5,5,10x101x1x1,10x41x41x2,10x64x1x1,0.0833,0,0,0,0
Heat_6|X_C|obfuscated|0,Heat_6,heat,implicit,diffusion,synthetic,X_C,code,valid,obfuscated,0,trajectory,code,math,description,2,heat,implicit,,624,491,-133,878,879,1,5,5,10x101x1x1,10x41x41x2,10x64x1x1,0.0833,0,0,0,0
Heat_6|X_C|obfuscated|1,Heat_6,heat,implicit,diffusion,synthetic,X_C,code,valid,obfuscated,1,description,trajectory,math,code,4,heat,implicit,,624,491,-133,878,879,1,5,5,10x101x1x1,10x41x41x2,10x64x1x1,0.0833,0,0,0,0
Heat_6|X_C|real|0,Heat_6,heat,implicit,diffusion,synthetic,X_C,code,valid,real,0,trajectory,code,math,description,2,heat,implicit,,624,491,-133,878,879,1,5,5,10x101x1x1,10x41x41x2,10x64x1x1,0.0833,0,0,0,0
Heat_6|X_C|real|1,Heat_6,heat,implicit,diffusion,synthetic,X_C,code,valid,real,1,description,trajectory,math,code,4,heat,implicit,,624,491,-133,878,879,1,5,5,10x101x1x1,10x41x41x2,10x64x1x1,0.0833,0,0,0,0
Heat_6|X_D|obfuscated|0,Heat_6,heat,implicit,diffusion,synthetic,X_D,description,valid,obfuscated,0,math,description,trajectory,code,2,heat,implicit,,624,491,-133,878,879,1,5,5,10x101x1x1,10x41x41x2,10x64x1x1,0.0833,0,0,0,0
Heat_6|X_D|obfuscated|1,Heat_6,heat,implicit,diffusion,synthetic,X_D,description,valid,obfuscated,1,trajectory,code,math,description,4,heat,implicit,,624,491,-133,878,879,1,5,5,10x101x1x1,10x41x41x2,10x64x1x1,0.0833,0,0,0,0
Heat_6|X_D|real|0,Heat_6,heat,implicit,diffusion,synthetic,X_D,description,valid,real,0,math,description,trajectory,code,2,heat,implicit,,624,491,-133,878,879,1,5,5,10x101x1x1,10x41x41x2,10x64x1x1,0.0833,0,0,0,0
Heat_6|X_D|real|1,Heat_6,heat,implicit,diffusion,synthetic,X_D,description,valid,real,1,trajectory,code,math,description,4,heat,implicit,,624,491,-133,878,879,1,5,5,10x101x1x1,10x41x41x2,10x64x1x1,0.0833,0,0,0,0
Heat_6|X_M|obfuscated|0,Heat_6,heat,implicit,diffusion,synthetic,X_M,math,valid,obfuscated,0,code,math,description,trajectory,2,heat,implicit,,624,491,-133,878,879,1,5,5,10x101x1x1,10x41x41x2,10x64x1x1,0.0833,0,0,0,0
Heat_6|X_M|obfuscated|1,Heat_6,heat,implicit,diffusion,synthetic,X_M,math,valid,obfuscated,1,description,code,trajectory,math,4,heat,implicit,,624,491,-133,878,879,1,5,5,10x101x1x1,10x41x41x2,10x64x1x1,0.0833,0,0,0,0
Heat_6|X_M|real|0,Heat_6,heat,implicit,diffusion,synthetic,X_M,math,valid,real,0,code,math,description,trajectory,2,heat,implicit,,624,491,-133,878,879,1,5,5,10x101x1x1,10x41x41x2,10x64x1x1,0.0833,0,0,0,0
Heat_6|X_M|real|1,Heat_6,heat,implicit,diffusion,synthetic,X_M,math,valid,real,1,description,code,trajectory,math,4,heat,implicit,,624,491,-133,878,879,1,5,5,10x101x1x1,10x41x41x2,10x64x1x1,0.0833,0,0,0,0
Heat_6|X_T_exec|obfuscated|0,Heat_6,heat,implicit,diffusion,synthetic,X_T_exec,trajectory,T_exec,obfuscated,0,description,trajectory,math,code,2,heat,implicit,,624,491,-133,878,879,1,5,5,10x101x1x1,10x41x41x2,10x64x1x1,0.0833,0,0,0,1
Heat_6|X_T_exec|obfuscated|1,Heat_6,heat,implicit,diffusion,synthetic,X_T_exec,trajectory,T_exec,obfuscated,1,description,math,code,trajectory,4,heat,implicit,,624,491,-133,878,879,1,5,5,10x101x1x1,10x41x41x2,10x64x1x1,0.0833,0,0,0,1
Heat_6|X_T_exec|real|0,Heat_6,heat,implicit,diffusion,synthetic,X_T_exec,trajectory,T_exec,real,0,description,trajectory,math,code,2,heat,implicit,,624,491,-133,878,879,1,5,5,10x101x1x1,10x41x41x2,10x64x1x1,0.0833,0,0,0,1
Heat_6|X_T_exec|real|1,Heat_6,heat,implicit,diffusion,synthetic,X_T_exec,trajectory,T_exec,real,1,description,math,code,trajectory,4,heat,implicit,,624,491,-133,878,879,1,5,5,10x101x1x1,10x41x41x2,10x64x1x1,0.0833,0,0,0,1
Heat_6|X_T_rand|obfuscated|0,Heat_6,heat,implicit,diffusion,synthetic,X_T_rand,trajectory,T_rand,obfuscated,0,math,trajectory,code,description,2,heat,implicit,,624,491,-133,878,879,1,5,5,10x101x1x1,10x41x41x2,10x64x1x1,0.0833,0,0,0,0
Heat_6|X_T_rand|obfuscated|1,Heat_6,heat,implicit,diffusion,synthetic,X_T_rand,trajectory,T_rand,obfuscated,1,math,code,description,trajectory,4,heat,implicit,,624,491,-133,878,879,1,5,5,10x101x1x1,10x41x41x2,10x64x1x1,0.0833,0,0,0,0
Heat_6|X_T_rand|real|0,Heat_6,heat,implicit,diffusion,synthetic,X_T_rand,trajectory,T_rand,real,0,math,trajectory,code,description,2,heat,implicit,,624,491,-133,878,879,1,5,5,10x101x1x1,10x41x41x2,10x64x1x1,0.0833,0,0,0,0
Heat_6|X_T_rand|real|1,Heat_6,heat,implicit,diffusion,synthetic,X_T_rand,trajectory,T_rand,real,1,math,code,description,trajectory,4,heat,implicit,,624,491,-133,878,879,1,5,5,10x101x1x1,10x41x41x2,10x64x1x1,0.0833,0,0,0,0
Heat_6|X_T_shuf|obfuscated|0,Heat_6,heat,implicit,diffusion,synthetic,X_T_shuf,trajectory,T_shuf,obfuscated,0,code,trajectory,description,math,2,heat,implicit,,624,491,-133,878,879,1,5,5,10x101x1x1,10x41x41x2,10x64x1x1,0.0833,0,0,0,0
Heat_6|X_T_shuf|obfuscated|1,Heat_6,heat,implicit,diffusion,synthetic,X_T_shuf,trajectory,T_shuf,obfuscated,1,description,math,code,trajectory,4,heat,implicit,,624,491,-133,878,879,1,5,5,10x101x1x1,10x41x41x2,10x64x1x1,0.0833,0,0,0,0
Heat_6|X_T_shuf|real|0,Heat_6,heat,implicit,diffusion,synthetic,X_T_shuf,trajectory,T_shuf,real,0,code,trajectory,description,math,2,heat,implicit,,624,491,-133,878,879,1,5,5,10x101x1x1,10x41x41x2,10x64x1x1,0.0833,0,0,0,0
Heat_6|X_T_shuf|real|1,Heat_6,heat,implicit,diffusion,synthetic,X_T_shuf,trajectory,T_shuf,real,1,description,math,code,trajectory,4,heat,implicit,,624,491,-133,878,879,1,5,5,10x101x1x1,10x41x41x2,10x64x1x1,0.0833,0,0,0,0
Heat_6|X_T_swap|obfuscated|0,Heat_6,heat,implicit,diffusion,synthetic,X_T_swap,trajectory,T_swap,obfuscated,0,math,trajectory,description,code,2,heat,implicit,,624,491,-133,878,879,1,5,5,10x101x1x1,10x41x41x2,10x64x1x1,0.0833,0,0,0,0
Heat_6|X_T_swap|obfuscated|1,Heat_6,heat,implicit,diffusion,synthetic,X_T_swap,trajectory,T_swap,obfuscated,1,math,code,description,trajectory,4,heat,implicit,,624,491,-133,878,879,1,5,5,10x101x1x1,10x41x41x2,10x64x1x1,0.0833,0,0,0,0
Heat_6|X_T_swap|real|0,Heat_6,heat,implicit,diffusion,synthetic,X_T_swap,trajectory,T_swap,real,0,math,trajectory,description,code,2,heat,implicit,,624,491,-133,878,879,1,5,5,10x101x1x1,10x41x41x2,10x64x1x1,0.0833,0,0,0,0
Heat_6|X_T_swap|real|1,Heat_6,heat,implicit,diffusion,synthetic,X_T_swap,trajectory,T_swap,real,1,math,code,description,trajectory,4,heat,implicit,,624,491,-133,878,879,1,5,5,10x101x1x1,10x41x41x2,10x64x1x1,0.0833,0,0,0,0
Heat_7|A0|obfuscated|0,Heat_7,heat,implicit,diffusion,synthetic,A0,none,valid,obfuscated,0,code,trajectory,description,math,,heat,implicit,,667,527,-140,1318,1318,0,6,6,10x61x61x1,10x400x1x1,10x14x14x1,0.9979,1,0,0,0
Heat_7|A0|obfuscated|1,Heat_7,heat,implicit,diffusion,synthetic,A0,none,valid,obfuscated,1,math,description,trajectory,code,,heat,implicit,,667,527,-140,1318,1318,0,6,6,10x61x61x1,10x400x1x1,10x14x14x1,0.9979,1,0,0,0
Heat_7|A0|real|0,Heat_7,heat,implicit,diffusion,synthetic,A0,none,valid,real,0,code,trajectory,description,math,,heat,implicit,,667,527,-140,1318,1318,0,6,6,10x61x61x1,10x400x1x1,10x14x14x1,0.9979,1,0,0,0
Heat_7|A0|real|1,Heat_7,heat,implicit,diffusion,synthetic,A0,none,valid,real,1,math,description,trajectory,code,,heat,implicit,,667,527,-140,1318,1318,0,6,6,10x61x61x1,10x400x1x1,10x14x14x1,0.9979,1,0,0,0
Heat_7|X_C|obfuscated|0,Heat_7,heat,implicit,diffusion,synthetic,X_C,code,valid,obfuscated,0,description,trajectory,code,math,3,heat,implicit,,667,527,-140,1318,1318,0,6,6,10x61x61x1,10x400x1x1,10x14x14x1,0.9979,1,0,0,0
Heat_7|X_C|obfuscated|1,Heat_7,heat,implicit,diffusion,synthetic,X_C,code,valid,obfuscated,1,code,trajectory,description,math,1,heat,implicit,,667,527,-140,1318,1318,0,6,6,10x61x61x1,10x400x1x1,10x14x14x1,0.9979,1,0,0,0
Heat_7|X_C|real|0,Heat_7,heat,implicit,diffusion,synthetic,X_C,code,valid,real,0,description,trajectory,code,math,3,heat,implicit,,667,527,-140,1318,1318,0,6,6,10x61x61x1,10x400x1x1,10x14x14x1,0.9979,1,0,0,0
Heat_7|X_C|real|1,Heat_7,heat,implicit,diffusion,synthetic,X_C,code,valid,real,1,code,trajectory,description,math,1,heat,implicit,,667,527,-140,1318,1318,0,6,6,10x61x61x1,10x400x1x1,10x14x14x1,0.9979,1,0,0,0
Heat_7|X_D|obfuscated|0,Heat_7,heat,implicit,diffusion,synthetic,X_D,description,valid,obfuscated,0,trajectory,code,description,math,3,heat,implicit,,667,527,-140,1318,1318,0,6,6,10x61x61x1,10x400x1x1,10x14x14x1,0.9979,1,0,0,0
Heat_7|X_D|obfuscated|1,Heat_7,heat,implicit,diffusion,synthetic,X_D,description,valid,obfuscated,1,description,trajectory,code,math,1,heat,implicit,,667,527,-140,1318,1318,0,6,6,10x61x61x1,10x400x1x1,10x14x14x1,0.9979,1,0,0,0
Heat_7|X_D|real|0,Heat_7,heat,implicit,diffusion,synthetic,X_D,description,valid,real,0,trajectory,code,description,math,3,heat,implicit,,667,527,-140,1318,1318,0,6,6,10x61x61x1,10x400x1x1,10x14x14x1,0.9979,1,0,0,0
Heat_7|X_D|real|1,Heat_7,heat,implicit,diffusion,synthetic,X_D,description,valid,real,1,description,trajectory,code,math,1,heat,implicit,,667,527,-140,1318,1318,0,6,6,10x61x61x1,10x400x1x1,10x14x14x1,0.9979,1,0,0,0
Heat_7|X_M|obfuscated|0,Heat_7,heat,implicit,diffusion,synthetic,X_M,math,valid,obfuscated,0,description,trajectory,math,code,3,heat,implicit,,667,527,-140,1318,1318,0,6,6,10x61x61x1,10x400x1x1,10x14x14x1,0.9979,1,0,0,0
Heat_7|X_M|obfuscated|1,Heat_7,heat,implicit,diffusion,synthetic,X_M,math,valid,obfuscated,1,math,description,code,trajectory,1,heat,implicit,,667,527,-140,1318,1318,0,6,6,10x61x61x1,10x400x1x1,10x14x14x1,0.9979,1,0,0,0
Heat_7|X_M|real|0,Heat_7,heat,implicit,diffusion,synthetic,X_M,math,valid,real,0,description,trajectory,math,code,3,heat,implicit,,667,527,-140,1318,1318,0,6,6,10x61x61x1,10x400x1x1,10x14x14x1,0.9979,1,0,0,0
Heat_7|X_M|real|1,Heat_7,heat,implicit,diffusion,synthetic,X_M,math,valid,real,1,math,description,code,trajectory,1,heat,implicit,,667,527,-140,1318,1318,0,6,6,10x61x61x1,10x400x1x1,10x14x14x1,0.9979,1,0,0,0
Heat_7|X_T_exec|obfuscated|0,Heat_7,heat,implicit,diffusion,synthetic,X_T_exec,trajectory,T_exec,obfuscated,0,code,description,trajectory,math,3,heat,implicit,,667,527,-140,1318,1318,0,6,6,10x61x61x1,10x400x1x1,10x14x14x1,0.9979,1,0,0,1
Heat_7|X_T_exec|obfuscated|1,Heat_7,heat,implicit,diffusion,synthetic,X_T_exec,trajectory,T_exec,obfuscated,1,trajectory,description,code,math,1,heat,implicit,,667,527,-140,1318,1318,0,6,6,10x61x61x1,10x400x1x1,10x14x14x1,0.9979,1,0,0,1
Heat_7|X_T_exec|real|0,Heat_7,heat,implicit,diffusion,synthetic,X_T_exec,trajectory,T_exec,real,0,code,description,trajectory,math,3,heat,implicit,,667,527,-140,1318,1318,0,6,6,10x61x61x1,10x400x1x1,10x14x14x1,0.9979,1,0,0,1
Heat_7|X_T_exec|real|1,Heat_7,heat,implicit,diffusion,synthetic,X_T_exec,trajectory,T_exec,real,1,trajectory,description,code,math,1,heat,implicit,,667,527,-140,1318,1318,0,6,6,10x61x61x1,10x400x1x1,10x14x14x1,0.9979,1,0,0,1
Heat_7|X_T_rand|obfuscated|0,Heat_7,heat,implicit,diffusion,synthetic,X_T_rand,trajectory,T_rand,obfuscated,0,math,code,trajectory,description,3,heat,implicit,,667,527,-140,1318,1318,0,6,6,10x61x61x1,10x400x1x1,10x14x14x1,0.9979,1,0,0,0
Heat_7|X_T_rand|obfuscated|1,Heat_7,heat,implicit,diffusion,synthetic,X_T_rand,trajectory,T_rand,obfuscated,1,trajectory,code,math,description,1,heat,implicit,,667,527,-140,1318,1318,0,6,6,10x61x61x1,10x400x1x1,10x14x14x1,0.9979,1,0,0,0
Heat_7|X_T_rand|real|0,Heat_7,heat,implicit,diffusion,synthetic,X_T_rand,trajectory,T_rand,real,0,math,code,trajectory,description,3,heat,implicit,,667,527,-140,1318,1318,0,6,6,10x61x61x1,10x400x1x1,10x14x14x1,0.9979,1,0,0,0
Heat_7|X_T_rand|real|1,Heat_7,heat,implicit,diffusion,synthetic,X_T_rand,trajectory,T_rand,real,1,trajectory,code,math,description,1,heat,implicit,,667,527,-140,1318,1318,0,6,6,10x61x61x1,10x400x1x1,10x14x14x1,0.9979,1,0,0,0
Heat_7|X_T_shuf|obfuscated|0,Heat_7,heat,implicit,diffusion,synthetic,X_T_shuf,trajectory,T_shuf,obfuscated,0,code,math,trajectory,description,3,heat,implicit,,667,527,-140,1318,1318,0,6,6,10x61x61x1,10x400x1x1,10x14x14x1,0.9979,1,0,0,0
Heat_7|X_T_shuf|obfuscated|1,Heat_7,heat,implicit,diffusion,synthetic,X_T_shuf,trajectory,T_shuf,obfuscated,1,trajectory,description,code,math,1,heat,implicit,,667,527,-140,1318,1318,0,6,6,10x61x61x1,10x400x1x1,10x14x14x1,0.9979,1,0,0,0
Heat_7|X_T_shuf|real|0,Heat_7,heat,implicit,diffusion,synthetic,X_T_shuf,trajectory,T_shuf,real,0,code,math,trajectory,description,3,heat,implicit,,667,527,-140,1318,1318,0,6,6,10x61x61x1,10x400x1x1,10x14x14x1,0.9979,1,0,0,0
Heat_7|X_T_shuf|real|1,Heat_7,heat,implicit,diffusion,synthetic,X_T_shuf,trajectory,T_shuf,real,1,trajectory,description,code,math,1,heat,implicit,,667,527,-140,1318,1318,0,6,6,10x61x61x1,10x400x1x1,10x14x14x1,0.9979,1,0,0,0
Heat_7|X_T_swap|obfuscated|0,Heat_7,heat,implicit,diffusion,synthetic,X_T_swap,trajectory,T_swap,obfuscated,0,math,description,trajectory,code,3,heat,implicit,,667,527,-140,1318,1318,0,6,6,10x61x61x1,10x400x1x1,10x14x14x1,0.9979,1,0,0,0
Heat_7|X_T_swap|obfuscated|1,Heat_7,heat,implicit,diffusion,synthetic,X_T_swap,trajectory,T_swap,obfuscated,1,trajectory,code,description,math,1,heat,implicit,,667,527,-140,1318,1318,0,6,6,10x61x61x1,10x400x1x1,10x14x14x1,0.9979,1,0,0,0
Heat_7|X_T_swap|real|0,Heat_7,heat,implicit,diffusion,synthetic,X_T_swap,trajectory,T_swap,real,0,math,description,trajectory,code,3,heat,implicit,,667,527,-140,1318,1318,0,6,6,10x61x61x1,10x400x1x1,10x14x14x1,0.9979,1,0,0,0
Heat_7|X_T_swap|real|1,Heat_7,heat,implicit,diffusion,synthetic,X_T_swap,trajectory,T_swap,real,1,trajectory,code,description,math,1,heat,implicit,,667,527,-140,1318,1318,0,6,6,10x61x61x1,10x400x1x1,10x14x14x1,0.9979,1,0,0,0
Heat_8|A0|obfuscated|0,Heat_8,heat,spectral,diffusion,synthetic,A0,none,valid,obfuscated,0,code,math,trajectory,description,,heat,spectral,,799,507,-292,677,676,-1,5,6,10x128x128x1,10x128x128x1,10x14x14x1,0.3283,0,0,0,0
Heat_8|A0|obfuscated|1,Heat_8,heat,spectral,diffusion,synthetic,A0,none,valid,obfuscated,1,trajectory,code,math,description,,heat,spectral,,799,507,-292,677,676,-1,5,6,10x128x128x1,10x128x128x1,10x14x14x1,0.3283,0,0,0,0
Heat_8|A0|real|0,Heat_8,heat,spectral,diffusion,synthetic,A0,none,valid,real,0,code,math,trajectory,description,,heat,spectral,,799,507,-292,677,676,-1,5,6,10x128x128x1,10x128x128x1,10x14x14x1,0.3283,0,0,0,0
Heat_8|A0|real|1,Heat_8,heat,spectral,diffusion,synthetic,A0,none,valid,real,1,trajectory,code,math,description,,heat,spectral,,799,507,-292,677,676,-1,5,6,10x128x128x1,10x128x128x1,10x14x14x1,0.3283,0,0,0,0
Heat_8|X_C|obfuscated|0,Heat_8,heat,spectral,diffusion,synthetic,X_C,code,valid,obfuscated,0,description,trajectory,math,code,4,heat,spectral,,799,507,-292,677,676,-1,5,6,10x128x128x1,10x128x128x1,10x14x14x1,0.3283,0,0,0,0
Heat_8|X_C|obfuscated|1,Heat_8,heat,spectral,diffusion,synthetic,X_C,code,valid,obfuscated,1,trajectory,code,description,math,2,heat,spectral,,799,507,-292,677,676,-1,5,6,10x128x128x1,10x128x128x1,10x14x14x1,0.3283,0,0,0,0
Heat_8|X_C|real|0,Heat_8,heat,spectral,diffusion,synthetic,X_C,code,valid,real,0,description,trajectory,math,code,4,heat,spectral,,799,507,-292,677,676,-1,5,6,10x128x128x1,10x128x128x1,10x14x14x1,0.3283,0,0,0,0
Heat_8|X_C|real|1,Heat_8,heat,spectral,diffusion,synthetic,X_C,code,valid,real,1,trajectory,code,description,math,2,heat,spectral,,799,507,-292,677,676,-1,5,6,10x128x128x1,10x128x128x1,10x14x14x1,0.3283,0,0,0,0
Heat_8|X_D|obfuscated|0,Heat_8,heat,spectral,diffusion,synthetic,X_D,description,valid,obfuscated,0,trajectory,code,math,description,4,heat,spectral,,799,507,-292,677,676,-1,5,6,10x128x128x1,10x128x128x1,10x14x14x1,0.3283,0,0,0,0
Heat_8|X_D|obfuscated|1,Heat_8,heat,spectral,diffusion,synthetic,X_D,description,valid,obfuscated,1,trajectory,description,math,code,2,heat,spectral,,799,507,-292,677,676,-1,5,6,10x128x128x1,10x128x128x1,10x14x14x1,0.3283,0,0,0,0
Heat_8|X_D|real|0,Heat_8,heat,spectral,diffusion,synthetic,X_D,description,valid,real,0,trajectory,code,math,description,4,heat,spectral,,799,507,-292,677,676,-1,5,6,10x128x128x1,10x128x128x1,10x14x14x1,0.3283,0,0,0,0
Heat_8|X_D|real|1,Heat_8,heat,spectral,diffusion,synthetic,X_D,description,valid,real,1,trajectory,description,math,code,2,heat,spectral,,799,507,-292,677,676,-1,5,6,10x128x128x1,10x128x128x1,10x14x14x1,0.3283,0,0,0,0
Heat_8|X_M|obfuscated|0,Heat_8,heat,spectral,diffusion,synthetic,X_M,math,valid,obfuscated,0,code,trajectory,description,math,4,heat,spectral,,799,507,-292,677,676,-1,5,6,10x128x128x1,10x128x128x1,10x14x14x1,0.3283,0,0,0,0
Heat_8|X_M|obfuscated|1,Heat_8,heat,spectral,diffusion,synthetic,X_M,math,valid,obfuscated,1,code,math,description,trajectory,2,heat,spectral,,799,507,-292,677,676,-1,5,6,10x128x128x1,10x128x128x1,10x14x14x1,0.3283,0,0,0,0
Heat_8|X_M|real|0,Heat_8,heat,spectral,diffusion,synthetic,X_M,math,valid,real,0,code,trajectory,description,math,4,heat,spectral,,799,507,-292,677,676,-1,5,6,10x128x128x1,10x128x128x1,10x14x14x1,0.3283,0,0,0,0
Heat_8|X_M|real|1,Heat_8,heat,spectral,diffusion,synthetic,X_M,math,valid,real,1,code,math,description,trajectory,2,heat,spectral,,799,507,-292,677,676,-1,5,6,10x128x128x1,10x128x128x1,10x14x14x1,0.3283,0,0,0,0
Heat_8|X_T_exec|obfuscated|0,Heat_8,heat,spectral,diffusion,synthetic,X_T_exec,trajectory,T_exec,obfuscated,0,description,code,math,trajectory,4,heat,spectral,,799,507,-292,677,676,-1,5,6,10x128x128x1,10x128x128x1,10x14x14x1,0.3283,0,0,0,1
Heat_8|X_T_exec|obfuscated|1,Heat_8,heat,spectral,diffusion,synthetic,X_T_exec,trajectory,T_exec,obfuscated,1,description,trajectory,math,code,2,heat,spectral,,799,507,-292,677,676,-1,5,6,10x128x128x1,10x128x128x1,10x14x14x1,0.3283,0,0,0,1
Heat_8|X_T_exec|real|0,Heat_8,heat,spectral,diffusion,synthetic,X_T_exec,trajectory,T_exec,real,0,description,code,math,trajectory,4,heat,spectral,,799,507,-292,677,676,-1,5,6,10x128x128x1,10x128x128x1,10x14x14x1,0.3283,0,0,0,1
Heat_8|X_T_exec|real|1,Heat_8,heat,spectral,diffusion,synthetic,X_T_exec,trajectory,T_exec,real,1,description,trajectory,math,code,2,heat,spectral,,799,507,-292,677,676,-1,5,6,10x128x128x1,10x128x128x1,10x14x14x1,0.3283,0,0,0,1
Heat_8|X_T_rand|obfuscated|0,Heat_8,heat,spectral,diffusion,synthetic,X_T_rand,trajectory,T_rand,obfuscated,0,description,code,math,trajectory,4,heat,spectral,,799,507,-292,677,676,-1,5,6,10x128x128x1,10x128x128x1,10x14x14x1,0.3283,0,0,0,0
Heat_8|X_T_rand|obfuscated|1,Heat_8,heat,spectral,diffusion,synthetic,X_T_rand,trajectory,T_rand,obfuscated,1,math,trajectory,code,description,2,heat,spectral,,799,507,-292,677,676,-1,5,6,10x128x128x1,10x128x128x1,10x14x14x1,0.3283,0,0,0,0
Heat_8|X_T_rand|real|0,Heat_8,heat,spectral,diffusion,synthetic,X_T_rand,trajectory,T_rand,real,0,description,code,math,trajectory,4,heat,spectral,,799,507,-292,677,676,-1,5,6,10x128x128x1,10x128x128x1,10x14x14x1,0.3283,0,0,0,0
Heat_8|X_T_rand|real|1,Heat_8,heat,spectral,diffusion,synthetic,X_T_rand,trajectory,T_rand,real,1,math,trajectory,code,description,2,heat,spectral,,799,507,-292,677,676,-1,5,6,10x128x128x1,10x128x128x1,10x14x14x1,0.3283,0,0,0,0
Heat_8|X_T_shuf|obfuscated|0,Heat_8,heat,spectral,diffusion,synthetic,X_T_shuf,trajectory,T_shuf,obfuscated,0,code,math,description,trajectory,4,heat,spectral,,799,507,-292,677,676,-1,5,6,10x128x128x1,10x128x128x1,10x14x14x1,0.3283,0,0,0,0
Heat_8|X_T_shuf|obfuscated|1,Heat_8,heat,spectral,diffusion,synthetic,X_T_shuf,trajectory,T_shuf,obfuscated,1,math,trajectory,description,code,2,heat,spectral,,799,507,-292,677,676,-1,5,6,10x128x128x1,10x128x128x1,10x14x14x1,0.3283,0,0,0,0
Heat_8|X_T_shuf|real|0,Heat_8,heat,spectral,diffusion,synthetic,X_T_shuf,trajectory,T_shuf,real,0,code,math,description,trajectory,4,heat,spectral,,799,507,-292,677,676,-1,5,6,10x128x128x1,10x128x128x1,10x14x14x1,0.3283,0,0,0,0
Heat_8|X_T_shuf|real|1,Heat_8,heat,spectral,diffusion,synthetic,X_T_shuf,trajectory,T_shuf,real,1,math,trajectory,description,code,2,heat,spectral,,799,507,-292,677,676,-1,5,6,10x128x128x1,10x128x128x1,10x14x14x1,0.3283,0,0,0,0
Heat_8|X_T_swap|obfuscated|0,Heat_8,heat,spectral,diffusion,synthetic,X_T_swap,trajectory,T_swap,obfuscated,0,code,math,description,trajectory,4,heat,spectral,,799,507,-292,677,676,-1,5,6,10x128x128x1,10x128x128x1,10x14x14x1,0.3283,0,0,0,0
Heat_8|X_T_swap|obfuscated|1,Heat_8,heat,spectral,diffusion,synthetic,X_T_swap,trajectory,T_swap,obfuscated,1,math,trajectory,code,description,2,heat,spectral,,799,507,-292,677,676,-1,5,6,10x128x128x1,10x128x128x1,10x14x14x1,0.3283,0,0,0,0
Heat_8|X_T_swap|real|0,Heat_8,heat,spectral,diffusion,synthetic,X_T_swap,trajectory,T_swap,real,0,code,math,description,trajectory,4,heat,spectral,,799,507,-292,677,676,-1,5,6,10x128x128x1,10x128x128x1,10x14x14x1,0.3283,0,0,0,0
Heat_8|X_T_swap|real|1,Heat_8,heat,spectral,diffusion,synthetic,X_T_swap,trajectory,T_swap,real,1,math,trajectory,code,description,2,heat,spectral,,799,507,-292,677,676,-1,5,6,10x128x128x1,10x128x128x1,10x14x14x1,0.3283,0,0,0,0
NavierStokes_1|A0|obfuscated|0,NavierStokes_1,navier-stokes,explicit,advection/diffusion,human,A0,none,valid,obfuscated,0,math,trajectory,code,description,,navier-stokes,explicit,,585,455,-130,3553,3553,0,1,1,10x41x41x2,10x100x1x1,10x10x10x2,0.2378,0,0,0,0
NavierStokes_1|A0|obfuscated|1,NavierStokes_1,navier-stokes,explicit,advection/diffusion,human,A0,none,valid,obfuscated,1,code,trajectory,math,description,,navier-stokes,explicit,,585,455,-130,3553,3553,0,1,1,10x41x41x2,10x100x1x1,10x10x10x2,0.2378,0,0,0,0
NavierStokes_1|A0|real|0,NavierStokes_1,navier-stokes,explicit,advection/diffusion,human,A0,none,valid,real,0,math,trajectory,code,description,,navier-stokes,explicit,,585,455,-130,3553,3553,0,1,1,10x41x41x2,10x100x1x1,10x10x10x2,0.2378,0,0,0,0
NavierStokes_1|A0|real|1,NavierStokes_1,navier-stokes,explicit,advection/diffusion,human,A0,none,valid,real,1,code,trajectory,math,description,,navier-stokes,explicit,,585,455,-130,3553,3553,0,1,1,10x41x41x2,10x100x1x1,10x10x10x2,0.2378,0,0,0,0
NavierStokes_1|X_C|obfuscated|0,NavierStokes_1,navier-stokes,explicit,advection/diffusion,human,X_C,code,valid,obfuscated,0,code,trajectory,description,math,1,navier-stokes,explicit,,585,455,-130,3553,3553,0,1,1,10x41x41x2,10x100x1x1,10x10x10x2,0.2378,0,0,0,0
NavierStokes_1|X_C|obfuscated|1,NavierStokes_1,navier-stokes,explicit,advection/diffusion,human,X_C,code,valid,obfuscated,1,trajectory,description,code,math,3,navier-stokes,explicit,,585,455,-130,3553,3553,0,1,1,10x41x41x2,10x100x1x1,10x10x10x2,0.2378,0,0,0,0
NavierStokes_1|X_C|real|0,NavierStokes_1,navier-stokes,explicit,advection/diffusion,human,X_C,code,valid,real,0,code,trajectory,description,math,1,navier-stokes,explicit,,585,455,-130,3553,3553,0,1,1,10x41x41x2,10x100x1x1,10x10x10x2,0.2378,0,0,0,0
NavierStokes_1|X_C|real|1,NavierStokes_1,navier-stokes,explicit,advection/diffusion,human,X_C,code,valid,real,1,trajectory,description,code,math,3,navier-stokes,explicit,,585,455,-130,3553,3553,0,1,1,10x41x41x2,10x100x1x1,10x10x10x2,0.2378,0,0,0,0
NavierStokes_1|X_D|obfuscated|0,NavierStokes_1,navier-stokes,explicit,advection/diffusion,human,X_D,description,valid,obfuscated,0,description,code,math,trajectory,1,navier-stokes,explicit,,585,455,-130,3553,3553,0,1,1,10x41x41x2,10x100x1x1,10x10x10x2,0.2378,0,0,0,0
NavierStokes_1|X_D|obfuscated|1,NavierStokes_1,navier-stokes,explicit,advection/diffusion,human,X_D,description,valid,obfuscated,1,math,code,description,trajectory,3,navier-stokes,explicit,,585,455,-130,3553,3553,0,1,1,10x41x41x2,10x100x1x1,10x10x10x2,0.2378,0,0,0,0
NavierStokes_1|X_D|real|0,NavierStokes_1,navier-stokes,explicit,advection/diffusion,human,X_D,description,valid,real,0,description,code,math,trajectory,1,navier-stokes,explicit,,585,455,-130,3553,3553,0,1,1,10x41x41x2,10x100x1x1,10x10x10x2,0.2378,0,0,0,0
NavierStokes_1|X_D|real|1,NavierStokes_1,navier-stokes,explicit,advection/diffusion,human,X_D,description,valid,real,1,math,code,description,trajectory,3,navier-stokes,explicit,,585,455,-130,3553,3553,0,1,1,10x41x41x2,10x100x1x1,10x10x10x2,0.2378,0,0,0,0
NavierStokes_1|X_M|obfuscated|0,NavierStokes_1,navier-stokes,explicit,advection/diffusion,human,X_M,math,valid,obfuscated,0,math,code,description,trajectory,1,navier-stokes,explicit,,585,455,-130,3553,3553,0,1,1,10x41x41x2,10x100x1x1,10x10x10x2,0.2378,0,0,0,0
NavierStokes_1|X_M|obfuscated|1,NavierStokes_1,navier-stokes,explicit,advection/diffusion,human,X_M,math,valid,obfuscated,1,trajectory,code,math,description,3,navier-stokes,explicit,,585,455,-130,3553,3553,0,1,1,10x41x41x2,10x100x1x1,10x10x10x2,0.2378,0,0,0,0
NavierStokes_1|X_M|real|0,NavierStokes_1,navier-stokes,explicit,advection/diffusion,human,X_M,math,valid,real,0,math,code,description,trajectory,1,navier-stokes,explicit,,585,455,-130,3553,3553,0,1,1,10x41x41x2,10x100x1x1,10x10x10x2,0.2378,0,0,0,0
NavierStokes_1|X_M|real|1,NavierStokes_1,navier-stokes,explicit,advection/diffusion,human,X_M,math,valid,real,1,trajectory,code,math,description,3,navier-stokes,explicit,,585,455,-130,3553,3553,0,1,1,10x41x41x2,10x100x1x1,10x10x10x2,0.2378,0,0,0,0
NavierStokes_1|X_T_exec|obfuscated|0,NavierStokes_1,navier-stokes,explicit,advection/diffusion,human,X_T_exec,trajectory,T_exec,obfuscated,0,trajectory,code,math,description,1,navier-stokes,explicit,,585,455,-130,3553,3553,0,1,1,10x41x41x2,10x100x1x1,10x10x10x2,0.2378,0,0,0,1
NavierStokes_1|X_T_exec|obfuscated|1,NavierStokes_1,navier-stokes,explicit,advection/diffusion,human,X_T_exec,trajectory,T_exec,obfuscated,1,code,math,trajectory,description,3,navier-stokes,explicit,,585,455,-130,3553,3553,0,1,1,10x41x41x2,10x100x1x1,10x10x10x2,0.2378,0,0,0,1
NavierStokes_1|X_T_exec|real|0,NavierStokes_1,navier-stokes,explicit,advection/diffusion,human,X_T_exec,trajectory,T_exec,real,0,trajectory,code,math,description,1,navier-stokes,explicit,,585,455,-130,3553,3553,0,1,1,10x41x41x2,10x100x1x1,10x10x10x2,0.2378,0,0,0,1
NavierStokes_1|X_T_exec|real|1,NavierStokes_1,navier-stokes,explicit,advection/diffusion,human,X_T_exec,trajectory,T_exec,real,1,code,math,trajectory,description,3,navier-stokes,explicit,,585,455,-130,3553,3553,0,1,1,10x41x41x2,10x100x1x1,10x10x10x2,0.2378,0,0,0,1
NavierStokes_1|X_T_rand|obfuscated|0,NavierStokes_1,navier-stokes,explicit,advection/diffusion,human,X_T_rand,trajectory,T_rand,obfuscated,0,trajectory,description,math,code,1,navier-stokes,explicit,,585,455,-130,3553,3553,0,1,1,10x41x41x2,10x100x1x1,10x10x10x2,0.2378,0,0,0,0
NavierStokes_1|X_T_rand|obfuscated|1,NavierStokes_1,navier-stokes,explicit,advection/diffusion,human,X_T_rand,trajectory,T_rand,obfuscated,1,math,code,trajectory,description,3,navier-stokes,explicit,,585,455,-130,3553,3553,0,1,1,10x41x41x2,10x100x1x1,10x10x10x2,0.2378,0,0,0,0
NavierStokes_1|X_T_rand|real|0,NavierStokes_1,navier-stokes,explicit,advection/diffusion,human,X_T_rand,trajectory,T_rand,real,0,trajectory,description,math,code,1,navier-stokes,explicit,,585,455,-130,3553,3553,0,1,1,10x41x41x2,10x100x1x1,10x10x10x2,0.2378,0,0,0,0
NavierStokes_1|X_T_rand|real|1,NavierStokes_1,navier-stokes,explicit,advection/diffusion,human,X_T_rand,trajectory,T_rand,real,1,math,code,trajectory,description,3,navier-stokes,explicit,,585,455,-130,3553,3553,0,1,1,10x41x41x2,10x100x1x1,10x10x10x2,0.2378,0,0,0,0
NavierStokes_1|X_T_shuf|obfuscated|0,NavierStokes_1,navier-stokes,explicit,advection/diffusion,human,X_T_shuf,trajectory,T_shuf,obfuscated,0,trajectory,math,description,code,1,navier-stokes,explicit,,585,455,-130,3553,3553,0,1,1,10x41x41x2,10x100x1x1,10x10x10x2,0.2378,0,0,0,0
NavierStokes_1|X_T_shuf|obfuscated|1,NavierStokes_1,navier-stokes,explicit,advection/diffusion,human,X_T_shuf,trajectory,T_shuf,obfuscated,1,code,description,trajectory,math,3,navier-stokes,explicit,,585,455,-130,3553,3553,0,1,1,10x41x41x2,10x100x1x1,10x10x10x2,0.2378,0,0,0,0
NavierStokes_1|X_T_shuf|real|0,NavierStokes_1,navier-stokes,explicit,advection/diffusion,human,X_T_shuf,trajectory,T_shuf,real,0,trajectory,math,description,code,1,navier-stokes,explicit,,585,455,-130,3553,3553,0,1,1,10x41x41x2,10x100x1x1,10x10x10x2,0.2378,0,0,0,0
NavierStokes_1|X_T_shuf|real|1,NavierStokes_1,navier-stokes,explicit,advection/diffusion,human,X_T_shuf,trajectory,T_shuf,real,1,code,description,trajectory,math,3,navier-stokes,explicit,,585,455,-130,3553,3553,0,1,1,10x41x41x2,10x100x1x1,10x10x10x2,0.2378,0,0,0,0
NavierStokes_1|X_T_swap|obfuscated|0,NavierStokes_1,navier-stokes,explicit,advection/diffusion,human,X_T_swap,trajectory,T_swap,obfuscated,0,trajectory,description,code,math,1,navier-stokes,explicit,,585,455,-130,3553,3553,0,1,1,10x41x41x2,10x100x1x1,10x10x10x2,0.2378,0,0,0,0
NavierStokes_1|X_T_swap|obfuscated|1,NavierStokes_1,navier-stokes,explicit,advection/diffusion,human,X_T_swap,trajectory,T_swap,obfuscated,1,description,code,trajectory,math,3,navier-stokes,explicit,,585,455,-130,3553,3553,0,1,1,10x41x41x2,10x100x1x1,10x10x10x2,0.2378,0,0,0,0
NavierStokes_1|X_T_swap|real|0,NavierStokes_1,navier-stokes,explicit,advection/diffusion,human,X_T_swap,trajectory,T_swap,real,0,trajectory,description,code,math,1,navier-stokes,explicit,,585,455,-130,3553,3553,0,1,1,10x41x41x2,10x100x1x1,10x10x10x2,0.2378,0,0,0,0
NavierStokes_1|X_T_swap|real|1,NavierStokes_1,navier-stokes,explicit,advection/diffusion,human,X_T_swap,trajectory,T_swap,real,1,description,code,trajectory,math,3,navier-stokes,explicit,,585,455,-130,3553,3553,0,1,1,10x41x41x2,10x100x1x1,10x10x10x2,0.2378,0,0,0,0
NavierStokes_2|A0|obfuscated|0,NavierStokes_2,navier-stokes,explicit,advection/diffusion,human,A0,none,valid,obfuscated,0,math,trajectory,code,description,,navier-stokes,explicit,,619,402,-217,6459,6459,0,0,0,10x41x41x2,10x32x32x3,10x10x10x2,0.0295,0,0,0,0
NavierStokes_2|A0|obfuscated|1,NavierStokes_2,navier-stokes,explicit,advection/diffusion,human,A0,none,valid,obfuscated,1,trajectory,description,math,code,,navier-stokes,explicit,,619,402,-217,6459,6459,0,0,0,10x41x41x2,10x32x32x3,10x10x10x2,0.0295,0,0,0,0
NavierStokes_2|A0|real|0,NavierStokes_2,navier-stokes,explicit,advection/diffusion,human,A0,none,valid,real,0,math,trajectory,code,description,,navier-stokes,explicit,,619,402,-217,6459,6459,0,0,0,10x41x41x2,10x32x32x3,10x10x10x2,0.0295,0,0,0,0
NavierStokes_2|A0|real|1,NavierStokes_2,navier-stokes,explicit,advection/diffusion,human,A0,none,valid,real,1,trajectory,description,math,code,,navier-stokes,explicit,,619,402,-217,6459,6459,0,0,0,10x41x41x2,10x32x32x3,10x10x10x2,0.0295,0,0,0,0
NavierStokes_2|X_C|obfuscated|0,NavierStokes_2,navier-stokes,explicit,advection/diffusion,human,X_C,code,valid,obfuscated,0,description,code,math,trajectory,2,navier-stokes,explicit,,619,402,-217,6459,6459,0,0,0,10x41x41x2,10x32x32x3,10x10x10x2,0.0295,0,0,0,0
NavierStokes_2|X_C|obfuscated|1,NavierStokes_2,navier-stokes,explicit,advection/diffusion,human,X_C,code,valid,obfuscated,1,description,math,trajectory,code,4,navier-stokes,explicit,,619,402,-217,6459,6459,0,0,0,10x41x41x2,10x32x32x3,10x10x10x2,0.0295,0,0,0,0
NavierStokes_2|X_C|real|0,NavierStokes_2,navier-stokes,explicit,advection/diffusion,human,X_C,code,valid,real,0,description,code,math,trajectory,2,navier-stokes,explicit,,619,402,-217,6459,6459,0,0,0,10x41x41x2,10x32x32x3,10x10x10x2,0.0295,0,0,0,0
NavierStokes_2|X_C|real|1,NavierStokes_2,navier-stokes,explicit,advection/diffusion,human,X_C,code,valid,real,1,description,math,trajectory,code,4,navier-stokes,explicit,,619,402,-217,6459,6459,0,0,0,10x41x41x2,10x32x32x3,10x10x10x2,0.0295,0,0,0,0
NavierStokes_2|X_D|obfuscated|0,NavierStokes_2,navier-stokes,explicit,advection/diffusion,human,X_D,description,valid,obfuscated,0,trajectory,description,code,math,2,navier-stokes,explicit,,619,402,-217,6459,6459,0,0,0,10x41x41x2,10x32x32x3,10x10x10x2,0.0295,0,0,0,0
NavierStokes_2|X_D|obfuscated|1,NavierStokes_2,navier-stokes,explicit,advection/diffusion,human,X_D,description,valid,obfuscated,1,code,trajectory,math,description,4,navier-stokes,explicit,,619,402,-217,6459,6459,0,0,0,10x41x41x2,10x32x32x3,10x10x10x2,0.0295,0,0,0,0
NavierStokes_2|X_D|real|0,NavierStokes_2,navier-stokes,explicit,advection/diffusion,human,X_D,description,valid,real,0,trajectory,description,code,math,2,navier-stokes,explicit,,619,402,-217,6459,6459,0,0,0,10x41x41x2,10x32x32x3,10x10x10x2,0.0295,0,0,0,0
NavierStokes_2|X_D|real|1,NavierStokes_2,navier-stokes,explicit,advection/diffusion,human,X_D,description,valid,real,1,code,trajectory,math,description,4,navier-stokes,explicit,,619,402,-217,6459,6459,0,0,0,10x41x41x2,10x32x32x3,10x10x10x2,0.0295,0,0,0,0
NavierStokes_2|X_M|obfuscated|0,NavierStokes_2,navier-stokes,explicit,advection/diffusion,human,X_M,math,valid,obfuscated,0,code,math,description,trajectory,2,navier-stokes,explicit,,619,402,-217,6459,6459,0,0,0,10x41x41x2,10x32x32x3,10x10x10x2,0.0295,0,0,0,0
NavierStokes_2|X_M|obfuscated|1,NavierStokes_2,navier-stokes,explicit,advection/diffusion,human,X_M,math,valid,obfuscated,1,code,trajectory,description,math,4,navier-stokes,explicit,,619,402,-217,6459,6459,0,0,0,10x41x41x2,10x32x32x3,10x10x10x2,0.0295,0,0,0,0
NavierStokes_2|X_M|real|0,NavierStokes_2,navier-stokes,explicit,advection/diffusion,human,X_M,math,valid,real,0,code,math,description,trajectory,2,navier-stokes,explicit,,619,402,-217,6459,6459,0,0,0,10x41x41x2,10x32x32x3,10x10x10x2,0.0295,0,0,0,0
NavierStokes_2|X_M|real|1,NavierStokes_2,navier-stokes,explicit,advection/diffusion,human,X_M,math,valid,real,1,code,trajectory,description,math,4,navier-stokes,explicit,,619,402,-217,6459,6459,0,0,0,10x41x41x2,10x32x32x3,10x10x10x2,0.0295,0,0,0,0
NavierStokes_2|X_T_exec|obfuscated|0,NavierStokes_2,navier-stokes,explicit,advection/diffusion,human,X_T_exec,trajectory,T_exec,obfuscated,0,description,trajectory,code,math,2,navier-stokes,explicit,,619,402,-217,6459,6459,0,0,0,10x41x41x2,10x32x32x3,10x10x10x2,0.0295,0,0,0,1
NavierStokes_2|X_T_exec|obfuscated|1,NavierStokes_2,navier-stokes,explicit,advection/diffusion,human,X_T_exec,trajectory,T_exec,obfuscated,1,math,description,code,trajectory,4,navier-stokes,explicit,,619,402,-217,6459,6459,0,0,0,10x41x41x2,10x32x32x3,10x10x10x2,0.0295,0,0,0,1
NavierStokes_2|X_T_exec|real|0,NavierStokes_2,navier-stokes,explicit,advection/diffusion,human,X_T_exec,trajectory,T_exec,real,0,description,trajectory,code,math,2,navier-stokes,explicit,,619,402,-217,6459,6459,0,0,0,10x41x41x2,10x32x32x3,10x10x10x2,0.0295,0,0,0,1
NavierStokes_2|X_T_exec|real|1,NavierStokes_2,navier-stokes,explicit,advection/diffusion,human,X_T_exec,trajectory,T_exec,real,1,math,description,code,trajectory,4,navier-stokes,explicit,,619,402,-217,6459,6459,0,0,0,10x41x41x2,10x32x32x3,10x10x10x2,0.0295,0,0,0,1
NavierStokes_2|X_T_rand|obfuscated|0,NavierStokes_2,navier-stokes,explicit,advection/diffusion,human,X_T_rand,trajectory,T_rand,obfuscated,0,math,trajectory,description,code,2,navier-stokes,explicit,,619,402,-217,6459,6459,0,0,0,10x41x41x2,10x32x32x3,10x10x10x2,0.0295,0,0,0,0
NavierStokes_2|X_T_rand|obfuscated|1,NavierStokes_2,navier-stokes,explicit,advection/diffusion,human,X_T_rand,trajectory,T_rand,obfuscated,1,math,code,description,trajectory,4,navier-stokes,explicit,,619,402,-217,6459,6459,0,0,0,10x41x41x2,10x32x32x3,10x10x10x2,0.0295,0,0,0,0
NavierStokes_2|X_T_rand|real|0,NavierStokes_2,navier-stokes,explicit,advection/diffusion,human,X_T_rand,trajectory,T_rand,real,0,math,trajectory,description,code,2,navier-stokes,explicit,,619,402,-217,6459,6459,0,0,0,10x41x41x2,10x32x32x3,10x10x10x2,0.0295,0,0,0,0
NavierStokes_2|X_T_rand|real|1,NavierStokes_2,navier-stokes,explicit,advection/diffusion,human,X_T_rand,trajectory,T_rand,real,1,math,code,description,trajectory,4,navier-stokes,explicit,,619,402,-217,6459,6459,0,0,0,10x41x41x2,10x32x32x3,10x10x10x2,0.0295,0,0,0,0
NavierStokes_2|X_T_shuf|obfuscated|0,NavierStokes_2,navier-stokes,explicit,advection/diffusion,human,X_T_shuf,trajectory,T_shuf,obfuscated,0,math,trajectory,code,description,2,navier-stokes,explicit,,619,402,-217,6459,6459,0,0,0,10x41x41x2,10x32x32x3,10x10x10x2,0.0295,0,0,0,0
NavierStokes_2|X_T_shuf|obfuscated|1,NavierStokes_2,navier-stokes,explicit,advection/diffusion,human,X_T_shuf,trajectory,T_shuf,obfuscated,1,code,math,description,trajectory,4,navier-stokes,explicit,,619,402,-217,6459,6459,0,0,0,10x41x41x2,10x32x32x3,10x10x10x2,0.0295,0,0,0,0
NavierStokes_2|X_T_shuf|real|0,NavierStokes_2,navier-stokes,explicit,advection/diffusion,human,X_T_shuf,trajectory,T_shuf,real,0,math,trajectory,code,description,2,navier-stokes,explicit,,619,402,-217,6459,6459,0,0,0,10x41x41x2,10x32x32x3,10x10x10x2,0.0295,0,0,0,0
NavierStokes_2|X_T_shuf|real|1,NavierStokes_2,navier-stokes,explicit,advection/diffusion,human,X_T_shuf,trajectory,T_shuf,real,1,code,math,description,trajectory,4,navier-stokes,explicit,,619,402,-217,6459,6459,0,0,0,10x41x41x2,10x32x32x3,10x10x10x2,0.0295,0,0,0,0
NavierStokes_2|X_T_swap|obfuscated|0,NavierStokes_2,navier-stokes,explicit,advection/diffusion,human,X_T_swap,trajectory,T_swap,obfuscated,0,code,trajectory,math,description,2,navier-stokes,explicit,,619,402,-217,6459,6459,0,0,0,10x41x41x2,10x32x32x3,10x10x10x2,0.0295,0,0,0,0
NavierStokes_2|X_T_swap|obfuscated|1,NavierStokes_2,navier-stokes,explicit,advection/diffusion,human,X_T_swap,trajectory,T_swap,obfuscated,1,description,math,code,trajectory,4,navier-stokes,explicit,,619,402,-217,6459,6459,0,0,0,10x41x41x2,10x32x32x3,10x10x10x2,0.0295,0,0,0,0
NavierStokes_2|X_T_swap|real|0,NavierStokes_2,navier-stokes,explicit,advection/diffusion,human,X_T_swap,trajectory,T_swap,real,0,code,trajectory,math,description,2,navier-stokes,explicit,,619,402,-217,6459,6459,0,0,0,10x41x41x2,10x32x32x3,10x10x10x2,0.0295,0,0,0,0
NavierStokes_2|X_T_swap|real|1,NavierStokes_2,navier-stokes,explicit,advection/diffusion,human,X_T_swap,trajectory,T_swap,real,1,description,math,code,trajectory,4,navier-stokes,explicit,,619,402,-217,6459,6459,0,0,0,10x41x41x2,10x32x32x3,10x10x10x2,0.0295,0,0,0,0
NavierStokes_3|A0|obfuscated|0,NavierStokes_3,navier-stokes,explicit/spectral,advection/diffusion,human,A0,none,valid,obfuscated,0,math,trajectory,description,code,,navier-stokes,explicit/spectral,,581,455,-126,3356,3334,-22,0,0,10x32x32x3,10x50x1x1,10x8x8x3,0.3129,0,1,0,0
NavierStokes_3|A0|obfuscated|1,NavierStokes_3,navier-stokes,explicit/spectral,advection/diffusion,human,A0,none,valid,obfuscated,1,math,trajectory,code,description,,navier-stokes,explicit/spectral,,581,455,-126,3356,3334,-22,0,0,10x32x32x3,10x50x1x1,10x8x8x3,0.3129,0,1,0,0
NavierStokes_3|A0|real|0,NavierStokes_3,navier-stokes,explicit/spectral,advection/diffusion,human,A0,none,valid,real,0,math,trajectory,description,code,,navier-stokes,explicit/spectral,,581,455,-126,3356,3334,-22,0,0,10x32x32x3,10x50x1x1,10x8x8x3,0.3129,0,1,0,0
NavierStokes_3|A0|real|1,NavierStokes_3,navier-stokes,explicit/spectral,advection/diffusion,human,A0,none,valid,real,1,math,trajectory,code,description,,navier-stokes,explicit/spectral,,581,455,-126,3356,3334,-22,0,0,10x32x32x3,10x50x1x1,10x8x8x3,0.3129,0,1,0,0
NavierStokes_3|X_C|obfuscated|0,NavierStokes_3,navier-stokes,explicit/spectral,advection/diffusion,human,X_C,code,valid,obfuscated,0,description,trajectory,code,math,3,navier-stokes,explicit/spectral,,581,455,-126,3356,3334,-22,0,0,10x32x32x3,10x50x1x1,10x8x8x3,0.3129,0,1,0,0
NavierStokes_3|X_C|obfuscated|1,NavierStokes_3,navier-stokes,explicit/spectral,advection/diffusion,human,X_C,code,valid,obfuscated,1,code,trajectory,description,math,1,navier-stokes,explicit/spectral,,581,455,-126,3356,3334,-22,0,0,10x32x32x3,10x50x1x1,10x8x8x3,0.3129,0,1,0,0
NavierStokes_3|X_C|real|0,NavierStokes_3,navier-stokes,explicit/spectral,advection/diffusion,human,X_C,code,valid,real,0,description,trajectory,code,math,3,navier-stokes,explicit/spectral,,581,455,-126,3356,3334,-22,0,0,10x32x32x3,10x50x1x1,10x8x8x3,0.3129,0,1,0,0
NavierStokes_3|X_C|real|1,NavierStokes_3,navier-stokes,explicit/spectral,advection/diffusion,human,X_C,code,valid,real,1,code,trajectory,description,math,1,navier-stokes,explicit/spectral,,581,455,-126,3356,3334,-22,0,0,10x32x32x3,10x50x1x1,10x8x8x3,0.3129,0,1,0,0
NavierStokes_3|X_D|obfuscated|0,NavierStokes_3,navier-stokes,explicit/spectral,advection/diffusion,human,X_D,description,valid,obfuscated,0,trajectory,code,description,math,3,navier-stokes,explicit/spectral,,581,455,-126,3356,3334,-22,0,0,10x32x32x3,10x50x1x1,10x8x8x3,0.3129,0,1,0,0
NavierStokes_3|X_D|obfuscated|1,NavierStokes_3,navier-stokes,explicit/spectral,advection/diffusion,human,X_D,description,valid,obfuscated,1,description,code,trajectory,math,1,navier-stokes,explicit/spectral,,581,455,-126,3356,3334,-22,0,0,10x32x32x3,10x50x1x1,10x8x8x3,0.3129,0,1,0,0
NavierStokes_3|X_D|real|0,NavierStokes_3,navier-stokes,explicit/spectral,advection/diffusion,human,X_D,description,valid,real,0,trajectory,code,description,math,3,navier-stokes,explicit/spectral,,581,455,-126,3356,3334,-22,0,0,10x32x32x3,10x50x1x1,10x8x8x3,0.3129,0,1,0,0
NavierStokes_3|X_D|real|1,NavierStokes_3,navier-stokes,explicit/spectral,advection/diffusion,human,X_D,description,valid,real,1,description,code,trajectory,math,1,navier-stokes,explicit/spectral,,581,455,-126,3356,3334,-22,0,0,10x32x32x3,10x50x1x1,10x8x8x3,0.3129,0,1,0,0
NavierStokes_3|X_M|obfuscated|0,NavierStokes_3,navier-stokes,explicit/spectral,advection/diffusion,human,X_M,math,valid,obfuscated,0,description,code,math,trajectory,3,navier-stokes,explicit/spectral,,581,455,-126,3356,3334,-22,0,0,10x32x32x3,10x50x1x1,10x8x8x3,0.3129,0,1,0,0
NavierStokes_3|X_M|obfuscated|1,NavierStokes_3,navier-stokes,explicit/spectral,advection/diffusion,human,X_M,math,valid,obfuscated,1,math,description,trajectory,code,1,navier-stokes,explicit/spectral,,581,455,-126,3356,3334,-22,0,0,10x32x32x3,10x50x1x1,10x8x8x3,0.3129,0,1,0,0
NavierStokes_3|X_M|real|0,NavierStokes_3,navier-stokes,explicit/spectral,advection/diffusion,human,X_M,math,valid,real,0,description,code,math,trajectory,3,navier-stokes,explicit/spectral,,581,455,-126,3356,3334,-22,0,0,10x32x32x3,10x50x1x1,10x8x8x3,0.3129,0,1,0,0
NavierStokes_3|X_M|real|1,NavierStokes_3,navier-stokes,explicit/spectral,advection/diffusion,human,X_M,math,valid,real,1,math,description,trajectory,code,1,navier-stokes,explicit/spectral,,581,455,-126,3356,3334,-22,0,0,10x32x32x3,10x50x1x1,10x8x8x3,0.3129,0,1,0,0
NavierStokes_3|X_T_exec|obfuscated|0,NavierStokes_3,navier-stokes,explicit/spectral,advection/diffusion,human,X_T_exec,trajectory,T_exec,obfuscated,0,code,math,trajectory,description,3,navier-stokes,explicit/spectral,,581,455,-126,3356,3334,-22,0,0,10x32x32x3,10x50x1x1,10x8x8x3,0.3129,0,1,0,1
NavierStokes_3|X_T_exec|obfuscated|1,NavierStokes_3,navier-stokes,explicit/spectral,advection/diffusion,human,X_T_exec,trajectory,T_exec,obfuscated,1,trajectory,code,description,math,1,navier-stokes,explicit/spectral,,581,455,-126,3356,3334,-22,0,0,10x32x32x3,10x50x1x1,10x8x8x3,0.3129,0,1,0,1
NavierStokes_3|X_T_exec|real|0,NavierStokes_3,navier-stokes,explicit/spectral,advection/diffusion,human,X_T_exec,trajectory,T_exec,real,0,code,math,trajectory,description,3,navier-stokes,explicit/spectral,,581,455,-126,3356,3334,-22,0,0,10x32x32x3,10x50x1x1,10x8x8x3,0.3129,0,1,0,1
NavierStokes_3|X_T_exec|real|1,NavierStokes_3,navier-stokes,explicit/spectral,advection/diffusion,human,X_T_exec,trajectory,T_exec,real,1,trajectory,code,description,math,1,navier-stokes,explicit/spectral,,581,455,-126,3356,3334,-22,0,0,10x32x32x3,10x50x1x1,10x8x8x3,0.3129,0,1,0,1
NavierStokes_3|X_T_rand|obfuscated|0,NavierStokes_3,navier-stokes,explicit/spectral,advection/diffusion,human,X_T_rand,trajectory,T_rand,obfuscated,0,description,math,trajectory,code,3,navier-stokes,explicit/spectral,,581,455,-126,3356,3334,-22,0,0,10x32x32x3,10x50x1x1,10x8x8x3,0.3129,0,1,0,0
NavierStokes_3|X_T_rand|obfuscated|1,NavierStokes_3,navier-stokes,explicit/spectral,advection/diffusion,human,X_T_rand,trajectory,T_rand,obfuscated,1,trajectory,description,code,math,1,navier-stokes,explicit/spectral,,581,455,-126,3356,3334,-22,0,0,10x32x32x3,10x50x1x1,10x8x8x3,0.3129,0,1,0,0
NavierStokes_3|X_T_rand|real|0,NavierStokes_3,navier-stokes,explicit/spectral,advection/diffusion,human,X_T_rand,trajectory,T_rand,real,0,description,math,trajectory,code,3,navier-stokes,explicit/spectral,,581,455,-126,3356,3334,-22,0,0,10x32x32x3,10x50x1x1,10x8x8x3,0.3129,0,1,0,0
NavierStokes_3|X_T_rand|real|1,NavierStokes_3,navier-stokes,explicit/spectral,advection/diffusion,human,X_T_rand,trajectory,T_rand,real,1,trajectory,description,code,math,1,navier-stokes,explicit/spectral,,581,455,-126,3356,3334,-22,0,0,10x32x32x3,10x50x1x1,10x8x8x3,0.3129,0,1,0,0
NavierStokes_3|X_T_shuf|obfuscated|0,NavierStokes_3,navier-stokes,explicit/spectral,advection/diffusion,human,X_T_shuf,trajectory,T_shuf,obfuscated,0,code,description,trajectory,math,3,navier-stokes,explicit/spectral,,581,455,-126,3356,3334,-22,0,0,10x32x32x3,10x50x1x1,10x8x8x3,0.3129,0,1,0,0
NavierStokes_3|X_T_shuf|obfuscated|1,NavierStokes_3,navier-stokes,explicit/spectral,advection/diffusion,human,X_T_shuf,trajectory,T_shuf,obfuscated,1,trajectory,math,description,code,1,navier-stokes,explicit/spectral,,581,455,-126,3356,3334,-22,0,0,10x32x32x3,10x50x1x1,10x8x8x3,0.3129,0,1,0,0
NavierStokes_3|X_T_shuf|real|0,NavierStokes_3,navier-stokes,explicit/spectral,advection/diffusion,human,X_T_shuf,trajectory,T_shuf,real,0,code,description,trajectory,math,3,navier-stokes,explicit/spectral,,581,455,-126,3356,3334,-22,0,0,10x32x32x3,10x50x1x1,10x8x8x3,0.3129,0,1,0,0
NavierStokes_3|X_T_shuf|real|1,NavierStokes_3,navier-stokes,explicit/spectral,advection/diffusion,human,X_T_shuf,trajectory,T_shuf,real,1,trajectory,math,description,code,1,navier-stokes,explicit/spectral,,581,455,-126,3356,3334,-22,0,0,10x32x32x3,10x50x1x1,10x8x8x3,0.3129,0,1,0,0
NavierStokes_3|X_T_swap|obfuscated|0,NavierStokes_3,navier-stokes,explicit/spectral,advection/diffusion,human,X_T_swap,trajectory,T_swap,obfuscated,0,description,math,trajectory,code,3,navier-stokes,explicit/spectral,,581,455,-126,3356,3334,-22,0,0,10x32x32x3,10x50x1x1,10x8x8x3,0.3129,0,1,0,0
NavierStokes_3|X_T_swap|obfuscated|1,NavierStokes_3,navier-stokes,explicit/spectral,advection/diffusion,human,X_T_swap,trajectory,T_swap,obfuscated,1,trajectory,math,code,description,1,navier-stokes,explicit/spectral,,581,455,-126,3356,3334,-22,0,0,10x32x32x3,10x50x1x1,10x8x8x3,0.3129,0,1,0,0
NavierStokes_3|X_T_swap|real|0,NavierStokes_3,navier-stokes,explicit/spectral,advection/diffusion,human,X_T_swap,trajectory,T_swap,real,0,description,math,trajectory,code,3,navier-stokes,explicit/spectral,,581,455,-126,3356,3334,-22,0,0,10x32x32x3,10x50x1x1,10x8x8x3,0.3129,0,1,0,0
NavierStokes_3|X_T_swap|real|1,NavierStokes_3,navier-stokes,explicit/spectral,advection/diffusion,human,X_T_swap,trajectory,T_swap,real,1,trajectory,math,code,description,1,navier-stokes,explicit/spectral,,581,455,-126,3356,3334,-22,0,0,10x32x32x3,10x50x1x1,10x8x8x3,0.3129,0,1,0,0
NavierStokes_4|A0|obfuscated|0,NavierStokes_4,navier-stokes,explicit/implicit/spectral,advection/diffusion,human,A0,none,valid,obfuscated,0,trajectory,math,code,description,,navier-stokes,explicit/implicit/spectral,,673,434,-239,6149,5907,-242,0,0,10x64x64x1,10x100x1x1,10x14x14x1,0.8907,1,1,0,0
NavierStokes_4|A0|obfuscated|1,NavierStokes_4,navier-stokes,explicit/implicit/spectral,advection/diffusion,human,A0,none,valid,obfuscated,1,code,math,trajectory,description,,navier-stokes,explicit/implicit/spectral,,673,434,-239,6149,5907,-242,0,0,10x64x64x1,10x100x1x1,10x14x14x1,0.8907,1,1,0,0
NavierStokes_4|A0|real|0,NavierStokes_4,navier-stokes,explicit/implicit/spectral,advection/diffusion,human,A0,none,valid,real,0,trajectory,math,code,description,,navier-stokes,explicit/implicit/spectral,,673,434,-239,6149,5907,-242,0,0,10x64x64x1,10x100x1x1,10x14x14x1,0.8907,1,1,0,0
NavierStokes_4|A0|real|1,NavierStokes_4,navier-stokes,explicit/implicit/spectral,advection/diffusion,human,A0,none,valid,real,1,code,math,trajectory,description,,navier-stokes,explicit/implicit/spectral,,673,434,-239,6149,5907,-242,0,0,10x64x64x1,10x100x1x1,10x14x14x1,0.8907,1,1,0,0
NavierStokes_4|X_C|obfuscated|0,NavierStokes_4,navier-stokes,explicit/implicit/spectral,advection/diffusion,human,X_C,code,valid,obfuscated,0,math,trajectory,description,code,4,navier-stokes,explicit/implicit/spectral,,673,434,-239,6149,5907,-242,0,0,10x64x64x1,10x100x1x1,10x14x14x1,0.8907,1,1,0,0
NavierStokes_4|X_C|obfuscated|1,NavierStokes_4,navier-stokes,explicit/implicit/spectral,advection/diffusion,human,X_C,code,valid,obfuscated,1,description,code,math,trajectory,2,navier-stokes,explicit/implicit/spectral,,673,434,-239,6149,5907,-242,0,0,10x64x64x1,10x100x1x1,10x14x14x1,0.8907,1,1,0,0
NavierStokes_4|X_C|real|0,NavierStokes_4,navier-stokes,explicit/implicit/spectral,advection/diffusion,human,X_C,code,valid,real,0,math,trajectory,description,code,4,navier-stokes,explicit/implicit/spectral,,673,434,-239,6149,5907,-242,0,0,10x64x64x1,10x100x1x1,10x14x14x1,0.8907,1,1,0,0
NavierStokes_4|X_C|real|1,NavierStokes_4,navier-stokes,explicit/implicit/spectral,advection/diffusion,human,X_C,code,valid,real,1,description,code,math,trajectory,2,navier-stokes,explicit/implicit/spectral,,673,434,-239,6149,5907,-242,0,0,10x64x64x1,10x100x1x1,10x14x14x1,0.8907,1,1,0,0
NavierStokes_4|X_D|obfuscated|0,NavierStokes_4,navier-stokes,explicit/implicit/spectral,advection/diffusion,human,X_D,description,valid,obfuscated,0,code,math,trajectory,description,4,navier-stokes,explicit/implicit/spectral,,673,434,-239,6149,5907,-242,0,0,10x64x64x1,10x100x1x1,10x14x14x1,0.8907,1,1,0,0
NavierStokes_4|X_D|obfuscated|1,NavierStokes_4,navier-stokes,explicit/implicit/spectral,advection/diffusion,human,X_D,description,valid,obfuscated,1,math,description,code,trajectory,2,navier-stokes,explicit/implicit/spectral,,673,434,-239,6149,5907,-242,0,0,10x64x64x1,10x100x1x1,10x14x14x1,0.8907,1,1,0,0
NavierStokes_4|X_D|real|0,NavierStokes_4,navier-stokes,explicit/implicit/spectral,advection/diffusion,human,X_D,description,valid,real,0,code,math,trajectory,description,4,navier-stokes,explicit/implicit/spectral,,673,434,-239,6149,5907,-242,0,0,10x64x64x1,10x100x1x1,10x14x14x1,0.8907,1,1,0,0
NavierStokes_4|X_D|real|1,NavierStokes_4,navier-stokes,explicit/implicit/spectral,advection/diffusion,human,X_D,description,valid,real,1,math,description,code,trajectory,2,navier-stokes,explicit/implicit/spectral,,673,434,-239,6149,5907,-242,0,0,10x64x64x1,10x100x1x1,10x14x14x1,0.8907,1,1,0,0
NavierStokes_4|X_M|obfuscated|0,NavierStokes_4,navier-stokes,explicit/implicit/spectral,advection/diffusion,human,X_M,math,valid,obfuscated,0,description,code,trajectory,math,4,navier-stokes,explicit/implicit/spectral,,673,434,-239,6149,5907,-242,0,0,10x64x64x1,10x100x1x1,10x14x14x1,0.8907,1,1,0,0
NavierStokes_4|X_M|obfuscated|1,NavierStokes_4,navier-stokes,explicit/implicit/spectral,advection/diffusion,human,X_M,math,valid,obfuscated,1,trajectory,math,description,code,2,navier-stokes,explicit/implicit/spectral,,673,434,-239,6149,5907,-242,0,0,10x64x64x1,10x100x1x1,10x14x14x1,0.8907,1,1,0,0
NavierStokes_4|X_M|real|0,NavierStokes_4,navier-stokes,explicit/implicit/spectral,advection/diffusion,human,X_M,math,valid,real,0,description,code,trajectory,math,4,navier-stokes,explicit/implicit/spectral,,673,434,-239,6149,5907,-242,0,0,10x64x64x1,10x100x1x1,10x14x14x1,0.8907,1,1,0,0
NavierStokes_4|X_M|real|1,NavierStokes_4,navier-stokes,explicit/implicit/spectral,advection/diffusion,human,X_M,math,valid,real,1,trajectory,math,description,code,2,navier-stokes,explicit/implicit/spectral,,673,434,-239,6149,5907,-242,0,0,10x64x64x1,10x100x1x1,10x14x14x1,0.8907,1,1,0,0
NavierStokes_4|X_T_exec|obfuscated|0,NavierStokes_4,navier-stokes,explicit/implicit/spectral,advection/diffusion,human,X_T_exec,trajectory,T_exec,obfuscated,0,math,description,code,trajectory,4,navier-stokes,explicit/implicit/spectral,,673,434,-239,6149,5907,-242,0,0,10x64x64x1,10x100x1x1,10x14x14x1,0.8907,1,1,0,1
NavierStokes_4|X_T_exec|obfuscated|1,NavierStokes_4,navier-stokes,explicit/implicit/spectral,advection/diffusion,human,X_T_exec,trajectory,T_exec,obfuscated,1,math,trajectory,description,code,2,navier-stokes,explicit/implicit/spectral,,673,434,-239,6149,5907,-242,0,0,10x64x64x1,10x100x1x1,10x14x14x1,0.8907,1,1,0,1
NavierStokes_4|X_T_exec|real|0,NavierStokes_4,navier-stokes,explicit/implicit/spectral,advection/diffusion,human,X_T_exec,trajectory,T_exec,real,0,math,description,code,trajectory,4,navier-stokes,explicit/implicit/spectral,,673,434,-239,6149,5907,-242,0,0,10x64x64x1,10x100x1x1,10x14x14x1,0.8907,1,1,0,1
NavierStokes_4|X_T_exec|real|1,NavierStokes_4,navier-stokes,explicit/implicit/spectral,advection/diffusion,human,X_T_exec,trajectory,T_exec,real,1,math,trajectory,description,code,2,navier-stokes,explicit/implicit/spectral,,673,434,-239,6149,5907,-242,0,0,10x64x64x1,10x100x1x1,10x14x14x1,0.8907,1,1,0,1
NavierStokes_4|X_T_rand|obfuscated|0,NavierStokes_4,navier-stokes,explicit/implicit/spectral,advection/diffusion,human,X_T_rand,trajectory,T_rand,obfuscated,0,math,description,code,trajectory,4,navier-stokes,explicit/implicit/spectral,,673,434,-239,6149,5907,-242,0,0,10x64x64x1,10x100x1x1,10x14x14x1,0.8907,1,1,0,0
NavierStokes_4|X_T_rand|obfuscated|1,NavierStokes_4,navier-stokes,explicit/implicit/spectral,advection/diffusion,human,X_T_rand,trajectory,T_rand,obfuscated,1,code,trajectory,description,math,2,navier-stokes,explicit/implicit/spectral,,673,434,-239,6149,5907,-242,0,0,10x64x64x1,10x100x1x1,10x14x14x1,0.8907,1,1,0,0
NavierStokes_4|X_T_rand|real|0,NavierStokes_4,navier-stokes,explicit/implicit/spectral,advection/diffusion,human,X_T_rand,trajectory,T_rand,real,0,math,description,code,trajectory,4,navier-stokes,explicit/implicit/spectral,,673,434,-239,6149,5907,-242,0,0,10x64x64x1,10x100x1x1,10x14x14x1,0.8907,1,1,0,0
NavierStokes_4|X_T_rand|real|1,NavierStokes_4,navier-stokes,explicit/implicit/spectral,advection/diffusion,human,X_T_rand,trajectory,T_rand,real,1,code,trajectory,description,math,2,navier-stokes,explicit/implicit/spectral,,673,434,-239,6149,5907,-242,0,0,10x64x64x1,10x100x1x1,10x14x14x1,0.8907,1,1,0,0
NavierStokes_4|X_T_shuf|obfuscated|0,NavierStokes_4,navier-stokes,explicit/implicit/spectral,advection/diffusion,human,X_T_shuf,trajectory,T_shuf,obfuscated,0,math,description,code,trajectory,4,navier-stokes,explicit/implicit/spectral,,673,434,-239,6149,5907,-242,0,0,10x64x64x1,10x100x1x1,10x14x14x1,0.8907,1,1,0,0
NavierStokes_4|X_T_shuf|obfuscated|1,NavierStokes_4,navier-stokes,explicit/implicit/spectral,advection/diffusion,human,X_T_shuf,trajectory,T_shuf,obfuscated,1,math,trajectory,code,description,2,navier-stokes,explicit/implicit/spectral,,673,434,-239,6149,5907,-242,0,0,10x64x64x1,10x100x1x1,10x14x14x1,0.8907,1,1,0,0
NavierStokes_4|X_T_shuf|real|0,NavierStokes_4,navier-stokes,explicit/implicit/spectral,advection/diffusion,human,X_T_shuf,trajectory,T_shuf,real,0,math,description,code,trajectory,4,navier-stokes,explicit/implicit/spectral,,673,434,-239,6149,5907,-242,0,0,10x64x64x1,10x100x1x1,10x14x14x1,0.8907,1,1,0,0
NavierStokes_4|X_T_shuf|real|1,NavierStokes_4,navier-stokes,explicit/implicit/spectral,advection/diffusion,human,X_T_shuf,trajectory,T_shuf,real,1,math,trajectory,code,description,2,navier-stokes,explicit/implicit/spectral,,673,434,-239,6149,5907,-242,0,0,10x64x64x1,10x100x1x1,10x14x14x1,0.8907,1,1,0,0
NavierStokes_4|X_T_swap|obfuscated|0,NavierStokes_4,navier-stokes,explicit/implicit/spectral,advection/diffusion,human,X_T_swap,trajectory,T_swap,obfuscated,0,math,code,description,trajectory,4,navier-stokes,explicit/implicit/spectral,,673,434,-239,6149,5907,-242,0,0,10x64x64x1,10x100x1x1,10x14x14x1,0.8907,1,1,0,0
NavierStokes_4|X_T_swap|obfuscated|1,NavierStokes_4,navier-stokes,explicit/implicit/spectral,advection/diffusion,human,X_T_swap,trajectory,T_swap,obfuscated,1,code,trajectory,math,description,2,navier-stokes,explicit/implicit/spectral,,673,434,-239,6149,5907,-242,0,0,10x64x64x1,10x100x1x1,10x14x14x1,0.8907,1,1,0,0
NavierStokes_4|X_T_swap|real|0,NavierStokes_4,navier-stokes,explicit/implicit/spectral,advection/diffusion,human,X_T_swap,trajectory,T_swap,real,0,math,code,description,trajectory,4,navier-stokes,explicit/implicit/spectral,,673,434,-239,6149,5907,-242,0,0,10x64x64x1,10x100x1x1,10x14x14x1,0.8907,1,1,0,0
NavierStokes_4|X_T_swap|real|1,NavierStokes_4,navier-stokes,explicit/implicit/spectral,advection/diffusion,human,X_T_swap,trajectory,T_swap,real,1,code,trajectory,math,description,2,navier-stokes,explicit/implicit/spectral,,673,434,-239,6149,5907,-242,0,0,10x64x64x1,10x100x1x1,10x14x14x1,0.8907,1,1,0,0
NavierStokes_5|A0|obfuscated|0,NavierStokes_5,navier-stokes,explicit,diffusion/restoration,synthetic,A0,none,valid,obfuscated,0,code,math,description,trajectory,,navier-stokes,explicit,,590,349,-241,748,749,1,4,5,10x51x1x1,10x100x1x1,10x51x1x1,0.0,0,0,0,0
NavierStokes_5|A0|obfuscated|1,NavierStokes_5,navier-stokes,explicit,diffusion/restoration,synthetic,A0,none,valid,obfuscated,1,trajectory,code,math,description,,navier-stokes,explicit,,590,349,-241,748,749,1,4,5,10x51x1x1,10x100x1x1,10x51x1x1,0.0,0,0,0,0
NavierStokes_5|A0|real|0,NavierStokes_5,navier-stokes,explicit,diffusion/restoration,synthetic,A0,none,valid,real,0,code,math,description,trajectory,,navier-stokes,explicit,,590,349,-241,748,749,1,4,5,10x51x1x1,10x100x1x1,10x51x1x1,0.0,0,0,0,0
NavierStokes_5|A0|real|1,NavierStokes_5,navier-stokes,explicit,diffusion/restoration,synthetic,A0,none,valid,real,1,trajectory,code,math,description,,navier-stokes,explicit,,590,349,-241,748,749,1,4,5,10x51x1x1,10x100x1x1,10x51x1x1,0.0,0,0,0,0
NavierStokes_5|X_C|obfuscated|0,NavierStokes_5,navier-stokes,explicit,diffusion/restoration,synthetic,X_C,code,valid,obfuscated,0,code,math,description,trajectory,1,navier-stokes,explicit,,590,349,-241,748,749,1,4,5,10x51x1x1,10x100x1x1,10x51x1x1,0.0,0,0,0,0
NavierStokes_5|X_C|obfuscated|1,NavierStokes_5,navier-stokes,explicit,diffusion/restoration,synthetic,X_C,code,valid,obfuscated,1,description,math,code,trajectory,3,navier-stokes,explicit,,590,349,-241,748,749,1,4,5,10x51x1x1,10x100x1x1,10x51x1x1,0.0,0,0,0,0
NavierStokes_5|X_C|real|0,NavierStokes_5,navier-stokes,explicit,diffusion/restoration,synthetic,X_C,code,valid,real,0,code,math,description,trajectory,1,navier-stokes,explicit,,590,349,-241,748,749,1,4,5,10x51x1x1,10x100x1x1,10x51x1x1,0.0,0,0,0,0
NavierStokes_5|X_C|real|1,NavierStokes_5,navier-stokes,explicit,diffusion/restoration,synthetic,X_C,code,valid,real,1,description,math,code,trajectory,3,navier-stokes,explicit,,590,349,-241,748,749,1,4,5,10x51x1x1,10x100x1x1,10x51x1x1,0.0,0,0,0,0
NavierStokes_5|X_D|obfuscated|0,NavierStokes_5,navier-stokes,explicit,diffusion/restoration,synthetic,X_D,description,valid,obfuscated,0,description,code,math,trajectory,1,navier-stokes,explicit,,590,349,-241,748,749,1,4,5,10x51x1x1,10x100x1x1,10x51x1x1,0.0,0,0,0,0
NavierStokes_5|X_D|obfuscated|1,NavierStokes_5,navier-stokes,explicit,diffusion/restoration,synthetic,X_D,description,valid,obfuscated,1,math,code,description,trajectory,3,navier-stokes,explicit,,590,349,-241,748,749,1,4,5,10x51x1x1,10x100x1x1,10x51x1x1,0.0,0,0,0,0
NavierStokes_5|X_D|real|0,NavierStokes_5,navier-stokes,explicit,diffusion/restoration,synthetic,X_D,description,valid,real,0,description,code,math,trajectory,1,navier-stokes,explicit,,590,349,-241,748,749,1,4,5,10x51x1x1,10x100x1x1,10x51x1x1,0.0,0,0,0,0
NavierStokes_5|X_D|real|1,NavierStokes_5,navier-stokes,explicit,diffusion/restoration,synthetic,X_D,description,valid,real,1,math,code,description,trajectory,3,navier-stokes,explicit,,590,349,-241,748,749,1,4,5,10x51x1x1,10x100x1x1,10x51x1x1,0.0,0,0,0,0
NavierStokes_5|X_M|obfuscated|0,NavierStokes_5,navier-stokes,explicit,diffusion/restoration,synthetic,X_M,math,valid,obfuscated,0,math,description,code,trajectory,1,navier-stokes,explicit,,590,349,-241,748,749,1,4,5,10x51x1x1,10x100x1x1,10x51x1x1,0.0,0,0,0,0
NavierStokes_5|X_M|obfuscated|1,NavierStokes_5,navier-stokes,explicit,diffusion/restoration,synthetic,X_M,math,valid,obfuscated,1,trajectory,description,math,code,3,navier-stokes,explicit,,590,349,-241,748,749,1,4,5,10x51x1x1,10x100x1x1,10x51x1x1,0.0,0,0,0,0
NavierStokes_5|X_M|real|0,NavierStokes_5,navier-stokes,explicit,diffusion/restoration,synthetic,X_M,math,valid,real,0,math,description,code,trajectory,1,navier-stokes,explicit,,590,349,-241,748,749,1,4,5,10x51x1x1,10x100x1x1,10x51x1x1,0.0,0,0,0,0
NavierStokes_5|X_M|real|1,NavierStokes_5,navier-stokes,explicit,diffusion/restoration,synthetic,X_M,math,valid,real,1,trajectory,description,math,code,3,navier-stokes,explicit,,590,349,-241,748,749,1,4,5,10x51x1x1,10x100x1x1,10x51x1x1,0.0,0,0,0,0
NavierStokes_5|X_T_exec|obfuscated|0,NavierStokes_5,navier-stokes,explicit,diffusion/restoration,synthetic,X_T_exec,trajectory,T_exec,obfuscated,0,trajectory,description,math,code,1,navier-stokes,explicit,,590,349,-241,748,749,1,4,5,10x51x1x1,10x100x1x1,10x51x1x1,0.0,0,0,0,1
NavierStokes_5|X_T_exec|obfuscated|1,NavierStokes_5,navier-stokes,explicit,diffusion/restoration,synthetic,X_T_exec,trajectory,T_exec,obfuscated,1,description,math,trajectory,code,3,navier-stokes,explicit,,590,349,-241,748,749,1,4,5,10x51x1x1,10x100x1x1,10x51x1x1,0.0,0,0,0,1
NavierStokes_5|X_T_exec|real|0,NavierStokes_5,navier-stokes,explicit,diffusion/restoration,synthetic,X_T_exec,trajectory,T_exec,real,0,trajectory,description,math,code,1,navier-stokes,explicit,,590,349,-241,748,749,1,4,5,10x51x1x1,10x100x1x1,10x51x1x1,0.0,0,0,0,1
NavierStokes_5|X_T_exec|real|1,NavierStokes_5,navier-stokes,explicit,diffusion/restoration,synthetic,X_T_exec,trajectory,T_exec,real,1,description,math,trajectory,code,3,navier-stokes,explicit,,590,349,-241,748,749,1,4,5,10x51x1x1,10x100x1x1,10x51x1x1,0.0,0,0,0,1
NavierStokes_5|X_T_rand|obfuscated|0,NavierStokes_5,navier-stokes,explicit,diffusion/restoration,synthetic,X_T_rand,trajectory,T_rand,obfuscated,0,trajectory,description,code,math,1,navier-stokes,explicit,,590,349,-241,748,749,1,4,5,10x51x1x1,10x100x1x1,10x51x1x1,0.0,0,0,0,0
NavierStokes_5|X_T_rand|obfuscated|1,NavierStokes_5,navier-stokes,explicit,diffusion/restoration,synthetic,X_T_rand,trajectory,T_rand,obfuscated,1,code,math,trajectory,description,3,navier-stokes,explicit,,590,349,-241,748,749,1,4,5,10x51x1x1,10x100x1x1,10x51x1x1,0.0,0,0,0,0
NavierStokes_5|X_T_rand|real|0,NavierStokes_5,navier-stokes,explicit,diffusion/restoration,synthetic,X_T_rand,trajectory,T_rand,real,0,trajectory,description,code,math,1,navier-stokes,explicit,,590,349,-241,748,749,1,4,5,10x51x1x1,10x100x1x1,10x51x1x1,0.0,0,0,0,0
NavierStokes_5|X_T_rand|real|1,NavierStokes_5,navier-stokes,explicit,diffusion/restoration,synthetic,X_T_rand,trajectory,T_rand,real,1,code,math,trajectory,description,3,navier-stokes,explicit,,590,349,-241,748,749,1,4,5,10x51x1x1,10x100x1x1,10x51x1x1,0.0,0,0,0,0
NavierStokes_5|X_T_shuf|obfuscated|0,NavierStokes_5,navier-stokes,explicit,diffusion/restoration,synthetic,X_T_shuf,trajectory,T_shuf,obfuscated,0,trajectory,math,code,description,1,navier-stokes,explicit,,590,349,-241,748,749,1,4,5,10x51x1x1,10x100x1x1,10x51x1x1,0.0,0,0,0,0
NavierStokes_5|X_T_shuf|obfuscated|1,NavierStokes_5,navier-stokes,explicit,diffusion/restoration,synthetic,X_T_shuf,trajectory,T_shuf,obfuscated,1,math,description,trajectory,code,3,navier-stokes,explicit,,590,349,-241,748,749,1,4,5,10x51x1x1,10x100x1x1,10x51x1x1,0.0,0,0,0,0
NavierStokes_5|X_T_shuf|real|0,NavierStokes_5,navier-stokes,explicit,diffusion/restoration,synthetic,X_T_shuf,trajectory,T_shuf,real,0,trajectory,math,code,description,1,navier-stokes,explicit,,590,349,-241,748,749,1,4,5,10x51x1x1,10x100x1x1,10x51x1x1,0.0,0,0,0,0
NavierStokes_5|X_T_shuf|real|1,NavierStokes_5,navier-stokes,explicit,diffusion/restoration,synthetic,X_T_shuf,trajectory,T_shuf,real,1,math,description,trajectory,code,3,navier-stokes,explicit,,590,349,-241,748,749,1,4,5,10x51x1x1,10x100x1x1,10x51x1x1,0.0,0,0,0,0
NavierStokes_5|X_T_swap|obfuscated|0,NavierStokes_5,navier-stokes,explicit,diffusion/restoration,synthetic,X_T_swap,trajectory,T_swap,obfuscated,0,trajectory,math,description,code,1,navier-stokes,explicit,,590,349,-241,748,749,1,4,5,10x51x1x1,10x100x1x1,10x51x1x1,0.0,0,0,0,0
NavierStokes_5|X_T_swap|obfuscated|1,NavierStokes_5,navier-stokes,explicit,diffusion/restoration,synthetic,X_T_swap,trajectory,T_swap,obfuscated,1,description,code,trajectory,math,3,navier-stokes,explicit,,590,349,-241,748,749,1,4,5,10x51x1x1,10x100x1x1,10x51x1x1,0.0,0,0,0,0
NavierStokes_5|X_T_swap|real|0,NavierStokes_5,navier-stokes,explicit,diffusion/restoration,synthetic,X_T_swap,trajectory,T_swap,real,0,trajectory,math,description,code,1,navier-stokes,explicit,,590,349,-241,748,749,1,4,5,10x51x1x1,10x100x1x1,10x51x1x1,0.0,0,0,0,0
NavierStokes_5|X_T_swap|real|1,NavierStokes_5,navier-stokes,explicit,diffusion/restoration,synthetic,X_T_swap,trajectory,T_swap,real,1,description,code,trajectory,math,3,navier-stokes,explicit,,590,349,-241,748,749,1,4,5,10x51x1x1,10x100x1x1,10x51x1x1,0.0,0,0,0,0
NavierStokes_6|A0|obfuscated|0,NavierStokes_6,navier-stokes,implicit,diffusion,synthetic,A0,none,valid,obfuscated,0,code,math,description,trajectory,,navier-stokes,implicit,,559,447,-112,789,791,2,4,4,10x201x1x1,10x100x1x1,10x64x1x1,0.0702,0,0,0,0
NavierStokes_6|A0|obfuscated|1,NavierStokes_6,navier-stokes,implicit,diffusion,synthetic,A0,none,valid,obfuscated,1,description,code,trajectory,math,,navier-stokes,implicit,,559,447,-112,789,791,2,4,4,10x201x1x1,10x100x1x1,10x64x1x1,0.0702,0,0,0,0
NavierStokes_6|A0|real|0,NavierStokes_6,navier-stokes,implicit,diffusion,synthetic,A0,none,valid,real,0,code,math,description,trajectory,,navier-stokes,implicit,,559,447,-112,789,791,2,4,4,10x201x1x1,10x100x1x1,10x64x1x1,0.0702,0,0,0,0
NavierStokes_6|A0|real|1,NavierStokes_6,navier-stokes,implicit,diffusion,synthetic,A0,none,valid,real,1,description,code,trajectory,math,,navier-stokes,implicit,,559,447,-112,789,791,2,4,4,10x201x1x1,10x100x1x1,10x64x1x1,0.0702,0,0,0,0
NavierStokes_6|X_C|obfuscated|0,NavierStokes_6,navier-stokes,implicit,diffusion,synthetic,X_C,code,valid,obfuscated,0,math,code,description,trajectory,2,navier-stokes,implicit,,559,447,-112,789,791,2,4,4,10x201x1x1,10x100x1x1,10x64x1x1,0.0702,0,0,0,0
NavierStokes_6|X_C|obfuscated|1,NavierStokes_6,navier-stokes,implicit,diffusion,synthetic,X_C,code,valid,obfuscated,1,math,description,trajectory,code,4,navier-stokes,implicit,,559,447,-112,789,791,2,4,4,10x201x1x1,10x100x1x1,10x64x1x1,0.0702,0,0,0,0
NavierStokes_6|X_C|real|0,NavierStokes_6,navier-stokes,implicit,diffusion,synthetic,X_C,code,valid,real,0,math,code,description,trajectory,2,navier-stokes,implicit,,559,447,-112,789,791,2,4,4,10x201x1x1,10x100x1x1,10x64x1x1,0.0702,0,0,0,0
NavierStokes_6|X_C|real|1,NavierStokes_6,navier-stokes,implicit,diffusion,synthetic,X_C,code,valid,real,1,math,description,trajectory,code,4,navier-stokes,implicit,,559,447,-112,789,791,2,4,4,10x201x1x1,10x100x1x1,10x64x1x1,0.0702,0,0,0,0
NavierStokes_6|X_D|obfuscated|0,NavierStokes_6,navier-stokes,implicit,diffusion,synthetic,X_D,description,valid,obfuscated,0,trajectory,description,code,math,2,navier-stokes,implicit,,559,447,-112,789,791,2,4,4,10x201x1x1,10x100x1x1,10x64x1x1,0.0702,0,0,0,0
NavierStokes_6|X_D|obfuscated|1,NavierStokes_6,navier-stokes,implicit,diffusion,synthetic,X_D,description,valid,obfuscated,1,code,trajectory,math,description,4,navier-stokes,implicit,,559,447,-112,789,791,2,4,4,10x201x1x1,10x100x1x1,10x64x1x1,0.0702,0,0,0,0
NavierStokes_6|X_D|real|0,NavierStokes_6,navier-stokes,implicit,diffusion,synthetic,X_D,description,valid,real,0,trajectory,description,code,math,2,navier-stokes,implicit,,559,447,-112,789,791,2,4,4,10x201x1x1,10x100x1x1,10x64x1x1,0.0702,0,0,0,0
NavierStokes_6|X_D|real|1,NavierStokes_6,navier-stokes,implicit,diffusion,synthetic,X_D,description,valid,real,1,code,trajectory,math,description,4,navier-stokes,implicit,,559,447,-112,789,791,2,4,4,10x201x1x1,10x100x1x1,10x64x1x1,0.0702,0,0,0,0
NavierStokes_6|X_M|obfuscated|0,NavierStokes_6,navier-stokes,implicit,diffusion,synthetic,X_M,math,valid,obfuscated,0,description,math,code,trajectory,2,navier-stokes,implicit,,559,447,-112,789,791,2,4,4,10x201x1x1,10x100x1x1,10x64x1x1,0.0702,0,0,0,0
NavierStokes_6|X_M|obfuscated|1,NavierStokes_6,navier-stokes,implicit,diffusion,synthetic,X_M,math,valid,obfuscated,1,description,code,trajectory,math,4,navier-stokes,implicit,,559,447,-112,789,791,2,4,4,10x201x1x1,10x100x1x1,10x64x1x1,0.0702,0,0,0,0
NavierStokes_6|X_M|real|0,NavierStokes_6,navier-stokes,implicit,diffusion,synthetic,X_M,math,valid,real,0,description,math,code,trajectory,2,navier-stokes,implicit,,559,447,-112,789,791,2,4,4,10x201x1x1,10x100x1x1,10x64x1x1,0.0702,0,0,0,0
NavierStokes_6|X_M|real|1,NavierStokes_6,navier-stokes,implicit,diffusion,synthetic,X_M,math,valid,real,1,description,code,trajectory,math,4,navier-stokes,implicit,,559,447,-112,789,791,2,4,4,10x201x1x1,10x100x1x1,10x64x1x1,0.0702,0,0,0,0
NavierStokes_6|X_T_exec|obfuscated|0,NavierStokes_6,navier-stokes,implicit,diffusion,synthetic,X_T_exec,trajectory,T_exec,obfuscated,0,code,trajectory,description,math,2,navier-stokes,implicit,,559,447,-112,789,791,2,4,4,10x201x1x1,10x100x1x1,10x64x1x1,0.0702,0,0,0,1
NavierStokes_6|X_T_exec|obfuscated|1,NavierStokes_6,navier-stokes,implicit,diffusion,synthetic,X_T_exec,trajectory,T_exec,obfuscated,1,math,code,description,trajectory,4,navier-stokes,implicit,,559,447,-112,789,791,2,4,4,10x201x1x1,10x100x1x1,10x64x1x1,0.0702,0,0,0,1
NavierStokes_6|X_T_exec|real|0,NavierStokes_6,navier-stokes,implicit,diffusion,synthetic,X_T_exec,trajectory,T_exec,real,0,code,trajectory,description,math,2,navier-stokes,implicit,,559,447,-112,789,791,2,4,4,10x201x1x1,10x100x1x1,10x64x1x1,0.0702,0,0,0,1
NavierStokes_6|X_T_exec|real|1,NavierStokes_6,navier-stokes,implicit,diffusion,synthetic,X_T_exec,trajectory,T_exec,real,1,math,code,description,trajectory,4,navier-stokes,implicit,,559,447,-112,789,791,2,4,4,10x201x1x1,10x100x1x1,10x64x1x1,0.0702,0,0,0,1
NavierStokes_6|X_T_rand|obfuscated|0,NavierStokes_6,navier-stokes,implicit,diffusion,synthetic,X_T_rand,trajectory,T_rand,obfuscated,0,math,trajectory,description,code,2,navier-stokes,implicit,,559,447,-112,789,791,2,4,4,10x201x1x1,10x100x1x1,10x64x1x1,0.0702,0,0,0,0
NavierStokes_6|X_T_rand|obfuscated|1,NavierStokes_6,navier-stokes,implicit,diffusion,synthetic,X_T_rand,trajectory,T_rand,obfuscated,1,description,code,math,trajectory,4,navier-stokes,implicit,,559,447,-112,789,791,2,4,4,10x201x1x1,10x100x1x1,10x64x1x1,0.0702,0,0,0,0
NavierStokes_6|X_T_rand|real|0,NavierStokes_6,navier-stokes,implicit,diffusion,synthetic,X_T_rand,trajectory,T_rand,real,0,math,trajectory,description,code,2,navier-stokes,implicit,,559,447,-112,789,791,2,4,4,10x201x1x1,10x100x1x1,10x64x1x1,0.0702,0,0,0,0
NavierStokes_6|X_T_rand|real|1,NavierStokes_6,navier-stokes,implicit,diffusion,synthetic,X_T_rand,trajectory,T_rand,real,1,description,code,math,trajectory,4,navier-stokes,implicit,,559,447,-112,789,791,2,4,4,10x201x1x1,10x100x1x1,10x64x1x1,0.0702,0,0,0,0
NavierStokes_6|X_T_shuf|obfuscated|0,NavierStokes_6,navier-stokes,implicit,diffusion,synthetic,X_T_shuf,trajectory,T_shuf,obfuscated,0,math,trajectory,description,code,2,navier-stokes,implicit,,559,447,-112,789,791,2,4,4,10x201x1x1,10x100x1x1,10x64x1x1,0.0702,0,0,0,0
NavierStokes_6|X_T_shuf|obfuscated|1,NavierStokes_6,navier-stokes,implicit,diffusion,synthetic,X_T_shuf,trajectory,T_shuf,obfuscated,1,math,code,description,trajectory,4,navier-stokes,implicit,,559,447,-112,789,791,2,4,4,10x201x1x1,10x100x1x1,10x64x1x1,0.0702,0,0,0,0
NavierStokes_6|X_T_shuf|real|0,NavierStokes_6,navier-stokes,implicit,diffusion,synthetic,X_T_shuf,trajectory,T_shuf,real,0,math,trajectory,description,code,2,navier-stokes,implicit,,559,447,-112,789,791,2,4,4,10x201x1x1,10x100x1x1,10x64x1x1,0.0702,0,0,0,0
NavierStokes_6|X_T_shuf|real|1,NavierStokes_6,navier-stokes,implicit,diffusion,synthetic,X_T_shuf,trajectory,T_shuf,real,1,math,code,description,trajectory,4,navier-stokes,implicit,,559,447,-112,789,791,2,4,4,10x201x1x1,10x100x1x1,10x64x1x1,0.0702,0,0,0,0
NavierStokes_6|X_T_swap|obfuscated|0,NavierStokes_6,navier-stokes,implicit,diffusion,synthetic,X_T_swap,trajectory,T_swap,obfuscated,0,description,trajectory,math,code,2,navier-stokes,implicit,,559,447,-112,789,791,2,4,4,10x201x1x1,10x100x1x1,10x64x1x1,0.0702,0,0,0,0
NavierStokes_6|X_T_swap|obfuscated|1,NavierStokes_6,navier-stokes,implicit,diffusion,synthetic,X_T_swap,trajectory,T_swap,obfuscated,1,code,math,description,trajectory,4,navier-stokes,implicit,,559,447,-112,789,791,2,4,4,10x201x1x1,10x100x1x1,10x64x1x1,0.0702,0,0,0,0
NavierStokes_6|X_T_swap|real|0,NavierStokes_6,navier-stokes,implicit,diffusion,synthetic,X_T_swap,trajectory,T_swap,real,0,description,trajectory,math,code,2,navier-stokes,implicit,,559,447,-112,789,791,2,4,4,10x201x1x1,10x100x1x1,10x64x1x1,0.0702,0,0,0,0
NavierStokes_6|X_T_swap|real|1,NavierStokes_6,navier-stokes,implicit,diffusion,synthetic,X_T_swap,trajectory,T_swap,real,1,code,math,description,trajectory,4,navier-stokes,implicit,,559,447,-112,789,791,2,4,4,10x201x1x1,10x100x1x1,10x64x1x1,0.0702,0,0,0,0
NavierStokes_7|A0|obfuscated|0,NavierStokes_7,navier-stokes,explicit/implicit,advection/diffusion,synthetic,A0,none,valid,obfuscated,0,code,trajectory,description,math,,navier-stokes,explicit/implicit,,532,487,-45,2708,2709,1,8,9,10x71x71x2,10x64x64x1,10x10x10x2,0.2507,0,0,0,0
NavierStokes_7|A0|obfuscated|1,NavierStokes_7,navier-stokes,explicit/implicit,advection/diffusion,synthetic,A0,none,valid,obfuscated,1,trajectory,code,math,description,,navier-stokes,explicit/implicit,,532,487,-45,2708,2709,1,8,9,10x71x71x2,10x64x64x1,10x10x10x2,0.2507,0,0,0,0
NavierStokes_7|A0|real|0,NavierStokes_7,navier-stokes,explicit/implicit,advection/diffusion,synthetic,A0,none,valid,real,0,code,trajectory,description,math,,navier-stokes,explicit/implicit,,532,487,-45,2708,2709,1,8,9,10x71x71x2,10x64x64x1,10x10x10x2,0.2507,0,0,0,0
NavierStokes_7|A0|real|1,NavierStokes_7,navier-stokes,explicit/implicit,advection/diffusion,synthetic,A0,none,valid,real,1,trajectory,code,math,description,,navier-stokes,explicit/implicit,,532,487,-45,2708,2709,1,8,9,10x71x71x2,10x64x64x1,10x10x10x2,0.2507,0,0,0,0
NavierStokes_7|X_C|obfuscated|0,NavierStokes_7,navier-stokes,explicit/implicit,advection/diffusion,synthetic,X_C,code,valid,obfuscated,0,trajectory,math,code,description,3,navier-stokes,explicit/implicit,,532,487,-45,2708,2709,1,8,9,10x71x71x2,10x64x64x1,10x10x10x2,0.2507,0,0,0,0
NavierStokes_7|X_C|obfuscated|1,NavierStokes_7,navier-stokes,explicit/implicit,advection/diffusion,synthetic,X_C,code,valid,obfuscated,1,code,trajectory,math,description,1,navier-stokes,explicit/implicit,,532,487,-45,2708,2709,1,8,9,10x71x71x2,10x64x64x1,10x10x10x2,0.2507,0,0,0,0
NavierStokes_7|X_C|real|0,NavierStokes_7,navier-stokes,explicit/implicit,advection/diffusion,synthetic,X_C,code,valid,real,0,trajectory,math,code,description,3,navier-stokes,explicit/implicit,,532,487,-45,2708,2709,1,8,9,10x71x71x2,10x64x64x1,10x10x10x2,0.2507,0,0,0,0
NavierStokes_7|X_C|real|1,NavierStokes_7,navier-stokes,explicit/implicit,advection/diffusion,synthetic,X_C,code,valid,real,1,code,trajectory,math,description,1,navier-stokes,explicit/implicit,,532,487,-45,2708,2709,1,8,9,10x71x71x2,10x64x64x1,10x10x10x2,0.2507,0,0,0,0
NavierStokes_7|X_D|obfuscated|0,NavierStokes_7,navier-stokes,explicit/implicit,advection/diffusion,synthetic,X_D,description,valid,obfuscated,0,trajectory,code,description,math,3,navier-stokes,explicit/implicit,,532,487,-45,2708,2709,1,8,9,10x71x71x2,10x64x64x1,10x10x10x2,0.2507,0,0,0,0
NavierStokes_7|X_D|obfuscated|1,NavierStokes_7,navier-stokes,explicit/implicit,advection/diffusion,synthetic,X_D,description,valid,obfuscated,1,description,trajectory,code,math,1,navier-stokes,explicit/implicit,,532,487,-45,2708,2709,1,8,9,10x71x71x2,10x64x64x1,10x10x10x2,0.2507,0,0,0,0
NavierStokes_7|X_D|real|0,NavierStokes_7,navier-stokes,explicit/implicit,advection/diffusion,synthetic,X_D,description,valid,real,0,trajectory,code,description,math,3,navier-stokes,explicit/implicit,,532,487,-45,2708,2709,1,8,9,10x71x71x2,10x64x64x1,10x10x10x2,0.2507,0,0,0,0
NavierStokes_7|X_D|real|1,NavierStokes_7,navier-stokes,explicit/implicit,advection/diffusion,synthetic,X_D,description,valid,real,1,description,trajectory,code,math,1,navier-stokes,explicit/implicit,,532,487,-45,2708,2709,1,8,9,10x71x71x2,10x64x64x1,10x10x10x2,0.2507,0,0,0,0
NavierStokes_7|X_M|obfuscated|0,NavierStokes_7,navier-stokes,explicit/implicit,advection/diffusion,synthetic,X_M,math,valid,obfuscated,0,code,description,math,trajectory,3,navier-stokes,explicit/implicit,,532,487,-45,2708,2709,1,8,9,10x71x71x2,10x64x64x1,10x10x10x2,0.2507,0,0,0,0
NavierStokes_7|X_M|obfuscated|1,NavierStokes_7,navier-stokes,explicit/implicit,advection/diffusion,synthetic,X_M,math,valid,obfuscated,1,math,description,code,trajectory,1,navier-stokes,explicit/implicit,,532,487,-45,2708,2709,1,8,9,10x71x71x2,10x64x64x1,10x10x10x2,0.2507,0,0,0,0
NavierStokes_7|X_M|real|0,NavierStokes_7,navier-stokes,explicit/implicit,advection/diffusion,synthetic,X_M,math,valid,real,0,code,description,math,trajectory,3,navier-stokes,explicit/implicit,,532,487,-45,2708,2709,1,8,9,10x71x71x2,10x64x64x1,10x10x10x2,0.2507,0,0,0,0
NavierStokes_7|X_M|real|1,NavierStokes_7,navier-stokes,explicit/implicit,advection/diffusion,synthetic,X_M,math,valid,real,1,math,description,code,trajectory,1,navier-stokes,explicit/implicit,,532,487,-45,2708,2709,1,8,9,10x71x71x2,10x64x64x1,10x10x10x2,0.2507,0,0,0,0
NavierStokes_7|X_T_exec|obfuscated|0,NavierStokes_7,navier-stokes,explicit/implicit,advection/diffusion,synthetic,X_T_exec,trajectory,T_exec,obfuscated,0,math,code,trajectory,description,3,navier-stokes,explicit/implicit,,532,487,-45,2708,2709,1,8,9,10x71x71x2,10x64x64x1,10x10x10x2,0.2507,0,0,0,1
NavierStokes_7|X_T_exec|obfuscated|1,NavierStokes_7,navier-stokes,explicit/implicit,advection/diffusion,synthetic,X_T_exec,trajectory,T_exec,obfuscated,1,trajectory,math,description,code,1,navier-stokes,explicit/implicit,,532,487,-45,2708,2709,1,8,9,10x71x71x2,10x64x64x1,10x10x10x2,0.2507,0,0,0,1
NavierStokes_7|X_T_exec|real|0,NavierStokes_7,navier-stokes,explicit/implicit,advection/diffusion,synthetic,X_T_exec,trajectory,T_exec,real,0,math,code,trajectory,description,3,navier-stokes,explicit/implicit,,532,487,-45,2708,2709,1,8,9,10x71x71x2,10x64x64x1,10x10x10x2,0.2507,0,0,0,1
NavierStokes_7|X_T_exec|real|1,NavierStokes_7,navier-stokes,explicit/implicit,advection/diffusion,synthetic,X_T_exec,trajectory,T_exec,real,1,trajectory,math,description,code,1,navier-stokes,explicit/implicit,,532,487,-45,2708,2709,1,8,9,10x71x71x2,10x64x64x1,10x10x10x2,0.2507,0,0,0,1
NavierStokes_7|X_T_rand|obfuscated|0,NavierStokes_7,navier-stokes,explicit/implicit,advection/diffusion,synthetic,X_T_rand,trajectory,T_rand,obfuscated,0,description,code,trajectory,math,3,navier-stokes,explicit/implicit,,532,487,-45,2708,2709,1,8,9,10x71x71x2,10x64x64x1,10x10x10x2,0.2507,0,0,0,0
NavierStokes_7|X_T_rand|obfuscated|1,NavierStokes_7,navier-stokes,explicit/implicit,advection/diffusion,synthetic,X_T_rand,trajectory,T_rand,obfuscated,1,trajectory,code,description,math,1,navier-stokes,explicit/implicit,,532,487,-45,2708,2709,1,8,9,10x71x71x2,10x64x64x1,10x10x10x2,0.2507,0,0,0,0
NavierStokes_7|X_T_rand|real|0,NavierStokes_7,navier-stokes,explicit/implicit,advection/diffusion,synthetic,X_T_rand,trajectory,T_rand,real,0,description,code,trajectory,math,3,navier-stokes,explicit/implicit,,532,487,-45,2708,2709,1,8,9,10x71x71x2,10x64x64x1,10x10x10x2,0.2507,0,0,0,0
NavierStokes_7|X_T_rand|real|1,NavierStokes_7,navier-stokes,explicit/implicit,advection/diffusion,synthetic,X_T_rand,trajectory,T_rand,real,1,trajectory,code,description,math,1,navier-stokes,explicit/implicit,,532,487,-45,2708,2709,1,8,9,10x71x71x2,10x64x64x1,10x10x10x2,0.2507,0,0,0,0
NavierStokes_7|X_T_shuf|obfuscated|0,NavierStokes_7,navier-stokes,explicit/implicit,advection/diffusion,synthetic,X_T_shuf,trajectory,T_shuf,obfuscated,0,code,description,trajectory,math,3,navier-stokes,explicit/implicit,,532,487,-45,2708,2709,1,8,9,10x71x71x2,10x64x64x1,10x10x10x2,0.2507,0,0,0,0
NavierStokes_7|X_T_shuf|obfuscated|1,NavierStokes_7,navier-stokes,explicit/implicit,advection/diffusion,synthetic,X_T_shuf,trajectory,T_shuf,obfuscated,1,trajectory,code,math,description,1,navier-stokes,explicit/implicit,,532,487,-45,2708,2709,1,8,9,10x71x71x2,10x64x64x1,10x10x10x2,0.2507,0,0,0,0
NavierStokes_7|X_T_shuf|real|0,NavierStokes_7,navier-stokes,explicit/implicit,advection/diffusion,synthetic,X_T_shuf,trajectory,T_shuf,real,0,code,description,trajectory,math,3,navier-stokes,explicit/implicit,,532,487,-45,2708,2709,1,8,9,10x71x71x2,10x64x64x1,10x10x10x2,0.2507,0,0,0,0
NavierStokes_7|X_T_shuf|real|1,NavierStokes_7,navier-stokes,explicit/implicit,advection/diffusion,synthetic,X_T_shuf,trajectory,T_shuf,real,1,trajectory,code,math,description,1,navier-stokes,explicit/implicit,,532,487,-45,2708,2709,1,8,9,10x71x71x2,10x64x64x1,10x10x10x2,0.2507,0,0,0,0
NavierStokes_7|X_T_swap|obfuscated|0,NavierStokes_7,navier-stokes,explicit/implicit,advection/diffusion,synthetic,X_T_swap,trajectory,T_swap,obfuscated,0,code,math,trajectory,description,3,navier-stokes,explicit/implicit,,532,487,-45,2708,2709,1,8,9,10x71x71x2,10x64x64x1,10x10x10x2,0.2507,0,0,0,0
NavierStokes_7|X_T_swap|obfuscated|1,NavierStokes_7,navier-stokes,explicit/implicit,advection/diffusion,synthetic,X_T_swap,trajectory,T_swap,obfuscated,1,trajectory,code,math,description,1,navier-stokes,explicit/implicit,,532,487,-45,2708,2709,1,8,9,10x71x71x2,10x64x64x1,10x10x10x2,0.2507,0,0,0,0
NavierStokes_7|X_T_swap|real|0,NavierStokes_7,navier-stokes,explicit/implicit,advection/diffusion,synthetic,X_T_swap,trajectory,T_swap,real,0,code,math,trajectory,description,3,navier-stokes,explicit/implicit,,532,487,-45,2708,2709,1,8,9,10x71x71x2,10x64x64x1,10x10x10x2,0.2507,0,0,0,0
NavierStokes_7|X_T_swap|real|1,NavierStokes_7,navier-stokes,explicit/implicit,advection/diffusion,synthetic,X_T_swap,trajectory,T_swap,real,1,trajectory,code,math,description,1,navier-stokes,explicit/implicit,,532,487,-45,2708,2709,1,8,9,10x71x71x2,10x64x64x1,10x10x10x2,0.2507,0,0,0,0
NavierStokes_8|A0|obfuscated|0,NavierStokes_8,navier-stokes,explicit/spectral,advection/diffusion,synthetic,A0,none,valid,obfuscated,0,code,math,trajectory,description,,navier-stokes,explicit/spectral,,612,544,-68,1711,1708,-3,9,11,10x128x128x1,10x71x71x2,10x14x14x1,0.8297,1,0,0,0
NavierStokes_8|A0|obfuscated|1,NavierStokes_8,navier-stokes,explicit/spectral,advection/diffusion,synthetic,A0,none,valid,obfuscated,1,code,trajectory,description,math,,navier-stokes,explicit/spectral,,612,544,-68,1711,1708,-3,9,11,10x128x128x1,10x71x71x2,10x14x14x1,0.8297,1,0,0,0
NavierStokes_8|A0|real|0,NavierStokes_8,navier-stokes,explicit/spectral,advection/diffusion,synthetic,A0,none,valid,real,0,code,math,trajectory,description,,navier-stokes,explicit/spectral,,612,544,-68,1711,1708,-3,9,11,10x128x128x1,10x71x71x2,10x14x14x1,0.8297,1,0,0,0
NavierStokes_8|A0|real|1,NavierStokes_8,navier-stokes,explicit/spectral,advection/diffusion,synthetic,A0,none,valid,real,1,code,trajectory,description,math,,navier-stokes,explicit/spectral,,612,544,-68,1711,1708,-3,9,11,10x128x128x1,10x71x71x2,10x14x14x1,0.8297,1,0,0,0
NavierStokes_8|X_C|obfuscated|0,NavierStokes_8,navier-stokes,explicit/spectral,advection/diffusion,synthetic,X_C,code,valid,obfuscated,0,trajectory,description,math,code,4,navier-stokes,explicit/spectral,,612,544,-68,1711,1708,-3,9,11,10x128x128x1,10x71x71x2,10x14x14x1,0.8297,1,0,0,0
NavierStokes_8|X_C|obfuscated|1,NavierStokes_8,navier-stokes,explicit/spectral,advection/diffusion,synthetic,X_C,code,valid,obfuscated,1,description,code,trajectory,math,2,navier-stokes,explicit/spectral,,612,544,-68,1711,1708,-3,9,11,10x128x128x1,10x71x71x2,10x14x14x1,0.8297,1,0,0,0
NavierStokes_8|X_C|real|0,NavierStokes_8,navier-stokes,explicit/spectral,advection/diffusion,synthetic,X_C,code,valid,real,0,trajectory,description,math,code,4,navier-stokes,explicit/spectral,,612,544,-68,1711,1708,-3,9,11,10x128x128x1,10x71x71x2,10x14x14x1,0.8297,1,0,0,0
NavierStokes_8|X_C|real|1,NavierStokes_8,navier-stokes,explicit/spectral,advection/diffusion,synthetic,X_C,code,valid,real,1,description,code,trajectory,math,2,navier-stokes,explicit/spectral,,612,544,-68,1711,1708,-3,9,11,10x128x128x1,10x71x71x2,10x14x14x1,0.8297,1,0,0,0
NavierStokes_8|X_D|obfuscated|0,NavierStokes_8,navier-stokes,explicit/spectral,advection/diffusion,synthetic,X_D,description,valid,obfuscated,0,trajectory,code,math,description,4,navier-stokes,explicit/spectral,,612,544,-68,1711,1708,-3,9,11,10x128x128x1,10x71x71x2,10x14x14x1,0.8297,1,0,0,0
NavierStokes_8|X_D|obfuscated|1,NavierStokes_8,navier-stokes,explicit/spectral,advection/diffusion,synthetic,X_D,description,valid,obfuscated,1,code,description,trajectory,math,2,navier-stokes,explicit/spectral,,612,544,-68,1711,1708,-3,9,11,10x128x128x1,10x71x71x2,10x14x14x1,0.8297,1,0,0,0
NavierStokes_8|X_D|real|0,NavierStokes_8,navier-stokes,explicit/spectral,advection/diffusion,synthetic,X_D,description,valid,real,0,trajectory,code,math,description,4,navier-stokes,explicit/spectral,,612,544,-68,1711,1708,-3,9,11,10x128x128x1,10x71x71x2,10x14x14x1,0.8297,1,0,0,0
NavierStokes_8|X_D|real|1,NavierStokes_8,navier-stokes,explicit/spectral,advection/diffusion,synthetic,X_D,description,valid,real,1,code,description,trajectory,math,2,navier-stokes,explicit/spectral,,612,544,-68,1711,1708,-3,9,11,10x128x128x1,10x71x71x2,10x14x14x1,0.8297,1,0,0,0
NavierStokes_8|X_M|obfuscated|0,NavierStokes_8,navier-stokes,explicit/spectral,advection/diffusion,synthetic,X_M,math,valid,obfuscated,0,description,code,trajectory,math,4,navier-stokes,explicit/spectral,,612,544,-68,1711,1708,-3,9,11,10x128x128x1,10x71x71x2,10x14x14x1,0.8297,1,0,0,0
NavierStokes_8|X_M|obfuscated|1,NavierStokes_8,navier-stokes,explicit/spectral,advection/diffusion,synthetic,X_M,math,valid,obfuscated,1,description,math,code,trajectory,2,navier-stokes,explicit/spectral,,612,544,-68,1711,1708,-3,9,11,10x128x128x1,10x71x71x2,10x14x14x1,0.8297,1,0,0,0
NavierStokes_8|X_M|real|0,NavierStokes_8,navier-stokes,explicit/spectral,advection/diffusion,synthetic,X_M,math,valid,real,0,description,code,trajectory,math,4,navier-stokes,explicit/spectral,,612,544,-68,1711,1708,-3,9,11,10x128x128x1,10x71x71x2,10x14x14x1,0.8297,1,0,0,0
NavierStokes_8|X_M|real|1,NavierStokes_8,navier-stokes,explicit/spectral,advection/diffusion,synthetic,X_M,math,valid,real,1,description,math,code,trajectory,2,navier-stokes,explicit/spectral,,612,544,-68,1711,1708,-3,9,11,10x128x128x1,10x71x71x2,10x14x14x1,0.8297,1,0,0,0
NavierStokes_8|X_T_exec|obfuscated|0,NavierStokes_8,navier-stokes,explicit/spectral,advection/diffusion,synthetic,X_T_exec,trajectory,T_exec,obfuscated,0,description,math,code,trajectory,4,navier-stokes,explicit/spectral,,612,544,-68,1711,1708,-3,9,11,10x128x128x1,10x71x71x2,10x14x14x1,0.8297,1,0,0,1
NavierStokes_8|X_T_exec|obfuscated|1,NavierStokes_8,navier-stokes,explicit/spectral,advection/diffusion,synthetic,X_T_exec,trajectory,T_exec,obfuscated,1,math,trajectory,description,code,2,navier-stokes,explicit/spectral,,612,544,-68,1711,1708,-3,9,11,10x128x128x1,10x71x71x2,10x14x14x1,0.8297,1,0,0,1
NavierStokes_8|X_T_exec|real|0,NavierStokes_8,navier-stokes,explicit/spectral,advection/diffusion,synthetic,X_T_exec,trajectory,T_exec,real,0,description,math,code,trajectory,4,navier-stokes,explicit/spectral,,612,544,-68,1711,1708,-3,9,11,10x128x128x1,10x71x71x2,10x14x14x1,0.8297,1,0,0,1
NavierStokes_8|X_T_exec|real|1,NavierStokes_8,navier-stokes,explicit/spectral,advection/diffusion,synthetic,X_T_exec,trajectory,T_exec,real,1,math,trajectory,description,code,2,navier-stokes,explicit/spectral,,612,544,-68,1711,1708,-3,9,11,10x128x128x1,10x71x71x2,10x14x14x1,0.8297,1,0,0,1
NavierStokes_8|X_T_rand|obfuscated|0,NavierStokes_8,navier-stokes,explicit/spectral,advection/diffusion,synthetic,X_T_rand,trajectory,T_rand,obfuscated,0,description,code,math,trajectory,4,navier-stokes,explicit/spectral,,612,544,-68,1711,1708,-3,9,11,10x128x128x1,10x71x71x2,10x14x14x1,0.8297,1,0,0,0
NavierStokes_8|X_T_rand|obfuscated|1,NavierStokes_8,navier-stokes,explicit/spectral,advection/diffusion,synthetic,X_T_rand,trajectory,T_rand,obfuscated,1,description,trajectory,code,math,2,navier-stokes,explicit/spectral,,612,544,-68,1711,1708,-3,9,11,10x128x128x1,10x71x71x2,10x14x14x1,0.8297,1,0,0,0
NavierStokes_8|X_T_rand|real|0,NavierStokes_8,navier-stokes,explicit/spectral,advection/diffusion,synthetic,X_T_rand,trajectory,T_rand,real,0,description,code,math,trajectory,4,navier-stokes,explicit/spectral,,612,544,-68,1711,1708,-3,9,11,10x128x128x1,10x71x71x2,10x14x14x1,0.8297,1,0,0,0
NavierStokes_8|X_T_rand|real|1,NavierStokes_8,navier-stokes,explicit/spectral,advection/diffusion,synthetic,X_T_rand,trajectory,T_rand,real,1,description,trajectory,code,math,2,navier-stokes,explicit/spectral,,612,544,-68,1711,1708,-3,9,11,10x128x128x1,10x71x71x2,10x14x14x1,0.8297,1,0,0,0
NavierStokes_8|X_T_shuf|obfuscated|0,NavierStokes_8,navier-stokes,explicit/spectral,advection/diffusion,synthetic,X_T_shuf,trajectory,T_shuf,obfuscated,0,code,math,description,trajectory,4,navier-stokes,explicit/spectral,,612,544,-68,1711,1708,-3,9,11,10x128x128x1,10x71x71x2,10x14x14x1,0.8297,1,0,0,0
NavierStokes_8|X_T_shuf|obfuscated|1,NavierStokes_8,navier-stokes,explicit/spectral,advection/diffusion,synthetic,X_T_shuf,trajectory,T_shuf,obfuscated,1,math,trajectory,description,code,2,navier-stokes,explicit/spectral,,612,544,-68,1711,1708,-3,9,11,10x128x128x1,10x71x71x2,10x14x14x1,0.8297,1,0,0,0
NavierStokes_8|X_T_shuf|real|0,NavierStokes_8,navier-stokes,explicit/spectral,advection/diffusion,synthetic,X_T_shuf,trajectory,T_shuf,real,0,code,math,description,trajectory,4,navier-stokes,explicit/spectral,,612,544,-68,1711,1708,-3,9,11,10x128x128x1,10x71x71x2,10x14x14x1,0.8297,1,0,0,0
NavierStokes_8|X_T_shuf|real|1,NavierStokes_8,navier-stokes,explicit/spectral,advection/diffusion,synthetic,X_T_shuf,trajectory,T_shuf,real,1,math,trajectory,description,code,2,navier-stokes,explicit/spectral,,612,544,-68,1711,1708,-3,9,11,10x128x128x1,10x71x71x2,10x14x14x1,0.8297,1,0,0,0
NavierStokes_8|X_T_swap|obfuscated|0,NavierStokes_8,navier-stokes,explicit/spectral,advection/diffusion,synthetic,X_T_swap,trajectory,T_swap,obfuscated,0,description,code,math,trajectory,4,navier-stokes,explicit/spectral,,612,544,-68,1711,1708,-3,9,11,10x128x128x1,10x71x71x2,10x14x14x1,0.8297,1,0,0,0
NavierStokes_8|X_T_swap|obfuscated|1,NavierStokes_8,navier-stokes,explicit/spectral,advection/diffusion,synthetic,X_T_swap,trajectory,T_swap,obfuscated,1,code,trajectory,math,description,2,navier-stokes,explicit/spectral,,612,544,-68,1711,1708,-3,9,11,10x128x128x1,10x71x71x2,10x14x14x1,0.8297,1,0,0,0
NavierStokes_8|X_T_swap|real|0,NavierStokes_8,navier-stokes,explicit/spectral,advection/diffusion,synthetic,X_T_swap,trajectory,T_swap,real,0,description,code,math,trajectory,4,navier-stokes,explicit/spectral,,612,544,-68,1711,1708,-3,9,11,10x128x128x1,10x71x71x2,10x14x14x1,0.8297,1,0,0,0
NavierStokes_8|X_T_swap|real|1,NavierStokes_8,navier-stokes,explicit/spectral,advection/diffusion,synthetic,X_T_swap,trajectory,T_swap,real,1,code,trajectory,math,description,2,navier-stokes,explicit/spectral,,612,544,-68,1711,1708,-3,9,11,10x128x128x1,10x71x71x2,10x14x14x1,0.8297,1,0,0,0
Wave_1|A0|obfuscated|0,Wave_1,wave,explicit,oscillation/restoration,human,A0,none,valid,obfuscated,0,math,description,code,trajectory,,wave,explicit,,686,446,-240,7666,7678,12,0,5,10x101x101x1,10x101x1x1,10x14x14x1,0.3165,0,0,0,0
Wave_1|A0|obfuscated|1,Wave_1,wave,explicit,oscillation/restoration,human,A0,none,valid,obfuscated,1,code,description,math,trajectory,,wave,explicit,,686,446,-240,7666,7678,12,0,5,10x101x101x1,10x101x1x1,10x14x14x1,0.3165,0,0,0,0
Wave_1|A0|real|0,Wave_1,wave,explicit,oscillation/restoration,human,A0,none,valid,real,0,math,description,code,trajectory,,wave,explicit,,686,446,-240,7666,7678,12,0,5,10x101x101x1,10x101x1x1,10x14x14x1,0.3165,0,0,0,0
Wave_1|A0|real|1,Wave_1,wave,explicit,oscillation/restoration,human,A0,none,valid,real,1,code,description,math,trajectory,,wave,explicit,,686,446,-240,7666,7678,12,0,5,10x101x101x1,10x101x1x1,10x14x14x1,0.3165,0,0,0,0
Wave_1|X_C|obfuscated|0,Wave_1,wave,explicit,oscillation/restoration,human,X_C,code,valid,obfuscated,0,code,description,math,trajectory,1,wave,explicit,,686,446,-240,7666,7678,12,0,5,10x101x101x1,10x101x1x1,10x14x14x1,0.3165,0,0,0,0
Wave_1|X_C|obfuscated|1,Wave_1,wave,explicit,oscillation/restoration,human,X_C,code,valid,obfuscated,1,math,trajectory,code,description,3,wave,explicit,,686,446,-240,7666,7678,12,0,5,10x101x101x1,10x101x1x1,10x14x14x1,0.3165,0,0,0,0
Wave_1|X_C|real|0,Wave_1,wave,explicit,oscillation/restoration,human,X_C,code,valid,real,0,code,description,math,trajectory,1,wave,explicit,,686,446,-240,7666,7678,12,0,5,10x101x101x1,10x101x1x1,10x14x14x1,0.3165,0,0,0,0
Wave_1|X_C|real|1,Wave_1,wave,explicit,oscillation/restoration,human,X_C,code,valid,real,1,math,trajectory,code,description,3,wave,explicit,,686,446,-240,7666,7678,12,0,5,10x101x101x1,10x101x1x1,10x14x14x1,0.3165,0,0,0,0
Wave_1|X_D|obfuscated|0,Wave_1,wave,explicit,oscillation/restoration,human,X_D,description,valid,obfuscated,0,description,math,trajectory,code,1,wave,explicit,,686,446,-240,7666,7678,12,0,5,10x101x101x1,10x101x1x1,10x14x14x1,0.3165,0,0,0,0
Wave_1|X_D|obfuscated|1,Wave_1,wave,explicit,oscillation/restoration,human,X_D,description,valid,obfuscated,1,code,trajectory,description,math,3,wave,explicit,,686,446,-240,7666,7678,12,0,5,10x101x101x1,10x101x1x1,10x14x14x1,0.3165,0,0,0,0
Wave_1|X_D|real|0,Wave_1,wave,explicit,oscillation/restoration,human,X_D,description,valid,real,0,description,math,trajectory,code,1,wave,explicit,,686,446,-240,7666,7678,12,0,5,10x101x101x1,10x101x1x1,10x14x14x1,0.3165,0,0,0,0
Wave_1|X_D|real|1,Wave_1,wave,explicit,oscillation/restoration,human,X_D,description,valid,real,1,code,trajectory,description,math,3,wave,explicit,,686,446,-240,7666,7678,12,0,5,10x101x101x1,10x101x1x1,10x14x14x1,0.3165,0,0,0,0
Wave_1|X_M|obfuscated|0,Wave_1,wave,explicit,oscillation/restoration,human,X_M,math,valid,obfuscated,0,math,code,description,trajectory,1,wave,explicit,,686,446,-240,7666,7678,12,0,5,10x101x101x1,10x101x1x1,10x14x14x1,0.3165,0,0,0,0
Wave_1|X_M|obfuscated|1,Wave_1,wave,explicit,oscillation/restoration,human,X_M,math,valid,obfuscated,1,code,description,math,trajectory,3,wave,explicit,,686,446,-240,7666,7678,12,0,5,10x101x101x1,10x101x1x1,10x14x14x1,0.3165,0,0,0,0
Wave_1|X_M|real|0,Wave_1,wave,explicit,oscillation/restoration,human,X_M,math,valid,real,0,math,code,description,trajectory,1,wave,explicit,,686,446,-240,7666,7678,12,0,5,10x101x101x1,10x101x1x1,10x14x14x1,0.3165,0,0,0,0
Wave_1|X_M|real|1,Wave_1,wave,explicit,oscillation/restoration,human,X_M,math,valid,real,1,code,description,math,trajectory,3,wave,explicit,,686,446,-240,7666,7678,12,0,5,10x101x101x1,10x101x1x1,10x14x14x1,0.3165,0,0,0,0
Wave_1|X_T_exec|obfuscated|0,Wave_1,wave,explicit,oscillation/restoration,human,X_T_exec,trajectory,T_exec,obfuscated,0,trajectory,description,math,code,1,wave,explicit,,686,446,-240,7666,7678,12,0,5,10x101x101x1,10x101x1x1,10x14x14x1,0.3165,0,0,0,1
Wave_1|X_T_exec|obfuscated|1,Wave_1,wave,explicit,oscillation/restoration,human,X_T_exec,trajectory,T_exec,obfuscated,1,code,math,trajectory,description,3,wave,explicit,,686,446,-240,7666,7678,12,0,5,10x101x101x1,10x101x1x1,10x14x14x1,0.3165,0,0,0,1
Wave_1|X_T_exec|real|0,Wave_1,wave,explicit,oscillation/restoration,human,X_T_exec,trajectory,T_exec,real,0,trajectory,description,math,code,1,wave,explicit,,686,446,-240,7666,7678,12,0,5,10x101x101x1,10x101x1x1,10x14x14x1,0.3165,0,0,0,1
Wave_1|X_T_exec|real|1,Wave_1,wave,explicit,oscillation/restoration,human,X_T_exec,trajectory,T_exec,real,1,code,math,trajectory,description,3,wave,explicit,,686,446,-240,7666,7678,12,0,5,10x101x101x1,10x101x1x1,10x14x14x1,0.3165,0,0,0,1
Wave_1|X_T_rand|obfuscated|0,Wave_1,wave,explicit,oscillation/restoration,human,X_T_rand,trajectory,T_rand,obfuscated,0,trajectory,math,code,description,1,wave,explicit,,686,446,-240,7666,7678,12,0,5,10x101x101x1,10x101x1x1,10x14x14x1,0.3165,0,0,0,0
Wave_1|X_T_rand|obfuscated|1,Wave_1,wave,explicit,oscillation/restoration,human,X_T_rand,trajectory,T_rand,obfuscated,1,math,description,trajectory,code,3,wave,explicit,,686,446,-240,7666,7678,12,0,5,10x101x101x1,10x101x1x1,10x14x14x1,0.3165,0,0,0,0
Wave_1|X_T_rand|real|0,Wave_1,wave,explicit,oscillation/restoration,human,X_T_rand,trajectory,T_rand,real,0,trajectory,math,code,description,1,wave,explicit,,686,446,-240,7666,7678,12,0,5,10x101x101x1,10x101x1x1,10x14x14x1,0.3165,0,0,0,0
Wave_1|X_T_rand|real|1,Wave_1,wave,explicit,oscillation/restoration,human,X_T_rand,trajectory,T_rand,real,1,math,description,trajectory,code,3,wave,explicit,,686,446,-240,7666,7678,12,0,5,10x101x101x1,10x101x1x1,10x14x14x1,0.3165,0,0,0,0
Wave_1|X_T_shuf|obfuscated|0,Wave_1,wave,explicit,oscillation/restoration,human,X_T_shuf,trajectory,T_shuf,obfuscated,0,trajectory,math,description,code,1,wave,explicit,,686,446,-240,7666,7678,12,0,5,10x101x101x1,10x101x1x1,10x14x14x1,0.3165,0,0,0,0
Wave_1|X_T_shuf|obfuscated|1,Wave_1,wave,explicit,oscillation/restoration,human,X_T_shuf,trajectory,T_shuf,obfuscated,1,math,description,trajectory,code,3,wave,explicit,,686,446,-240,7666,7678,12,0,5,10x101x101x1,10x101x1x1,10x14x14x1,0.3165,0,0,0,0
Wave_1|X_T_shuf|real|0,Wave_1,wave,explicit,oscillation/restoration,human,X_T_shuf,trajectory,T_shuf,real,0,trajectory,math,description,code,1,wave,explicit,,686,446,-240,7666,7678,12,0,5,10x101x101x1,10x101x1x1,10x14x14x1,0.3165,0,0,0,0
Wave_1|X_T_shuf|real|1,Wave_1,wave,explicit,oscillation/restoration,human,X_T_shuf,trajectory,T_shuf,real,1,math,description,trajectory,code,3,wave,explicit,,686,446,-240,7666,7678,12,0,5,10x101x101x1,10x101x1x1,10x14x14x1,0.3165,0,0,0,0
Wave_1|X_T_swap|obfuscated|0,Wave_1,wave,explicit,oscillation/restoration,human,X_T_swap,trajectory,T_swap,obfuscated,0,trajectory,code,math,description,1,wave,explicit,,686,446,-240,7666,7678,12,0,5,10x101x101x1,10x101x1x1,10x14x14x1,0.3165,0,0,0,0
Wave_1|X_T_swap|obfuscated|1,Wave_1,wave,explicit,oscillation/restoration,human,X_T_swap,trajectory,T_swap,obfuscated,1,description,math,trajectory,code,3,wave,explicit,,686,446,-240,7666,7678,12,0,5,10x101x101x1,10x101x1x1,10x14x14x1,0.3165,0,0,0,0
Wave_1|X_T_swap|real|0,Wave_1,wave,explicit,oscillation/restoration,human,X_T_swap,trajectory,T_swap,real,0,trajectory,code,math,description,1,wave,explicit,,686,446,-240,7666,7678,12,0,5,10x101x101x1,10x101x1x1,10x14x14x1,0.3165,0,0,0,0
Wave_1|X_T_swap|real|1,Wave_1,wave,explicit,oscillation/restoration,human,X_T_swap,trajectory,T_swap,real,1,description,math,trajectory,code,3,wave,explicit,,686,446,-240,7666,7678,12,0,5,10x101x101x1,10x101x1x1,10x14x14x1,0.3165,0,0,0,0
Wave_2|A0|obfuscated|0,Wave_2,wave,explicit,oscillation/restoration,human,A0,none,valid,obfuscated,0,math,code,trajectory,description,,wave,explicit,,666,428,-238,3097,3108,11,0,5,10x151x1x1,10x101x101x2,10x64x1x1,0.0419,0,0,0,0
Wave_2|A0|obfuscated|1,Wave_2,wave,explicit,oscillation/restoration,human,A0,none,valid,obfuscated,1,description,code,trajectory,math,,wave,explicit,,666,428,-238,3097,3108,11,0,5,10x151x1x1,10x101x101x2,10x64x1x1,0.0419,0,0,0,0
Wave_2|A0|real|0,Wave_2,wave,explicit,oscillation/restoration,human,A0,none,valid,real,0,math,code,trajectory,description,,wave,explicit,,666,428,-238,3097,3108,11,0,5,10x151x1x1,10x101x101x2,10x64x1x1,0.0419,0,0,0,0
Wave_2|A0|real|1,Wave_2,wave,explicit,oscillation/restoration,human,A0,none,valid,real,1,description,code,trajectory,math,,wave,explicit,,666,428,-238,3097,3108,11,0,5,10x151x1x1,10x101x101x2,10x64x1x1,0.0419,0,0,0,0
Wave_2|X_C|obfuscated|0,Wave_2,wave,explicit,oscillation/restoration,human,X_C,code,valid,obfuscated,0,math,code,description,trajectory,2,wave,explicit,,666,428,-238,3097,3108,11,0,5,10x151x1x1,10x101x101x2,10x64x1x1,0.0419,0,0,0,0
Wave_2|X_C|obfuscated|1,Wave_2,wave,explicit,oscillation/restoration,human,X_C,code,valid,obfuscated,1,math,description,trajectory,code,4,wave,explicit,,666,428,-238,3097,3108,11,0,5,10x151x1x1,10x101x101x2,10x64x1x1,0.0419,0,0,0,0
Wave_2|X_C|real|0,Wave_2,wave,explicit,oscillation/restoration,human,X_C,code,valid,real,0,math,code,description,trajectory,2,wave,explicit,,666,428,-238,3097,3108,11,0,5,10x151x1x1,10x101x101x2,10x64x1x1,0.0419,0,0,0,0
Wave_2|X_C|real|1,Wave_2,wave,explicit,oscillation/restoration,human,X_C,code,valid,real,1,math,description,trajectory,code,4,wave,explicit,,666,428,-238,3097,3108,11,0,5,10x151x1x1,10x101x101x2,10x64x1x1,0.0419,0,0,0,0
Wave_2|X_D|obfuscated|0,Wave_2,wave,explicit,oscillation/restoration,human,X_D,description,valid,obfuscated,0,trajectory,description,math,code,2,wave,explicit,,666,428,-238,3097,3108,11,0,5,10x151x1x1,10x101x101x2,10x64x1x1,0.0419,0,0,0,0
Wave_2|X_D|obfuscated|1,Wave_2,wave,explicit,oscillation/restoration,human,X_D,description,valid,obfuscated,1,code,math,trajectory,description,4,wave,explicit,,666,428,-238,3097,3108,11,0,5,10x151x1x1,10x101x101x2,10x64x1x1,0.0419,0,0,0,0
Wave_2|X_D|real|0,Wave_2,wave,explicit,oscillation/restoration,human,X_D,description,valid,real,0,trajectory,description,math,code,2,wave,explicit,,666,428,-238,3097,3108,11,0,5,10x151x1x1,10x101x101x2,10x64x1x1,0.0419,0,0,0,0
Wave_2|X_D|real|1,Wave_2,wave,explicit,oscillation/restoration,human,X_D,description,valid,real,1,code,math,trajectory,description,4,wave,explicit,,666,428,-238,3097,3108,11,0,5,10x151x1x1,10x101x101x2,10x64x1x1,0.0419,0,0,0,0
Wave_2|X_M|obfuscated|0,Wave_2,wave,explicit,oscillation/restoration,human,X_M,math,valid,obfuscated,0,description,math,code,trajectory,2,wave,explicit,,666,428,-238,3097,3108,11,0,5,10x151x1x1,10x101x101x2,10x64x1x1,0.0419,0,0,0,0
Wave_2|X_M|obfuscated|1,Wave_2,wave,explicit,oscillation/restoration,human,X_M,math,valid,obfuscated,1,code,description,trajectory,math,4,wave,explicit,,666,428,-238,3097,3108,11,0,5,10x151x1x1,10x101x101x2,10x64x1x1,0.0419,0,0,0,0
Wave_2|X_M|real|0,Wave_2,wave,explicit,oscillation/restoration,human,X_M,math,valid,real,0,description,math,code,trajectory,2,wave,explicit,,666,428,-238,3097,3108,11,0,5,10x151x1x1,10x101x101x2,10x64x1x1,0.0419,0,0,0,0
Wave_2|X_M|real|1,Wave_2,wave,explicit,oscillation/restoration,human,X_M,math,valid,real,1,code,description,trajectory,math,4,wave,explicit,,666,428,-238,3097,3108,11,0,5,10x151x1x1,10x101x101x2,10x64x1x1,0.0419,0,0,0,0
Wave_2|X_T_exec|obfuscated|0,Wave_2,wave,explicit,oscillation/restoration,human,X_T_exec,trajectory,T_exec,obfuscated,0,code,trajectory,math,description,2,wave,explicit,,666,428,-238,3097,3108,11,0,5,10x151x1x1,10x101x101x2,10x64x1x1,0.0419,0,0,0,1
Wave_2|X_T_exec|obfuscated|1,Wave_2,wave,explicit,oscillation/restoration,human,X_T_exec,trajectory,T_exec,obfuscated,1,math,code,description,trajectory,4,wave,explicit,,666,428,-238,3097,3108,11,0,5,10x151x1x1,10x101x101x2,10x64x1x1,0.0419,0,0,0,1
Wave_2|X_T_exec|real|0,Wave_2,wave,explicit,oscillation/restoration,human,X_T_exec,trajectory,T_exec,real,0,code,trajectory,math,description,2,wave,explicit,,666,428,-238,3097,3108,11,0,5,10x151x1x1,10x101x101x2,10x64x1x1,0.0419,0,0,0,1
Wave_2|X_T_exec|real|1,Wave_2,wave,explicit,oscillation/restoration,human,X_T_exec,trajectory,T_exec,real,1,math,code,description,trajectory,4,wave,explicit,,666,428,-238,3097,3108,11,0,5,10x151x1x1,10x101x101x2,10x64x1x1,0.0419,0,0,0,1
Wave_2|X_T_rand|obfuscated|0,Wave_2,wave,explicit,oscillation/restoration,human,X_T_rand,trajectory,T_rand,obfuscated,0,math,trajectory,description,code,2,wave,explicit,,666,428,-238,3097,3108,11,0,5,10x151x1x1,10x101x101x2,10x64x1x1,0.0419,0,0,0,0
Wave_2|X_T_rand|obfuscated|1,Wave_2,wave,explicit,oscillation/restoration,human,X_T_rand,trajectory,T_rand,obfuscated,1,code,math,description,trajectory,4,wave,explicit,,666,428,-238,3097,3108,11,0,5,10x151x1x1,10x101x101x2,10x64x1x1,0.0419,0,0,0,0
Wave_2|X_T_rand|real|0,Wave_2,wave,explicit,oscillation/restoration,human,X_T_rand,trajectory,T_rand,real,0,math,trajectory,description,code,2,wave,explicit,,666,428,-238,3097,3108,11,0,5,10x151x1x1,10x101x101x2,10x64x1x1,0.0419,0,0,0,0
Wave_2|X_T_rand|real|1,Wave_2,wave,explicit,oscillation/restoration,human,X_T_rand,trajectory,T_rand,real,1,code,math,description,trajectory,4,wave,explicit,,666,428,-238,3097,3108,11,0,5,10x151x1x1,10x101x101x2,10x64x1x1,0.0419,0,0,0,0
Wave_2|X_T_shuf|obfuscated|0,Wave_2,wave,explicit,oscillation/restoration,human,X_T_shuf,trajectory,T_shuf,obfuscated,0,description,trajectory,code,math,2,wave,explicit,,666,428,-238,3097,3108,11,0,5,10x151x1x1,10x101x101x2,10x64x1x1,0.0419,0,0,0,0
Wave_2|X_T_shuf|obfuscated|1,Wave_2,wave,explicit,oscillation/restoration,human,X_T_shuf,trajectory,T_shuf,obfuscated,1,description,code,math,trajectory,4,wave,explicit,,666,428,-238,3097,3108,11,0,5,10x151x1x1,10x101x101x2,10x64x1x1,0.0419,0,0,0,0
Wave_2|X_T_shuf|real|0,Wave_2,wave,explicit,oscillation/restoration,human,X_T_shuf,trajectory,T_shuf,real,0,description,trajectory,code,math,2,wave,explicit,,666,428,-238,3097,3108,11,0,5,10x151x1x1,10x101x101x2,10x64x1x1,0.0419,0,0,0,0
Wave_2|X_T_shuf|real|1,Wave_2,wave,explicit,oscillation/restoration,human,X_T_shuf,trajectory,T_shuf,real,1,description,code,math,trajectory,4,wave,explicit,,666,428,-238,3097,3108,11,0,5,10x151x1x1,10x101x101x2,10x64x1x1,0.0419,0,0,0,0
Wave_2|X_T_swap|obfuscated|0,Wave_2,wave,explicit,oscillation/restoration,human,X_T_swap,trajectory,T_swap,obfuscated,0,math,trajectory,description,code,2,wave,explicit,,666,428,-238,3097,3108,11,0,5,10x151x1x1,10x101x101x2,10x64x1x1,0.0419,0,0,0,0
Wave_2|X_T_swap|obfuscated|1,Wave_2,wave,explicit,oscillation/restoration,human,X_T_swap,trajectory,T_swap,obfuscated,1,math,code,description,trajectory,4,wave,explicit,,666,428,-238,3097,3108,11,0,5,10x151x1x1,10x101x101x2,10x64x1x1,0.0419,0,0,0,0
Wave_2|X_T_swap|real|0,Wave_2,wave,explicit,oscillation/restoration,human,X_T_swap,trajectory,T_swap,real,0,math,trajectory,description,code,2,wave,explicit,,666,428,-238,3097,3108,11,0,5,10x151x1x1,10x101x101x2,10x64x1x1,0.0419,0,0,0,0
Wave_2|X_T_swap|real|1,Wave_2,wave,explicit,oscillation/restoration,human,X_T_swap,trajectory,T_swap,real,1,math,code,description,trajectory,4,wave,explicit,,666,428,-238,3097,3108,11,0,5,10x151x1x1,10x101x101x2,10x64x1x1,0.0419,0,0,0,0
Wave_3|A0|obfuscated|0,Wave_3,wave,explicit/implicit,oscillation/restoration,human,A0,none,valid,obfuscated,0,code,math,trajectory,description,,wave,explicit/implicit,,425,356,-69,1157,1203,46,10,10,10x200x1x1,10x100x1x1,10x64x1x1,0.0103,0,0,0,0
Wave_3|A0|obfuscated|1,Wave_3,wave,explicit/implicit,oscillation/restoration,human,A0,none,valid,obfuscated,1,code,description,math,trajectory,,wave,explicit/implicit,,425,356,-69,1157,1203,46,10,10,10x200x1x1,10x100x1x1,10x64x1x1,0.0103,0,0,0,0
Wave_3|A0|real|0,Wave_3,wave,explicit/implicit,oscillation/restoration,human,A0,none,valid,real,0,code,math,trajectory,description,,wave,explicit/implicit,,425,356,-69,1157,1203,46,10,10,10x200x1x1,10x100x1x1,10x64x1x1,0.0103,0,0,0,0
Wave_3|A0|real|1,Wave_3,wave,explicit/implicit,oscillation/restoration,human,A0,none,valid,real,1,code,description,math,trajectory,,wave,explicit/implicit,,425,356,-69,1157,1203,46,10,10,10x200x1x1,10x100x1x1,10x64x1x1,0.0103,0,0,0,0
Wave_3|X_C|obfuscated|0,Wave_3,wave,explicit/implicit,oscillation/restoration,human,X_C,code,valid,obfuscated,0,description,trajectory,code,math,3,wave,explicit/implicit,,425,356,-69,1157,1203,46,10,10,10x200x1x1,10x100x1x1,10x64x1x1,0.0103,0,0,0,0
Wave_3|X_C|obfuscated|1,Wave_3,wave,explicit/implicit,oscillation/restoration,human,X_C,code,valid,obfuscated,1,code,description,math,trajectory,1,wave,explicit/implicit,,425,356,-69,1157,1203,46,10,10,10x200x1x1,10x100x1x1,10x64x1x1,0.0103,0,0,0,0
Wave_3|X_C|real|0,Wave_3,wave,explicit/implicit,oscillation/restoration,human,X_C,code,valid,real,0,description,trajectory,code,math,3,wave,explicit/implicit,,425,356,-69,1157,1203,46,10,10,10x200x1x1,10x100x1x1,10x64x1x1,0.0103,0,0,0,0
Wave_3|X_C|real|1,Wave_3,wave,explicit/implicit,oscillation/restoration,human,X_C,code,valid,real,1,code,description,math,trajectory,1,wave,explicit/implicit,,425,356,-69,1157,1203,46,10,10,10x200x1x1,10x100x1x1,10x64x1x1,0.0103,0,0,0,0
Wave_3|X_D|obfuscated|0,Wave_3,wave,explicit/implicit,oscillation/restoration,human,X_D,description,valid,obfuscated,0,code,math,description,trajectory,3,wave,explicit/implicit,,425,356,-69,1157,1203,46,10,10,10x200x1x1,10x100x1x1,10x64x1x1,0.0103,0,0,0,0
Wave_3|X_D|obfuscated|1,Wave_3,wave,explicit/implicit,oscillation/restoration,human,X_D,description,valid,obfuscated,1,description,trajectory,code,math,1,wave,explicit/implicit,,425,356,-69,1157,1203,46,10,10,10x200x1x1,10x100x1x1,10x64x1x1,0.0103,0,0,0,0
Wave_3|X_D|real|0,Wave_3,wave,explicit/implicit,oscillation/restoration,human,X_D,description,valid,real,0,code,math,description,trajectory,3,wave,explicit/implicit,,425,356,-69,1157,1203,46,10,10,10x200x1x1,10x100x1x1,10x64x1x1,0.0103,0,0,0,0
Wave_3|X_D|real|1,Wave_3,wave,explicit/implicit,oscillation/restoration,human,X_D,description,valid,real,1,description,trajectory,code,math,1,wave,explicit/implicit,,425,356,-69,1157,1203,46,10,10,10x200x1x1,10x100x1x1,10x64x1x1,0.0103,0,0,0,0
Wave_3|X_M|obfuscated|0,Wave_3,wave,explicit/implicit,oscillation/restoration,human,X_M,math,valid,obfuscated,0,description,trajectory,math,code,3,wave,explicit/implicit,,425,356,-69,1157,1203,46,10,10,10x200x1x1,10x100x1x1,10x64x1x1,0.0103,0,0,0,0
Wave_3|X_M|obfuscated|1,Wave_3,wave,explicit/implicit,oscillation/restoration,human,X_M,math,valid,obfuscated,1,math,code,trajectory,description,1,wave,explicit/implicit,,425,356,-69,1157,1203,46,10,10,10x200x1x1,10x100x1x1,10x64x1x1,0.0103,0,0,0,0
Wave_3|X_M|real|0,Wave_3,wave,explicit/implicit,oscillation/restoration,human,X_M,math,valid,real,0,description,trajectory,math,code,3,wave,explicit/implicit,,425,356,-69,1157,1203,46,10,10,10x200x1x1,10x100x1x1,10x64x1x1,0.0103,0,0,0,0
Wave_3|X_M|real|1,Wave_3,wave,explicit/implicit,oscillation/restoration,human,X_M,math,valid,real,1,math,code,trajectory,description,1,wave,explicit/implicit,,425,356,-69,1157,1203,46,10,10,10x200x1x1,10x100x1x1,10x64x1x1,0.0103,0,0,0,0
Wave_3|X_T_exec|obfuscated|0,Wave_3,wave,explicit/implicit,oscillation/restoration,human,X_T_exec,trajectory,T_exec,obfuscated,0,math,description,trajectory,code,3,wave,explicit/implicit,,425,356,-69,1157,1203,46,10,10,10x200x1x1,10x100x1x1,10x64x1x1,0.0103,0,0,0,1
Wave_3|X_T_exec|obfuscated|1,Wave_3,wave,explicit/implicit,oscillation/restoration,human,X_T_exec,trajectory,T_exec,obfuscated,1,trajectory,math,code,description,1,wave,explicit/implicit,,425,356,-69,1157,1203,46,10,10,10x200x1x1,10x100x1x1,10x64x1x1,0.0103,0,0,0,1
Wave_3|X_T_exec|real|0,Wave_3,wave,explicit/implicit,oscillation/restoration,human,X_T_exec,trajectory,T_exec,real,0,math,description,trajectory,code,3,wave,explicit/implicit,,425,356,-69,1157,1203,46,10,10,10x200x1x1,10x100x1x1,10x64x1x1,0.0103,0,0,0,1
Wave_3|X_T_exec|real|1,Wave_3,wave,explicit/implicit,oscillation/restoration,human,X_T_exec,trajectory,T_exec,real,1,trajectory,math,code,description,1,wave,explicit/implicit,,425,356,-69,1157,1203,46,10,10,10x200x1x1,10x100x1x1,10x64x1x1,0.0103,0,0,0,1
Wave_3|X_T_rand|obfuscated|0,Wave_3,wave,explicit/implicit,oscillation/restoration,human,X_T_rand,trajectory,T_rand,obfuscated,0,math,code,trajectory,description,3,wave,explicit/implicit,,425,356,-69,1157,1203,46,10,10,10x200x1x1,10x100x1x1,10x64x1x1,0.0103,0,0,0,0
Wave_3|X_T_rand|obfuscated|1,Wave_3,wave,explicit/implicit,oscillation/restoration,human,X_T_rand,trajectory,T_rand,obfuscated,1,trajectory,math,code,description,1,wave,explicit/implicit,,425,356,-69,1157,1203,46,10,10,10x200x1x1,10x100x1x1,10x64x1x1,0.0103,0,0,0,0
Wave_3|X_T_rand|real|0,Wave_3,wave,explicit/implicit,oscillation/restoration,human,X_T_rand,trajectory,T_rand,real,0,math,code,trajectory,description,3,wave,explicit/implicit,,425,356,-69,1157,1203,46,10,10,10x200x1x1,10x100x1x1,10x64x1x1,0.0103,0,0,0,0
Wave_3|X_T_rand|real|1,Wave_3,wave,explicit/implicit,oscillation/restoration,human,X_T_rand,trajectory,T_rand,real,1,trajectory,math,code,description,1,wave,explicit/implicit,,425,356,-69,1157,1203,46,10,10,10x200x1x1,10x100x1x1,10x64x1x1,0.0103,0,0,0,0
Wave_3|X_T_shuf|obfuscated|0,Wave_3,wave,explicit/implicit,oscillation/restoration,human,X_T_shuf,trajectory,T_shuf,obfuscated,0,math,code,trajectory,description,3,wave,explicit/implicit,,425,356,-69,1157,1203,46,10,10,10x200x1x1,10x100x1x1,10x64x1x1,0.0103,0,0,0,0
Wave_3|X_T_shuf|obfuscated|1,Wave_3,wave,explicit/implicit,oscillation/restoration,human,X_T_shuf,trajectory,T_shuf,obfuscated,1,trajectory,code,math,description,1,wave,explicit/implicit,,425,356,-69,1157,1203,46,10,10,10x200x1x1,10x100x1x1,10x64x1x1,0.0103,0,0,0,0
Wave_3|X_T_shuf|real|0,Wave_3,wave,explicit/implicit,oscillation/restoration,human,X_T_shuf,trajectory,T_shuf,real,0,math,code,trajectory,description,3,wave,explicit/implicit,,425,356,-69,1157,1203,46,10,10,10x200x1x1,10x100x1x1,10x64x1x1,0.0103,0,0,0,0
Wave_3|X_T_shuf|real|1,Wave_3,wave,explicit/implicit,oscillation/restoration,human,X_T_shuf,trajectory,T_shuf,real,1,trajectory,code,math,description,1,wave,explicit/implicit,,425,356,-69,1157,1203,46,10,10,10x200x1x1,10x100x1x1,10x64x1x1,0.0103,0,0,0,0
Wave_3|X_T_swap|obfuscated|0,Wave_3,wave,explicit/implicit,oscillation/restoration,human,X_T_swap,trajectory,T_swap,obfuscated,0,math,code,trajectory,description,3,wave,explicit/implicit,,425,356,-69,1157,1203,46,10,10,10x200x1x1,10x100x1x1,10x64x1x1,0.0103,0,0,0,0
Wave_3|X_T_swap|obfuscated|1,Wave_3,wave,explicit/implicit,oscillation/restoration,human,X_T_swap,trajectory,T_swap,obfuscated,1,trajectory,description,math,code,1,wave,explicit/implicit,,425,356,-69,1157,1203,46,10,10,10x200x1x1,10x100x1x1,10x64x1x1,0.0103,0,0,0,0
Wave_3|X_T_swap|real|0,Wave_3,wave,explicit/implicit,oscillation/restoration,human,X_T_swap,trajectory,T_swap,real,0,math,code,trajectory,description,3,wave,explicit/implicit,,425,356,-69,1157,1203,46,10,10,10x200x1x1,10x100x1x1,10x64x1x1,0.0103,0,0,0,0
Wave_3|X_T_swap|real|1,Wave_3,wave,explicit/implicit,oscillation/restoration,human,X_T_swap,trajectory,T_swap,real,1,trajectory,description,math,code,1,wave,explicit/implicit,,425,356,-69,1157,1203,46,10,10,10x200x1x1,10x100x1x1,10x64x1x1,0.0103,0,0,0,0
Wave_4|A0|obfuscated|0,Wave_4,wave,spectral,oscillation/restoration,human,A0,none,valid,obfuscated,0,trajectory,code,math,description,,wave,spectral,,486,321,-165,998,975,-23,13,18,10x256x1x1,10x128x128x1,10x64x1x1,0.0924,0,0,0,0
Wave_4|A0|obfuscated|1,Wave_4,wave,spectral,oscillation/restoration,human,A0,none,valid,obfuscated,1,code,math,trajectory,description,,wave,spectral,,486,321,-165,998,975,-23,13,18,10x256x1x1,10x128x128x1,10x64x1x1,0.0924,0,0,0,0
Wave_4|A0|real|0,Wave_4,wave,spectral,oscillation/restoration,human,A0,none,valid,real,0,trajectory,code,math,description,,wave,spectral,,486,321,-165,998,975,-23,13,18,10x256x1x1,10x128x128x1,10x64x1x1,0.0924,0,0,0,0
Wave_4|A0|real|1,Wave_4,wave,spectral,oscillation/restoration,human,A0,none,valid,real,1,code,math,trajectory,description,,wave,spectral,,486,321,-165,998,975,-23,13,18,10x256x1x1,10x128x128x1,10x64x1x1,0.0924,0,0,0,0
Wave_4|X_C|obfuscated|0,Wave_4,wave,spectral,oscillation/restoration,human,X_C,code,valid,obfuscated,0,math,trajectory,description,code,4,wave,spectral,,486,321,-165,998,975,-23,13,18,10x256x1x1,10x128x128x1,10x64x1x1,0.0924,0,0,0,0
Wave_4|X_C|obfuscated|1,Wave_4,wave,spectral,oscillation/restoration,human,X_C,code,valid,obfuscated,1,math,code,trajectory,description,2,wave,spectral,,486,321,-165,998,975,-23,13,18,10x256x1x1,10x128x128x1,10x64x1x1,0.0924,0,0,0,0
Wave_4|X_C|real|0,Wave_4,wave,spectral,oscillation/restoration,human,X_C,code,valid,real,0,math,trajectory,description,code,4,wave,spectral,,486,321,-165,998,975,-23,13,18,10x256x1x1,10x128x128x1,10x64x1x1,0.0924,0,0,0,0
Wave_4|X_C|real|1,Wave_4,wave,spectral,oscillation/restoration,human,X_C,code,valid,real,1,math,code,trajectory,description,2,wave,spectral,,486,321,-165,998,975,-23,13,18,10x256x1x1,10x128x128x1,10x64x1x1,0.0924,0,0,0,0
Wave_4|X_D|obfuscated|0,Wave_4,wave,spectral,oscillation/restoration,human,X_D,description,valid,obfuscated,0,math,trajectory,code,description,4,wave,spectral,,486,321,-165,998,975,-23,13,18,10x256x1x1,10x128x128x1,10x64x1x1,0.0924,0,0,0,0
Wave_4|X_D|obfuscated|1,Wave_4,wave,spectral,oscillation/restoration,human,X_D,description,valid,obfuscated,1,math,description,code,trajectory,2,wave,spectral,,486,321,-165,998,975,-23,13,18,10x256x1x1,10x128x128x1,10x64x1x1,0.0924,0,0,0,0
Wave_4|X_D|real|0,Wave_4,wave,spectral,oscillation/restoration,human,X_D,description,valid,real,0,math,trajectory,code,description,4,wave,spectral,,486,321,-165,998,975,-23,13,18,10x256x1x1,10x128x128x1,10x64x1x1,0.0924,0,0,0,0
Wave_4|X_D|real|1,Wave_4,wave,spectral,oscillation/restoration,human,X_D,description,valid,real,1,math,description,code,trajectory,2,wave,spectral,,486,321,-165,998,975,-23,13,18,10x256x1x1,10x128x128x1,10x64x1x1,0.0924,0,0,0,0
Wave_4|X_M|obfuscated|0,Wave_4,wave,spectral,oscillation/restoration,human,X_M,math,valid,obfuscated,0,description,code,trajectory,math,4,wave,spectral,,486,321,-165,998,975,-23,13,18,10x256x1x1,10x128x128x1,10x64x1x1,0.0924,0,0,0,0
Wave_4|X_M|obfuscated|1,Wave_4,wave,spectral,oscillation/restoration,human,X_M,math,valid,obfuscated,1,code,math,trajectory,description,2,wave,spectral,,486,321,-165,998,975,-23,13,18,10x256x1x1,10x128x128x1,10x64x1x1,0.0924,0,0,0,0
Wave_4|X_M|real|0,Wave_4,wave,spectral,oscillation/restoration,human,X_M,math,valid,real,0,description,code,trajectory,math,4,wave,spectral,,486,321,-165,998,975,-23,13,18,10x256x1x1,10x128x128x1,10x64x1x1,0.0924,0,0,0,0
Wave_4|X_M|real|1,Wave_4,wave,spectral,oscillation/restoration,human,X_M,math,valid,real,1,code,math,trajectory,description,2,wave,spectral,,486,321,-165,998,975,-23,13,18,10x256x1x1,10x128x128x1,10x64x1x1,0.0924,0,0,0,0
Wave_4|X_T_exec|obfuscated|0,Wave_4,wave,spectral,oscillation/restoration,human,X_T_exec,trajectory,T_exec,obfuscated,0,code,description,math,trajectory,4,wave,spectral,,486,321,-165,998,975,-23,13,18,10x256x1x1,10x128x128x1,10x64x1x1,0.0924,0,0,0,1
Wave_4|X_T_exec|obfuscated|1,Wave_4,wave,spectral,oscillation/restoration,human,X_T_exec,trajectory,T_exec,obfuscated,1,math,trajectory,code,description,2,wave,spectral,,486,321,-165,998,975,-23,13,18,10x256x1x1,10x128x128x1,10x64x1x1,0.0924,0,0,0,1
Wave_4|X_T_exec|real|0,Wave_4,wave,spectral,oscillation/restoration,human,X_T_exec,trajectory,T_exec,real,0,code,description,math,trajectory,4,wave,spectral,,486,321,-165,998,975,-23,13,18,10x256x1x1,10x128x128x1,10x64x1x1,0.0924,0,0,0,1
Wave_4|X_T_exec|real|1,Wave_4,wave,spectral,oscillation/restoration,human,X_T_exec,trajectory,T_exec,real,1,math,trajectory,code,description,2,wave,spectral,,486,321,-165,998,975,-23,13,18,10x256x1x1,10x128x128x1,10x64x1x1,0.0924,0,0,0,1
Wave_4|X_T_rand|obfuscated|0,Wave_4,wave,spectral,oscillation/restoration,human,X_T_rand,trajectory,T_rand,obfuscated,0,code,math,description,trajectory,4,wave,spectral,,486,321,-165,998,975,-23,13,18,10x256x1x1,10x128x128x1,10x64x1x1,0.0924,0,0,0,0
Wave_4|X_T_rand|obfuscated|1,Wave_4,wave,spectral,oscillation/restoration,human,X_T_rand,trajectory,T_rand,obfuscated,1,description,trajectory,math,code,2,wave,spectral,,486,321,-165,998,975,-23,13,18,10x256x1x1,10x128x128x1,10x64x1x1,0.0924,0,0,0,0
Wave_4|X_T_rand|real|0,Wave_4,wave,spectral,oscillation/restoration,human,X_T_rand,trajectory,T_rand,real,0,code,math,description,trajectory,4,wave,spectral,,486,321,-165,998,975,-23,13,18,10x256x1x1,10x128x128x1,10x64x1x1,0.0924,0,0,0,0
Wave_4|X_T_rand|real|1,Wave_4,wave,spectral,oscillation/restoration,human,X_T_rand,trajectory,T_rand,real,1,description,trajectory,math,code,2,wave,spectral,,486,321,-165,998,975,-23,13,18,10x256x1x1,10x128x128x1,10x64x1x1,0.0924,0,0,0,0
Wave_4|X_T_shuf|obfuscated|0,Wave_4,wave,spectral,oscillation/restoration,human,X_T_shuf,trajectory,T_shuf,obfuscated,0,math,description,code,trajectory,4,wave,spectral,,486,321,-165,998,975,-23,13,18,10x256x1x1,10x128x128x1,10x64x1x1,0.0924,0,0,0,0
Wave_4|X_T_shuf|obfuscated|1,Wave_4,wave,spectral,oscillation/restoration,human,X_T_shuf,trajectory,T_shuf,obfuscated,1,description,trajectory,code,math,2,wave,spectral,,486,321,-165,998,975,-23,13,18,10x256x1x1,10x128x128x1,10x64x1x1,0.0924,0,0,0,0
Wave_4|X_T_shuf|real|0,Wave_4,wave,spectral,oscillation/restoration,human,X_T_shuf,trajectory,T_shuf,real,0,math,description,code,trajectory,4,wave,spectral,,486,321,-165,998,975,-23,13,18,10x256x1x1,10x128x128x1,10x64x1x1,0.0924,0,0,0,0
Wave_4|X_T_shuf|real|1,Wave_4,wave,spectral,oscillation/restoration,human,X_T_shuf,trajectory,T_shuf,real,1,description,trajectory,code,math,2,wave,spectral,,486,321,-165,998,975,-23,13,18,10x256x1x1,10x128x128x1,10x64x1x1,0.0924,0,0,0,0
Wave_4|X_T_swap|obfuscated|0,Wave_4,wave,spectral,oscillation/restoration,human,X_T_swap,trajectory,T_swap,obfuscated,0,code,description,math,trajectory,4,wave,spectral,,486,321,-165,998,975,-23,13,18,10x256x1x1,10x128x128x1,10x64x1x1,0.0924,0,0,0,0
Wave_4|X_T_swap|obfuscated|1,Wave_4,wave,spectral,oscillation/restoration,human,X_T_swap,trajectory,T_swap,obfuscated,1,code,trajectory,description,math,2,wave,spectral,,486,321,-165,998,975,-23,13,18,10x256x1x1,10x128x128x1,10x64x1x1,0.0924,0,0,0,0
Wave_4|X_T_swap|real|0,Wave_4,wave,spectral,oscillation/restoration,human,X_T_swap,trajectory,T_swap,real,0,code,description,math,trajectory,4,wave,spectral,,486,321,-165,998,975,-23,13,18,10x256x1x1,10x128x128x1,10x64x1x1,0.0924,0,0,0,0
Wave_4|X_T_swap|real|1,Wave_4,wave,spectral,oscillation/restoration,human,X_T_swap,trajectory,T_swap,real,1,code,trajectory,description,math,2,wave,spectral,,486,321,-165,998,975,-23,13,18,10x256x1x1,10x128x128x1,10x64x1x1,0.0924,0,0,0,0
Wave_5|A0|obfuscated|0,Wave_5,wave,explicit,oscillation,synthetic,A0,none,valid,obfuscated,0,code,math,description,trajectory,,wave,explicit,,418,356,-62,976,977,1,4,5,10x201x1x1,10x200x1x1,10x64x1x1,0.0385,0,0,0,0
Wave_5|A0|obfuscated|1,Wave_5,wave,explicit,oscillation,synthetic,A0,none,valid,obfuscated,1,code,description,trajectory,math,,wave,explicit,,418,356,-62,976,977,1,4,5,10x201x1x1,10x200x1x1,10x64x1x1,0.0385,0,0,0,0
Wave_5|A0|real|0,Wave_5,wave,explicit,oscillation,synthetic,A0,none,valid,real,0,code,math,description,trajectory,,wave,explicit,,418,356,-62,976,977,1,4,5,10x201x1x1,10x200x1x1,10x64x1x1,0.0385,0,0,0,0
Wave_5|A0|real|1,Wave_5,wave,explicit,oscillation,synthetic,A0,none,valid,real,1,code,description,trajectory,math,,wave,explicit,,418,356,-62,976,977,1,4,5,10x201x1x1,10x200x1x1,10x64x1x1,0.0385,0,0,0,0
Wave_5|X_C|obfuscated|0,Wave_5,wave,explicit,oscillation,synthetic,X_C,code,valid,obfuscated,0,code,math,description,trajectory,1,wave,explicit,,418,356,-62,976,977,1,4,5,10x201x1x1,10x200x1x1,10x64x1x1,0.0385,0,0,0,0
Wave_5|X_C|obfuscated|1,Wave_5,wave,explicit,oscillation,synthetic,X_C,code,valid,obfuscated,1,math,description,code,trajectory,3,wave,explicit,,418,356,-62,976,977,1,4,5,10x201x1x1,10x200x1x1,10x64x1x1,0.0385,0,0,0,0
Wave_5|X_C|real|0,Wave_5,wave,explicit,oscillation,synthetic,X_C,code,valid,real,0,code,math,description,trajectory,1,wave,explicit,,418,356,-62,976,977,1,4,5,10x201x1x1,10x200x1x1,10x64x1x1,0.0385,0,0,0,0
Wave_5|X_C|real|1,Wave_5,wave,explicit,oscillation,synthetic,X_C,code,valid,real,1,math,description,code,trajectory,3,wave,explicit,,418,356,-62,976,977,1,4,5,10x201x1x1,10x200x1x1,10x64x1x1,0.0385,0,0,0,0
Wave_5|X_D|obfuscated|0,Wave_5,wave,explicit,oscillation,synthetic,X_D,description,valid,obfuscated,0,description,math,trajectory,code,1,wave,explicit,,418,356,-62,976,977,1,4,5,10x201x1x1,10x200x1x1,10x64x1x1,0.0385,0,0,0,0
Wave_5|X_D|obfuscated|1,Wave_5,wave,explicit,oscillation,synthetic,X_D,description,valid,obfuscated,1,trajectory,math,description,code,3,wave,explicit,,418,356,-62,976,977,1,4,5,10x201x1x1,10x200x1x1,10x64x1x1,0.0385,0,0,0,0
Wave_5|X_D|real|0,Wave_5,wave,explicit,oscillation,synthetic,X_D,description,valid,real,0,description,math,trajectory,code,1,wave,explicit,,418,356,-62,976,977,1,4,5,10x201x1x1,10x200x1x1,10x64x1x1,0.0385,0,0,0,0
Wave_5|X_D|real|1,Wave_5,wave,explicit,oscillation,synthetic,X_D,description,valid,real,1,trajectory,math,description,code,3,wave,explicit,,418,356,-62,976,977,1,4,5,10x201x1x1,10x200x1x1,10x64x1x1,0.0385,0,0,0,0
Wave_5|X_M|obfuscated|0,Wave_5,wave,explicit,oscillation,synthetic,X_M,math,valid,obfuscated,0,math,description,trajectory,code,1,wave,explicit,,418,356,-62,976,977,1,4,5,10x201x1x1,10x200x1x1,10x64x1x1,0.0385,0,0,0,0
Wave_5|X_M|obfuscated|1,Wave_5,wave,explicit,oscillation,synthetic,X_M,math,valid,obfuscated,1,description,trajectory,math,code,3,wave,explicit,,418,356,-62,976,977,1,4,5,10x201x1x1,10x200x1x1,10x64x1x1,0.0385,0,0,0,0
Wave_5|X_M|real|0,Wave_5,wave,explicit,oscillation,synthetic,X_M,math,valid,real,0,math,description,trajectory,code,1,wave,explicit,,418,356,-62,976,977,1,4,5,10x201x1x1,10x200x1x1,10x64x1x1,0.0385,0,0,0,0
Wave_5|X_M|real|1,Wave_5,wave,explicit,oscillation,synthetic,X_M,math,valid,real,1,description,trajectory,math,code,3,wave,explicit,,418,356,-62,976,977,1,4,5,10x201x1x1,10x200x1x1,10x64x1x1,0.0385,0,0,0,0
Wave_5|X_T_exec|obfuscated|0,Wave_5,wave,explicit,oscillation,synthetic,X_T_exec,trajectory,T_exec,obfuscated,0,trajectory,math,description,code,1,wave,explicit,,418,356,-62,976,977,1,4,5,10x201x1x1,10x200x1x1,10x64x1x1,0.0385,0,0,0,1
Wave_5|X_T_exec|obfuscated|1,Wave_5,wave,explicit,oscillation,synthetic,X_T_exec,trajectory,T_exec,obfuscated,1,description,code,trajectory,math,3,wave,explicit,,418,356,-62,976,977,1,4,5,10x201x1x1,10x200x1x1,10x64x1x1,0.0385,0,0,0,1
Wave_5|X_T_exec|real|0,Wave_5,wave,explicit,oscillation,synthetic,X_T_exec,trajectory,T_exec,real,0,trajectory,math,description,code,1,wave,explicit,,418,356,-62,976,977,1,4,5,10x201x1x1,10x200x1x1,10x64x1x1,0.0385,0,0,0,1
Wave_5|X_T_exec|real|1,Wave_5,wave,explicit,oscillation,synthetic,X_T_exec,trajectory,T_exec,real,1,description,code,trajectory,math,3,wave,explicit,,418,356,-62,976,977,1,4,5,10x201x1x1,10x200x1x1,10x64x1x1,0.0385,0,0,0,1
Wave_5|X_T_rand|obfuscated|0,Wave_5,wave,explicit,oscillation,synthetic,X_T_rand,trajectory,T_rand,obfuscated,0,trajectory,math,description,code,1,wave,explicit,,418,356,-62,976,977,1,4,5,10x201x1x1,10x200x1x1,10x64x1x1,0.0385,0,0,0,0
Wave_5|X_T_rand|obfuscated|1,Wave_5,wave,explicit,oscillation,synthetic,X_T_rand,trajectory,T_rand,obfuscated,1,code,math,trajectory,description,3,wave,explicit,,418,356,-62,976,977,1,4,5,10x201x1x1,10x200x1x1,10x64x1x1,0.0385,0,0,0,0
Wave_5|X_T_rand|real|0,Wave_5,wave,explicit,oscillation,synthetic,X_T_rand,trajectory,T_rand,real,0,trajectory,math,description,code,1,wave,explicit,,418,356,-62,976,977,1,4,5,10x201x1x1,10x200x1x1,10x64x1x1,0.0385,0,0,0,0
Wave_5|X_T_rand|real|1,Wave_5,wave,explicit,oscillation,synthetic,X_T_rand,trajectory,T_rand,real,1,code,math,trajectory,description,3,wave,explicit,,418,356,-62,976,977,1,4,5,10x201x1x1,10x200x1x1,10x64x1x1,0.0385,0,0,0,0
Wave_5|X_T_shuf|obfuscated|0,Wave_5,wave,explicit,oscillation,synthetic,X_T_shuf,trajectory,T_shuf,obfuscated,0,trajectory,code,description,math,1,wave,explicit,,418,356,-62,976,977,1,4,5,10x201x1x1,10x200x1x1,10x64x1x1,0.0385,0,0,0,0
Wave_5|X_T_shuf|obfuscated|1,Wave_5,wave,explicit,oscillation,synthetic,X_T_shuf,trajectory,T_shuf,obfuscated,1,description,code,trajectory,math,3,wave,explicit,,418,356,-62,976,977,1,4,5,10x201x1x1,10x200x1x1,10x64x1x1,0.0385,0,0,0,0
Wave_5|X_T_shuf|real|0,Wave_5,wave,explicit,oscillation,synthetic,X_T_shuf,trajectory,T_shuf,real,0,trajectory,code,description,math,1,wave,explicit,,418,356,-62,976,977,1,4,5,10x201x1x1,10x200x1x1,10x64x1x1,0.0385,0,0,0,0
Wave_5|X_T_shuf|real|1,Wave_5,wave,explicit,oscillation,synthetic,X_T_shuf,trajectory,T_shuf,real,1,description,code,trajectory,math,3,wave,explicit,,418,356,-62,976,977,1,4,5,10x201x1x1,10x200x1x1,10x64x1x1,0.0385,0,0,0,0
Wave_5|X_T_swap|obfuscated|0,Wave_5,wave,explicit,oscillation,synthetic,X_T_swap,trajectory,T_swap,obfuscated,0,trajectory,math,code,description,1,wave,explicit,,418,356,-62,976,977,1,4,5,10x201x1x1,10x200x1x1,10x64x1x1,0.0385,0,0,0,0
Wave_5|X_T_swap|obfuscated|1,Wave_5,wave,explicit,oscillation,synthetic,X_T_swap,trajectory,T_swap,obfuscated,1,description,code,trajectory,math,3,wave,explicit,,418,356,-62,976,977,1,4,5,10x201x1x1,10x200x1x1,10x64x1x1,0.0385,0,0,0,0
Wave_5|X_T_swap|real|0,Wave_5,wave,explicit,oscillation,synthetic,X_T_swap,trajectory,T_swap,real,0,trajectory,math,code,description,1,wave,explicit,,418,356,-62,976,977,1,4,5,10x201x1x1,10x200x1x1,10x64x1x1,0.0385,0,0,0,0
Wave_5|X_T_swap|real|1,Wave_5,wave,explicit,oscillation,synthetic,X_T_swap,trajectory,T_swap,real,1,description,code,trajectory,math,3,wave,explicit,,418,356,-62,976,977,1,4,5,10x201x1x1,10x200x1x1,10x64x1x1,0.0385,0,0,0,0
Wave_6|A0|obfuscated|0,Wave_6,wave,spectral,oscillation,synthetic,A0,none,valid,obfuscated,0,trajectory,description,math,code,,wave,spectral,,377,307,-70,873,876,3,4,6,10x256x1x1,10x61x61x1,10x64x1x1,0.0121,0,0,0,0
Wave_6|A0|obfuscated|1,Wave_6,wave,spectral,oscillation,synthetic,A0,none,valid,obfuscated,1,description,math,trajectory,code,,wave,spectral,,377,307,-70,873,876,3,4,6,10x256x1x1,10x61x61x1,10x64x1x1,0.0121,0,0,0,0
Wave_6|A0|real|0,Wave_6,wave,spectral,oscillation,synthetic,A0,none,valid,real,0,trajectory,description,math,code,,wave,spectral,,377,307,-70,873,876,3,4,6,10x256x1x1,10x61x61x1,10x64x1x1,0.0121,0,0,0,0
Wave_6|A0|real|1,Wave_6,wave,spectral,oscillation,synthetic,A0,none,valid,real,1,description,math,trajectory,code,,wave,spectral,,377,307,-70,873,876,3,4,6,10x256x1x1,10x61x61x1,10x64x1x1,0.0121,0,0,0,0
Wave_6|X_C|obfuscated|0,Wave_6,wave,spectral,oscillation,synthetic,X_C,code,valid,obfuscated,0,trajectory,code,math,description,2,wave,spectral,,377,307,-70,873,876,3,4,6,10x256x1x1,10x61x61x1,10x64x1x1,0.0121,0,0,0,0
Wave_6|X_C|obfuscated|1,Wave_6,wave,spectral,oscillation,synthetic,X_C,code,valid,obfuscated,1,math,trajectory,description,code,4,wave,spectral,,377,307,-70,873,876,3,4,6,10x256x1x1,10x61x61x1,10x64x1x1,0.0121,0,0,0,0
Wave_6|X_C|real|0,Wave_6,wave,spectral,oscillation,synthetic,X_C,code,valid,real,0,trajectory,code,math,description,2,wave,spectral,,377,307,-70,873,876,3,4,6,10x256x1x1,10x61x61x1,10x64x1x1,0.0121,0,0,0,0
Wave_6|X_C|real|1,Wave_6,wave,spectral,oscillation,synthetic,X_C,code,valid,real,1,math,trajectory,description,code,4,wave,spectral,,377,307,-70,873,876,3,4,6,10x256x1x1,10x61x61x1,10x64x1x1,0.0121,0,0,0,0
Wave_6|X_D|obfuscated|0,Wave_6,wave,spectral,oscillation,synthetic,X_D,description,valid,obfuscated,0,math,description,trajectory,code,2,wave,spectral,,377,307,-70,873,876,3,4,6,10x256x1x1,10x61x61x1,10x64x1x1,0.0121,0,0,0,0
Wave_6|X_D|obfuscated|1,Wave_6,wave,spectral,oscillation,synthetic,X_D,description,valid,obfuscated,1,trajectory,math,code,description,4,wave,spectral,,377,307,-70,873,876,3,4,6,10x256x1x1,10x61x61x1,10x64x1x1,0.0121,0,0,0,0
Wave_6|X_D|real|0,Wave_6,wave,spectral,oscillation,synthetic,X_D,description,valid,real,0,math,description,trajectory,code,2,wave,spectral,,377,307,-70,873,876,3,4,6,10x256x1x1,10x61x61x1,10x64x1x1,0.0121,0,0,0,0
Wave_6|X_D|real|1,Wave_6,wave,spectral,oscillation,synthetic,X_D,description,valid,real,1,trajectory,math,code,description,4,wave,spectral,,377,307,-70,873,876,3,4,6,10x256x1x1,10x61x61x1,10x64x1x1,0.0121,0,0,0,0
Wave_6|X_M|obfuscated|0,Wave_6,wave,spectral,oscillation,synthetic,X_M,math,valid,obfuscated,0,description,math,trajectory,code,2,wave,spectral,,377,307,-70,873,876,3,4,6,10x256x1x1,10x61x61x1,10x64x1x1,0.0121,0,0,0,0
Wave_6|X_M|obfuscated|1,Wave_6,wave,spectral,oscillation,synthetic,X_M,math,valid,obfuscated,1,trajectory,description,code,math,4,wave,spectral,,377,307,-70,873,876,3,4,6,10x256x1x1,10x61x61x1,10x64x1x1,0.0121,0,0,0,0
Wave_6|X_M|real|0,Wave_6,wave,spectral,oscillation,synthetic,X_M,math,valid,real,0,description,math,trajectory,code,2,wave,spectral,,377,307,-70,873,876,3,4,6,10x256x1x1,10x61x61x1,10x64x1x1,0.0121,0,0,0,0
Wave_6|X_M|real|1,Wave_6,wave,spectral,oscillation,synthetic,X_M,math,valid,real,1,trajectory,description,code,math,4,wave,spectral,,377,307,-70,873,876,3,4,6,10x256x1x1,10x61x61x1,10x64x1x1,0.0121,0,0,0,0
Wave_6|X_T_exec|obfuscated|0,Wave_6,wave,spectral,oscillation,synthetic,X_T_exec,trajectory,T_exec,obfuscated,0,description,trajectory,code,math,2,wave,spectral,,377,307,-70,873,876,3,4,6,10x256x1x1,10x61x61x1,10x64x1x1,0.0121,0,0,0,1
Wave_6|X_T_exec|obfuscated|1,Wave_6,wave,spectral,oscillation,synthetic,X_T_exec,trajectory,T_exec,obfuscated,1,math,code,description,trajectory,4,wave,spectral,,377,307,-70,873,876,3,4,6,10x256x1x1,10x61x61x1,10x64x1x1,0.0121,0,0,0,1
Wave_6|X_T_exec|real|0,Wave_6,wave,spectral,oscillation,synthetic,X_T_exec,trajectory,T_exec,real,0,description,trajectory,code,math,2,wave,spectral,,377,307,-70,873,876,3,4,6,10x256x1x1,10x61x61x1,10x64x1x1,0.0121,0,0,0,1
Wave_6|X_T_exec|real|1,Wave_6,wave,spectral,oscillation,synthetic,X_T_exec,trajectory,T_exec,real,1,math,code,description,trajectory,4,wave,spectral,,377,307,-70,873,876,3,4,6,10x256x1x1,10x61x61x1,10x64x1x1,0.0121,0,0,0,1
Wave_6|X_T_rand|obfuscated|0,Wave_6,wave,spectral,oscillation,synthetic,X_T_rand,trajectory,T_rand,obfuscated,0,description,trajectory,math,code,2,wave,spectral,,377,307,-70,873,876,3,4,6,10x256x1x1,10x61x61x1,10x64x1x1,0.0121,0,0,0,0
Wave_6|X_T_rand|obfuscated|1,Wave_6,wave,spectral,oscillation,synthetic,X_T_rand,trajectory,T_rand,obfuscated,1,description,math,code,trajectory,4,wave,spectral,,377,307,-70,873,876,3,4,6,10x256x1x1,10x61x61x1,10x64x1x1,0.0121,0,0,0,0
Wave_6|X_T_rand|real|0,Wave_6,wave,spectral,oscillation,synthetic,X_T_rand,trajectory,T_rand,real,0,description,trajectory,math,code,2,wave,spectral,,377,307,-70,873,876,3,4,6,10x256x1x1,10x61x61x1,10x64x1x1,0.0121,0,0,0,0
Wave_6|X_T_rand|real|1,Wave_6,wave,spectral,oscillation,synthetic,X_T_rand,trajectory,T_rand,real,1,description,math,code,trajectory,4,wave,spectral,,377,307,-70,873,876,3,4,6,10x256x1x1,10x61x61x1,10x64x1x1,0.0121,0,0,0,0
Wave_6|X_T_shuf|obfuscated|0,Wave_6,wave,spectral,oscillation,synthetic,X_T_shuf,trajectory,T_shuf,obfuscated,0,math,trajectory,code,description,2,wave,spectral,,377,307,-70,873,876,3,4,6,10x256x1x1,10x61x61x1,10x64x1x1,0.0121,0,0,0,0
Wave_6|X_T_shuf|obfuscated|1,Wave_6,wave,spectral,oscillation,synthetic,X_T_shuf,trajectory,T_shuf,obfuscated,1,code,math,description,trajectory,4,wave,spectral,,377,307,-70,873,876,3,4,6,10x256x1x1,10x61x61x1,10x64x1x1,0.0121,0,0,0,0
Wave_6|X_T_shuf|real|0,Wave_6,wave,spectral,oscillation,synthetic,X_T_shuf,trajectory,T_shuf,real,0,math,trajectory,code,description,2,wave,spectral,,377,307,-70,873,876,3,4,6,10x256x1x1,10x61x61x1,10x64x1x1,0.0121,0,0,0,0
Wave_6|X_T_shuf|real|1,Wave_6,wave,spectral,oscillation,synthetic,X_T_shuf,trajectory,T_shuf,real,1,code,math,description,trajectory,4,wave,spectral,,377,307,-70,873,876,3,4,6,10x256x1x1,10x61x61x1,10x64x1x1,0.0121,0,0,0,0
Wave_6|X_T_swap|obfuscated|0,Wave_6,wave,spectral,oscillation,synthetic,X_T_swap,trajectory,T_swap,obfuscated,0,description,trajectory,code,math,2,wave,spectral,,377,307,-70,873,876,3,4,6,10x256x1x1,10x61x61x1,10x64x1x1,0.0121,0,0,0,0
Wave_6|X_T_swap|obfuscated|1,Wave_6,wave,spectral,oscillation,synthetic,X_T_swap,trajectory,T_swap,obfuscated,1,description,code,math,trajectory,4,wave,spectral,,377,307,-70,873,876,3,4,6,10x256x1x1,10x61x61x1,10x64x1x1,0.0121,0,0,0,0
Wave_6|X_T_swap|real|0,Wave_6,wave,spectral,oscillation,synthetic,X_T_swap,trajectory,T_swap,real,0,description,trajectory,code,math,2,wave,spectral,,377,307,-70,873,876,3,4,6,10x256x1x1,10x61x61x1,10x64x1x1,0.0121,0,0,0,0
Wave_6|X_T_swap|real|1,Wave_6,wave,spectral,oscillation,synthetic,X_T_swap,trajectory,T_swap,real,1,description,code,math,trajectory,4,wave,spectral,,377,307,-70,873,876,3,4,6,10x256x1x1,10x61x61x1,10x64x1x1,0.0121,0,0,0,0
Wave_7|A0|obfuscated|0,Wave_7,wave,explicit,oscillation/restoration,synthetic,A0,none,valid,obfuscated,0,description,trajectory,math,code,,wave,explicit,,603,384,-219,1434,1435,1,6,8,10x121x121x1,10x101x1x1,10x14x14x1,0.7662,1,0,0,0
Wave_7|A0|obfuscated|1,Wave_7,wave,explicit,oscillation/restoration,synthetic,A0,none,valid,obfuscated,1,code,description,math,trajectory,,wave,explicit,,603,384,-219,1434,1435,1,6,8,10x121x121x1,10x101x1x1,10x14x14x1,0.7662,1,0,0,0
Wave_7|A0|real|0,Wave_7,wave,explicit,oscillation/restoration,synthetic,A0,none,valid,real,0,description,trajectory,math,code,,wave,explicit,,603,384,-219,1434,1435,1,6,8,10x121x121x1,10x101x1x1,10x14x14x1,0.7662,1,0,0,0
Wave_7|A0|real|1,Wave_7,wave,explicit,oscillation/restoration,synthetic,A0,none,valid,real,1,code,description,math,trajectory,,wave,explicit,,603,384,-219,1434,1435,1,6,8,10x121x121x1,10x101x1x1,10x14x14x1,0.7662,1,0,0,0
Wave_7|X_C|obfuscated|0,Wave_7,wave,explicit,oscillation/restoration,synthetic,X_C,code,valid,obfuscated,0,math,trajectory,code,description,3,wave,explicit,,603,384,-219,1434,1435,1,6,8,10x121x121x1,10x101x1x1,10x14x14x1,0.7662,1,0,0,0
Wave_7|X_C|obfuscated|1,Wave_7,wave,explicit,oscillation/restoration,synthetic,X_C,code,valid,obfuscated,1,code,math,trajectory,description,1,wave,explicit,,603,384,-219,1434,1435,1,6,8,10x121x121x1,10x101x1x1,10x14x14x1,0.7662,1,0,0,0
Wave_7|X_C|real|0,Wave_7,wave,explicit,oscillation/restoration,synthetic,X_C,code,valid,real,0,math,trajectory,code,description,3,wave,explicit,,603,384,-219,1434,1435,1,6,8,10x121x121x1,10x101x1x1,10x14x14x1,0.7662,1,0,0,0
Wave_7|X_C|real|1,Wave_7,wave,explicit,oscillation/restoration,synthetic,X_C,code,valid,real,1,code,math,trajectory,description,1,wave,explicit,,603,384,-219,1434,1435,1,6,8,10x121x121x1,10x101x1x1,10x14x14x1,0.7662,1,0,0,0
Wave_7|X_D|obfuscated|0,Wave_7,wave,explicit,oscillation/restoration,synthetic,X_D,description,valid,obfuscated,0,math,code,description,trajectory,3,wave,explicit,,603,384,-219,1434,1435,1,6,8,10x121x121x1,10x101x1x1,10x14x14x1,0.7662,1,0,0,0
Wave_7|X_D|obfuscated|1,Wave_7,wave,explicit,oscillation/restoration,synthetic,X_D,description,valid,obfuscated,1,description,math,code,trajectory,1,wave,explicit,,603,384,-219,1434,1435,1,6,8,10x121x121x1,10x101x1x1,10x14x14x1,0.7662,1,0,0,0
Wave_7|X_D|real|0,Wave_7,wave,explicit,oscillation/restoration,synthetic,X_D,description,valid,real,0,math,code,description,trajectory,3,wave,explicit,,603,384,-219,1434,1435,1,6,8,10x121x121x1,10x101x1x1,10x14x14x1,0.7662,1,0,0,0
Wave_7|X_D|real|1,Wave_7,wave,explicit,oscillation/restoration,synthetic,X_D,description,valid,real,1,description,math,code,trajectory,1,wave,explicit,,603,384,-219,1434,1435,1,6,8,10x121x121x1,10x101x1x1,10x14x14x1,0.7662,1,0,0,0
Wave_7|X_M|obfuscated|0,Wave_7,wave,explicit,oscillation/restoration,synthetic,X_M,math,valid,obfuscated,0,trajectory,code,math,description,3,wave,explicit,,603,384,-219,1434,1435,1,6,8,10x121x121x1,10x101x1x1,10x14x14x1,0.7662,1,0,0,0
Wave_7|X_M|obfuscated|1,Wave_7,wave,explicit,oscillation/restoration,synthetic,X_M,math,valid,obfuscated,1,math,trajectory,code,description,1,wave,explicit,,603,384,-219,1434,1435,1,6,8,10x121x121x1,10x101x1x1,10x14x14x1,0.7662,1,0,0,0
Wave_7|X_M|real|0,Wave_7,wave,explicit,oscillation/restoration,synthetic,X_M,math,valid,real,0,trajectory,code,math,description,3,wave,explicit,,603,384,-219,1434,1435,1,6,8,10x121x121x1,10x101x1x1,10x14x14x1,0.7662,1,0,0,0
Wave_7|X_M|real|1,Wave_7,wave,explicit,oscillation/restoration,synthetic,X_M,math,valid,real,1,math,trajectory,code,description,1,wave,explicit,,603,384,-219,1434,1435,1,6,8,10x121x121x1,10x101x1x1,10x14x14x1,0.7662,1,0,0,0
Wave_7|X_T_exec|obfuscated|0,Wave_7,wave,explicit,oscillation/restoration,synthetic,X_T_exec,trajectory,T_exec,obfuscated,0,code,description,trajectory,math,3,wave,explicit,,603,384,-219,1434,1435,1,6,8,10x121x121x1,10x101x1x1,10x14x14x1,0.7662,1,0,0,1
Wave_7|X_T_exec|obfuscated|1,Wave_7,wave,explicit,oscillation/restoration,synthetic,X_T_exec,trajectory,T_exec,obfuscated,1,trajectory,description,code,math,1,wave,explicit,,603,384,-219,1434,1435,1,6,8,10x121x121x1,10x101x1x1,10x14x14x1,0.7662,1,0,0,1
Wave_7|X_T_exec|real|0,Wave_7,wave,explicit,oscillation/restoration,synthetic,X_T_exec,trajectory,T_exec,real,0,code,description,trajectory,math,3,wave,explicit,,603,384,-219,1434,1435,1,6,8,10x121x121x1,10x101x1x1,10x14x14x1,0.7662,1,0,0,1
Wave_7|X_T_exec|real|1,Wave_7,wave,explicit,oscillation/restoration,synthetic,X_T_exec,trajectory,T_exec,real,1,trajectory,description,code,math,1,wave,explicit,,603,384,-219,1434,1435,1,6,8,10x121x121x1,10x101x1x1,10x14x14x1,0.7662,1,0,0,1
Wave_7|X_T_rand|obfuscated|0,Wave_7,wave,explicit,oscillation/restoration,synthetic,X_T_rand,trajectory,T_rand,obfuscated,0,description,code,trajectory,math,3,wave,explicit,,603,384,-219,1434,1435,1,6,8,10x121x121x1,10x101x1x1,10x14x14x1,0.7662,1,0,0,0
Wave_7|X_T_rand|obfuscated|1,Wave_7,wave,explicit,oscillation/restoration,synthetic,X_T_rand,trajectory,T_rand,obfuscated,1,trajectory,code,math,description,1,wave,explicit,,603,384,-219,1434,1435,1,6,8,10x121x121x1,10x101x1x1,10x14x14x1,0.7662,1,0,0,0
Wave_7|X_T_rand|real|0,Wave_7,wave,explicit,oscillation/restoration,synthetic,X_T_rand,trajectory,T_rand,real,0,description,code,trajectory,math,3,wave,explicit,,603,384,-219,1434,1435,1,6,8,10x121x121x1,10x101x1x1,10x14x14x1,0.7662,1,0,0,0
Wave_7|X_T_rand|real|1,Wave_7,wave,explicit,oscillation/restoration,synthetic,X_T_rand,trajectory,T_rand,real,1,trajectory,code,math,description,1,wave,explicit,,603,384,-219,1434,1435,1,6,8,10x121x121x1,10x101x1x1,10x14x14x1,0.7662,1,0,0,0
Wave_7|X_T_shuf|obfuscated|0,Wave_7,wave,explicit,oscillation/restoration,synthetic,X_T_shuf,trajectory,T_shuf,obfuscated,0,code,description,trajectory,math,3,wave,explicit,,603,384,-219,1434,1435,1,6,8,10x121x121x1,10x101x1x1,10x14x14x1,0.7662,1,0,0,0
Wave_7|X_T_shuf|obfuscated|1,Wave_7,wave,explicit,oscillation/restoration,synthetic,X_T_shuf,trajectory,T_shuf,obfuscated,1,trajectory,code,math,description,1,wave,explicit,,603,384,-219,1434,1435,1,6,8,10x121x121x1,10x101x1x1,10x14x14x1,0.7662,1,0,0,0
Wave_7|X_T_shuf|real|0,Wave_7,wave,explicit,oscillation/restoration,synthetic,X_T_shuf,trajectory,T_shuf,real,0,code,description,trajectory,math,3,wave,explicit,,603,384,-219,1434,1435,1,6,8,10x121x121x1,10x101x1x1,10x14x14x1,0.7662,1,0,0,0
Wave_7|X_T_shuf|real|1,Wave_7,wave,explicit,oscillation/restoration,synthetic,X_T_shuf,trajectory,T_shuf,real,1,trajectory,code,math,description,1,wave,explicit,,603,384,-219,1434,1435,1,6,8,10x121x121x1,10x101x1x1,10x14x14x1,0.7662,1,0,0,0
Wave_7|X_T_swap|obfuscated|0,Wave_7,wave,explicit,oscillation/restoration,synthetic,X_T_swap,trajectory,T_swap,obfuscated,0,code,description,trajectory,math,3,wave,explicit,,603,384,-219,1434,1435,1,6,8,10x121x121x1,10x101x1x1,10x14x14x1,0.7662,1,0,0,0
Wave_7|X_T_swap|obfuscated|1,Wave_7,wave,explicit,oscillation/restoration,synthetic,X_T_swap,trajectory,T_swap,obfuscated,1,trajectory,code,description,math,1,wave,explicit,,603,384,-219,1434,1435,1,6,8,10x121x121x1,10x101x1x1,10x14x14x1,0.7662,1,0,0,0
Wave_7|X_T_swap|real|0,Wave_7,wave,explicit,oscillation/restoration,synthetic,X_T_swap,trajectory,T_swap,real,0,code,description,trajectory,math,3,wave,explicit,,603,384,-219,1434,1435,1,6,8,10x121x121x1,10x101x1x1,10x14x14x1,0.7662,1,0,0,0
Wave_7|X_T_swap|real|1,Wave_7,wave,explicit,oscillation/restoration,synthetic,X_T_swap,trajectory,T_swap,real,1,trajectory,code,description,math,1,wave,explicit,,603,384,-219,1434,1435,1,6,8,10x121x121x1,10x101x1x1,10x14x14x1,0.7662,1,0,0,0
Wave_8|A0|obfuscated|0,Wave_8,wave,implicit,oscillation,synthetic,A0,none,valid,obfuscated,0,description,math,code,trajectory,,wave,implicit,,520,384,-136,1404,1403,-1,5,6,10x121x121x1,10x256x1x1,10x14x14x1,0.0363,0,0,0,0
Wave_8|A0|obfuscated|1,Wave_8,wave,implicit,oscillation,synthetic,A0,none,valid,obfuscated,1,code,description,trajectory,math,,wave,implicit,,520,384,-136,1404,1403,-1,5,6,10x121x121x1,10x256x1x1,10x14x14x1,0.0363,0,0,0,0
Wave_8|A0|real|0,Wave_8,wave,implicit,oscillation,synthetic,A0,none,valid,real,0,description,math,code,trajectory,,wave,implicit,,520,384,-136,1404,1403,-1,5,6,10x121x121x1,10x256x1x1,10x14x14x1,0.0363,0,0,0,0
Wave_8|A0|real|1,Wave_8,wave,implicit,oscillation,synthetic,A0,none,valid,real,1,code,description,trajectory,math,,wave,implicit,,520,384,-136,1404,1403,-1,5,6,10x121x121x1,10x256x1x1,10x14x14x1,0.0363,0,0,0,0
Wave_8|X_C|obfuscated|0,Wave_8,wave,implicit,oscillation,synthetic,X_C,code,valid,obfuscated,0,math,trajectory,description,code,4,wave,implicit,,520,384,-136,1404,1403,-1,5,6,10x121x121x1,10x256x1x1,10x14x14x1,0.0363,0,0,0,0
Wave_8|X_C|obfuscated|1,Wave_8,wave,implicit,oscillation,synthetic,X_C,code,valid,obfuscated,1,math,code,description,trajectory,2,wave,implicit,,520,384,-136,1404,1403,-1,5,6,10x121x121x1,10x256x1x1,10x14x14x1,0.0363,0,0,0,0
Wave_8|X_C|real|0,Wave_8,wave,implicit,oscillation,synthetic,X_C,code,valid,real,0,math,trajectory,description,code,4,wave,implicit,,520,384,-136,1404,1403,-1,5,6,10x121x121x1,10x256x1x1,10x14x14x1,0.0363,0,0,0,0
Wave_8|X_C|real|1,Wave_8,wave,implicit,oscillation,synthetic,X_C,code,valid,real,1,math,code,description,trajectory,2,wave,implicit,,520,384,-136,1404,1403,-1,5,6,10x121x121x1,10x256x1x1,10x14x14x1,0.0363,0,0,0,0
Wave_8|X_D|obfuscated|0,Wave_8,wave,implicit,oscillation,synthetic,X_D,description,valid,obfuscated,0,trajectory,code,math,description,4,wave,implicit,,520,384,-136,1404,1403,-1,5,6,10x121x121x1,10x256x1x1,10x14x14x1,0.0363,0,0,0,0
Wave_8|X_D|obfuscated|1,Wave_8,wave,implicit,oscillation,synthetic,X_D,description,valid,obfuscated,1,code,description,trajectory,math,2,wave,implicit,,520,384,-136,1404,1403,-1,5,6,10x121x121x1,10x256x1x1,10x14x14x1,0.0363,0,0,0,0
Wave_8|X_D|real|0,Wave_8,wave,implicit,oscillation,synthetic,X_D,description,valid,real,0,trajectory,code,math,description,4,wave,implicit,,520,384,-136,1404,1403,-1,5,6,10x121x121x1,10x256x1x1,10x14x14x1,0.0363,0,0,0,0
Wave_8|X_D|real|1,Wave_8,wave,implicit,oscillation,synthetic,X_D,description,valid,real,1,code,description,trajectory,math,2,wave,implicit,,520,384,-136,1404,1403,-1,5,6,10x121x121x1,10x256x1x1,10x14x14x1,0.0363,0,0,0,0
Wave_8|X_M|obfuscated|0,Wave_8,wave,implicit,oscillation,synthetic,X_M,math,valid,obfuscated,0,trajectory,description,code,math,4,wave,implicit,,520,384,-136,1404,1403,-1,5,6,10x121x121x1,10x256x1x1,10x14x14x1,0.0363,0,0,0,0
Wave_8|X_M|obfuscated|1,Wave_8,wave,implicit,oscillation,synthetic,X_M,math,valid,obfuscated,1,trajectory,math,description,code,2,wave,implicit,,520,384,-136,1404,1403,-1,5,6,10x121x121x1,10x256x1x1,10x14x14x1,0.0363,0,0,0,0
Wave_8|X_M|real|0,Wave_8,wave,implicit,oscillation,synthetic,X_M,math,valid,real,0,trajectory,description,code,math,4,wave,implicit,,520,384,-136,1404,1403,-1,5,6,10x121x121x1,10x256x1x1,10x14x14x1,0.0363,0,0,0,0
Wave_8|X_M|real|1,Wave_8,wave,implicit,oscillation,synthetic,X_M,math,valid,real,1,trajectory,math,description,code,2,wave,implicit,,520,384,-136,1404,1403,-1,5,6,10x121x121x1,10x256x1x1,10x14x14x1,0.0363,0,0,0,0
Wave_8|X_T_exec|obfuscated|0,Wave_8,wave,implicit,oscillation,synthetic,X_T_exec,trajectory,T_exec,obfuscated,0,math,code,description,trajectory,4,wave,implicit,,520,384,-136,1404,1403,-1,5,6,10x121x121x1,10x256x1x1,10x14x14x1,0.0363,0,0,0,1
Wave_8|X_T_exec|obfuscated|1,Wave_8,wave,implicit,oscillation,synthetic,X_T_exec,trajectory,T_exec,obfuscated,1,code,trajectory,math,description,2,wave,implicit,,520,384,-136,1404,1403,-1,5,6,10x121x121x1,10x256x1x1,10x14x14x1,0.0363,0,0,0,1
Wave_8|X_T_exec|real|0,Wave_8,wave,implicit,oscillation,synthetic,X_T_exec,trajectory,T_exec,real,0,math,code,description,trajectory,4,wave,implicit,,520,384,-136,1404,1403,-1,5,6,10x121x121x1,10x256x1x1,10x14x14x1,0.0363,0,0,0,1
Wave_8|X_T_exec|real|1,Wave_8,wave,implicit,oscillation,synthetic,X_T_exec,trajectory,T_exec,real,1,code,trajectory,math,description,2,wave,implicit,,520,384,-136,1404,1403,-1,5,6,10x121x121x1,10x256x1x1,10x14x14x1,0.0363,0,0,0,1
Wave_8|X_T_rand|obfuscated|0,Wave_8,wave,implicit,oscillation,synthetic,X_T_rand,trajectory,T_rand,obfuscated,0,math,description,code,trajectory,4,wave,implicit,,520,384,-136,1404,1403,-1,5,6,10x121x121x1,10x256x1x1,10x14x14x1,0.0363,0,0,0,0
Wave_8|X_T_rand|obfuscated|1,Wave_8,wave,implicit,oscillation,synthetic,X_T_rand,trajectory,T_rand,obfuscated,1,description,trajectory,math,code,2,wave,implicit,,520,384,-136,1404,1403,-1,5,6,10x121x121x1,10x256x1x1,10x14x14x1,0.0363,0,0,0,0
Wave_8|X_T_rand|real|0,Wave_8,wave,implicit,oscillation,synthetic,X_T_rand,trajectory,T_rand,real,0,math,description,code,trajectory,4,wave,implicit,,520,384,-136,1404,1403,-1,5,6,10x121x121x1,10x256x1x1,10x14x14x1,0.0363,0,0,0,0
Wave_8|X_T_rand|real|1,Wave_8,wave,implicit,oscillation,synthetic,X_T_rand,trajectory,T_rand,real,1,description,trajectory,math,code,2,wave,implicit,,520,384,-136,1404,1403,-1,5,6,10x121x121x1,10x256x1x1,10x14x14x1,0.0363,0,0,0,0
Wave_8|X_T_shuf|obfuscated|0,Wave_8,wave,implicit,oscillation,synthetic,X_T_shuf,trajectory,T_shuf,obfuscated,0,math,description,code,trajectory,4,wave,implicit,,520,384,-136,1404,1403,-1,5,6,10x121x121x1,10x256x1x1,10x14x14x1,0.0363,0,0,0,0
Wave_8|X_T_shuf|obfuscated|1,Wave_8,wave,implicit,oscillation,synthetic,X_T_shuf,trajectory,T_shuf,obfuscated,1,math,trajectory,description,code,2,wave,implicit,,520,384,-136,1404,1403,-1,5,6,10x121x121x1,10x256x1x1,10x14x14x1,0.0363,0,0,0,0
Wave_8|X_T_shuf|real|0,Wave_8,wave,implicit,oscillation,synthetic,X_T_shuf,trajectory,T_shuf,real,0,math,description,code,trajectory,4,wave,implicit,,520,384,-136,1404,1403,-1,5,6,10x121x121x1,10x256x1x1,10x14x14x1,0.0363,0,0,0,0
Wave_8|X_T_shuf|real|1,Wave_8,wave,implicit,oscillation,synthetic,X_T_shuf,trajectory,T_shuf,real,1,math,trajectory,description,code,2,wave,implicit,,520,384,-136,1404,1403,-1,5,6,10x121x121x1,10x256x1x1,10x14x14x1,0.0363,0,0,0,0
Wave_8|X_T_swap|obfuscated|0,Wave_8,wave,implicit,oscillation,synthetic,X_T_swap,trajectory,T_swap,obfuscated,0,math,description,code,trajectory,4,wave,implicit,,520,384,-136,1404,1403,-1,5,6,10x121x121x1,10x256x1x1,10x14x14x1,0.0363,0,0,0,0
Wave_8|X_T_swap|obfuscated|1,Wave_8,wave,implicit,oscillation,synthetic,X_T_swap,trajectory,T_swap,obfuscated,1,description,trajectory,math,code,2,wave,implicit,,520,384,-136,1404,1403,-1,5,6,10x121x121x1,10x256x1x1,10x14x14x1,0.0363,0,0,0,0
Wave_8|X_T_swap|real|0,Wave_8,wave,implicit,oscillation,synthetic,X_T_swap,trajectory,T_swap,real,0,math,description,code,trajectory,4,wave,implicit,,520,384,-136,1404,1403,-1,5,6,10x121x121x1,10x256x1x1,10x14x14x1,0.0363,0,0,0,0
Wave_8|X_T_swap|real|1,Wave_8,wave,implicit,oscillation,synthetic,X_T_swap,trajectory,T_swap,real,1,description,trajectory,math,code,2,wave,implicit,,520,384,-136,1404,1403,-1,5,6,10x121x121x1,10x256x1x1,10x14x14x1,0.0363,0,0,0,0
