title,code,num_lines,num_char,pde_class,phys_process,phys_valid,num_method,corruption_source_id,corruption_source_pde,injected_comments,delta_comments,num_comments,gt_sample,mod_type,invalidity_note
Burgers_Comm_InValid_5,"import numpy as np


# Domain and physical parameters
L, nu = 2.0, 0.0
nx, nt = 400, 600
dx = L / nx
x = np.linspace(0, L, nx, endpoint=False)


# sinusoidal initial condition, positive-biased
u = np.sin(2 * np.pi * x / L) + 0.5
cfl = 0.4


def godunov_flux(uL, uR):
    fL, fR = 0.5 * uL**2, 0.5 * uR**2
    shock_speed = 0.5 * (uL + uR)
    flux = np.where(uL <= uR,
                     np.where(uL >= 0, fL, np.where(uR <= 0, fR, 0.0)),
                     np.where(shock_speed > 0, fL, fR))
    return flux


frames = [u.copy()]
for n in range(nt):
    # CFL re-checked as the profile steepens
    dt = cfl * dx / max(np.max(np.abs(u)), 1e-8)
    uL = u
    # periodic boundary conditions
    uR = np.roll(u, -1)
    F = godunov_flux(uL, uR)
    F_left = np.roll(F, -1)
    # conservative finite-volume update
    u = u - dt / dx * (F - F_left)
    if n % 4 == 0:
        frames.append(u.copy())
",38,902,burgers,advection,False,explicit,,,,,5,Burgers_5,Comm_InValid,trajectories oscillate and then blow up once shock forms
Burgers_Comm_Valid_5,"import numpy as np


# Domain and physical parameters
L, nu = 2.0, 0.0
nx, nt = 400, 600
dx = L / nx
x = np.linspace(0, L, nx, endpoint=False)


# sinusoidal initial condition, positive-biased
u = np.sin(2 * np.pi * x / L) + 0.5
cfl = 0.4


def godunov_flux(uL, uR):
    fL, fR = 0.5 * uL**2, 0.5 * uR**2
    shock_speed = 0.5 * (uL + uR)
    flux = np.where(uL <= uR,
                     np.where(uL >= 0, fL, np.where(uR <= 0, fR, 0.0)),
                     np.where(shock_speed > 0, fL, fR))
    return flux


frames = [u.copy()]
for n in range(nt):
    # CFL re-checked as the profile steepens
    dt = cfl * dx / max(np.max(np.abs(u)), 1e-8)
    uL = u
    # periodic boundary conditions
    uR = np.roll(u, -1)
    F = godunov_flux(uL, uR)
    F_left = np.roll(F, 1)
    # conservative finite-volume update
    u = u - dt / dx * (F - F_left)
    if n % 4 == 0:
        frames.append(u.copy())
",38,901,burgers,advection,True,explicit,,,,,5,Burgers_5,Comm_Valid,
Burgers_CorrComm_Valid_5,"import numpy as np


# Domain and physical parameters
L, nu = 2.0, 0.0
nx, nt = 400, 600
dx = L / nx
x = np.linspace(0, L, nx, endpoint=False)


# zero initial displacement
u = np.sin(2 * np.pi * x / L) + 0.5
cfl = 0.4


def godunov_flux(uL, uR):
    fL, fR = 0.5 * uL**2, 0.5 * uR**2
    shock_speed = 0.5 * (uL + uR)
    flux = np.where(uL <= uR,
                     np.where(uL >= 0, fL, np.where(uR <= 0, fR, 0.0)),
                     np.where(shock_speed > 0, fL, fR))
    return flux


frames = [u.copy()]
for n in range(nt):
    # localized initial velocity pulse
    dt = cfl * dx / max(np.max(np.abs(u)), 1e-8)
    uL = u
    # wavenumber array
    uR = np.roll(u, -1)
    F = godunov_flux(uL, uR)
    F_left = np.roll(F, 1)
    # spectral time-stepping is exact per mode, so no CFL restriction
    u = u - dt / dx * (F - F_left)
    if n % 4 == 0:
        frames.append(u.copy())
",38,893,burgers,advection,True,explicit,Wave_Comm_Valid_6,wave,"[{'donor_text': '# Domain and physical parameters', 'gt_position': 4, 'source_line_in_donor': 4, 'line_inserted': 4}, {'donor_text': '# zero initial displacement', 'gt_position': 11, 'source_line_in_donor': 11, 'line_inserted': 11}, {'donor_text': '# localized initial velocity pulse', 'gt_position': 27, 'source_line_in_donor': 13, 'line_inserted': 27}, {'donor_text': '# wavenumber array', 'gt_position': 30, 'source_line_in_donor': 17, 'line_inserted': 30}, {'donor_text': '# spectral time-stepping is exact per mode, so no CFL restriction', 'gt_position': 34, 'source_line_in_donor': 24, 'line_inserted': 34}]",1.0,5,Burgers_5,CorrComm,
Burgers_CorrComm_InValid_5,"import numpy as np


# Domain and physical parameters
L, nu = 2.0, 0.0
nx, nt = 400, 600
dx = L / nx
x = np.linspace(0, L, nx, endpoint=False)


# zero initial displacement
u = np.sin(2 * np.pi * x / L) + 0.5
cfl = 0.4


def godunov_flux(uL, uR):
    fL, fR = 0.5 * uL**2, 0.5 * uR**2
    shock_speed = 0.5 * (uL + uR)
    flux = np.where(uL <= uR,
                     np.where(uL >= 0, fL, np.where(uR <= 0, fR, 0.0)),
                     np.where(shock_speed > 0, fL, fR))
    return flux


frames = [u.copy()]
for n in range(nt):
    # localized initial velocity pulse
    dt = cfl * dx / max(np.max(np.abs(u)), 1e-8)
    uL = u
    # wavenumber array
    uR = np.roll(u, -1)
    F = godunov_flux(uL, uR)
    F_left = np.roll(F, -1)
    # spectral time-stepping is exact per mode, so no CFL restriction
    u = u - dt / dx * (F - F_left)
    if n % 4 == 0:
        frames.append(u.copy())
",38,894,burgers,advection,False,explicit,Wave_Comm_Valid_6,wave,"[{'donor_text': '# Domain and physical parameters', 'gt_position': 4, 'source_line_in_donor': 4, 'line_inserted': 4}, {'donor_text': '# zero initial displacement', 'gt_position': 11, 'source_line_in_donor': 11, 'line_inserted': 11}, {'donor_text': '# localized initial velocity pulse', 'gt_position': 27, 'source_line_in_donor': 13, 'line_inserted': 27}, {'donor_text': '# wavenumber array', 'gt_position': 30, 'source_line_in_donor': 17, 'line_inserted': 30}, {'donor_text': '# spectral time-stepping is exact per mode, so no CFL restriction', 'gt_position': 34, 'source_line_in_donor': 24, 'line_inserted': 34}]",1.0,5,Burgers_5,CorrComm_Invalid,
Burgers_NoComm_CorrVar_5,"import numpy as np
foobar_3, foobar_13 = (2.0, 0.0)
foobar_14, foobar_12 = (400, 600)
foobar_6 = foobar_3 / foobar_14
foobar_19 = np.linspace(0, foobar_3, foobar_14, endpoint=False)
foobar_16 = np.sin(2 * np.pi * foobar_19 / foobar_3) + 0.5
foobar_4 = 0.4

def fn1(foobar_17, foobar_18):
    foobar_7, foobar_8 = (0.5 * foobar_17 ** 2, 0.5 * foobar_18 ** 2)
    foobar_15 = 0.5 * (foobar_17 + foobar_18)
    foobar_9 = np.where(foobar_17 <= foobar_18, np.where(foobar_17 >= 0, foobar_7, np.where(foobar_18 <= 0, foobar_8, 0.0)), np.where(foobar_15 > 0, foobar_7, foobar_8))
    return foobar_9
foobar_10 = [foobar_16.copy()]
for foobar_11 in range(foobar_12):
    foobar_5 = foobar_4 * foobar_6 / max(np.max(np.abs(foobar_16)), 1e-08)
    foobar_17 = foobar_16
    foobar_18 = np.roll(foobar_16, -1)
    foobar_1 = fn1(foobar_17, foobar_18)
    foobar_2 = np.roll(foobar_1, 1)
    foobar_16 = foobar_16 - foobar_5 / foobar_6 * (foobar_1 - foobar_2)
    if foobar_11 % 4 == 0:
        foobar_10.append(foobar_16.copy())",23,1018,burgers,advection,True,explicit,,,,,0,Burgers_5,NoComm_CorrVar,
Burgers_NoComm_CorrVar_InValid_5,"import numpy as np
foobar_3, foobar_13 = (2.0, 0.0)
foobar_14, foobar_12 = (400, 600)
foobar_6 = foobar_3 / foobar_14
foobar_19 = np.linspace(0, foobar_3, foobar_14, endpoint=False)
foobar_16 = np.sin(2 * np.pi * foobar_19 / foobar_3) + 0.5
foobar_4 = 0.4

def fn1(foobar_17, foobar_18):
    foobar_7, foobar_8 = (0.5 * foobar_17 ** 2, 0.5 * foobar_18 ** 2)
    foobar_15 = 0.5 * (foobar_17 + foobar_18)
    foobar_9 = np.where(foobar_17 <= foobar_18, np.where(foobar_17 >= 0, foobar_7, np.where(foobar_18 <= 0, foobar_8, 0.0)), np.where(foobar_15 > 0, foobar_7, foobar_8))
    return foobar_9
foobar_10 = [foobar_16.copy()]
for foobar_11 in range(foobar_12):
    foobar_5 = foobar_4 * foobar_6 / max(np.max(np.abs(foobar_16)), 1e-08)
    foobar_17 = foobar_16
    foobar_18 = np.roll(foobar_16, -1)
    foobar_1 = fn1(foobar_17, foobar_18)
    foobar_2 = np.roll(foobar_1, -1)
    foobar_16 = foobar_16 - foobar_5 / foobar_6 * (foobar_1 - foobar_2)
    if foobar_11 % 4 == 0:
        foobar_10.append(foobar_16.copy())",23,1019,burgers,advection,False,explicit,,,,,0,Burgers_5,NoComm_CorrVar_InValid,trajectories oscillate and then blow up once shock forms
Burgers_NoComm_InValid_5,"import numpy as np


L, nu = 2.0, 0.0
nx, nt = 400, 600
dx = L / nx
x = np.linspace(0, L, nx, endpoint=False)


u = np.sin(2 * np.pi * x / L) + 0.5
cfl = 0.4


def godunov_flux(uL, uR):
    fL, fR = 0.5 * uL**2, 0.5 * uR**2
    shock_speed = 0.5 * (uL + uR)
    flux = np.where(uL <= uR,
                     np.where(uL >= 0, fL, np.where(uR <= 0, fR, 0.0)),
                     np.where(shock_speed > 0, fL, fR))
    return flux


frames = [u.copy()]
for n in range(nt):
    dt = cfl * dx / max(np.max(np.abs(u)), 1e-8)
    uL = u
    uR = np.roll(u, -1)
    F = godunov_flux(uL, uR)
    F_left = np.roll(F, -1)
    u = u - dt / dx * (F - F_left)
    if n % 4 == 0:
        frames.append(u.copy())
",33,701,burgers,advection,False,explicit,,,,,0,Burgers_5,NoComm_InValid,trajectories oscillate and then blow up once shock forms
Burgers_NoComm_Valid_5,"import numpy as np


L, nu = 2.0, 0.0
nx, nt = 400, 600
dx = L / nx
x = np.linspace(0, L, nx, endpoint=False)


u = np.sin(2 * np.pi * x / L) + 0.5
cfl = 0.4


def godunov_flux(uL, uR):
    fL, fR = 0.5 * uL**2, 0.5 * uR**2
    shock_speed = 0.5 * (uL + uR)
    flux = np.where(uL <= uR,
                     np.where(uL >= 0, fL, np.where(uR <= 0, fR, 0.0)),
                     np.where(shock_speed > 0, fL, fR))
    return flux


frames = [u.copy()]
for n in range(nt):
    dt = cfl * dx / max(np.max(np.abs(u)), 1e-8)
    uL = u
    uR = np.roll(u, -1)
    F = godunov_flux(uL, uR)
    F_left = np.roll(F, 1)
    u = u - dt / dx * (F - F_left)
    if n % 4 == 0:
        frames.append(u.copy())
",33,700,burgers,advection,True,explicit,,,,,0,Burgers_5,NoComm_Valid,
Burgers_Comm_InValid_6,"import numpy as np


# Domain and physical parameters
L, nu = 1.0, 0.005
nx, nt = 300, 1500
dx = L / nx
x = np.linspace(0, L, nx, endpoint=False)


# top-hat / step initial condition
u = 0.1 + 0.9 * ((x > 0.2) & (x < 0.5))
cfl, diff_num = 0.5, 0.4
# advective + diffusive CFL
dt = min(cfl * dx / np.max(np.abs(u)), diff_num * dx**2 / nu)


frames = [u.copy()]
for n in range(nt):
    f = 0.5 * u**2
    fp, fm = np.roll(f, -1), np.roll(f, 1)
    up, um = np.roll(u, -1), np.roll(u, 1)
    # local wave speed at i+1/2 for the LW correction
    a_half_p = 0.5 * (u + up)
    a_half_m = 0.5 * (u + um)
    # Lax-Wendroff flux
    lw_flux_p = 0.5 * (f + fp) - 0.5 * dt / dx * a_half_p * (fp - f)
    lw_flux_m = 0.5 * (f + fm) - 0.5 * dt / dx * a_half_m * (f - fm)
    # explicit central diffusion
    diffusion = nu * dt / dx**2 * (up - 2 * u + um)
    u = u - dt / dx * (lw_flux_p - lw_flux_m) - diffusion
    # capture densely early on since the blow-up is very fast
    if n < 30 or n % 10 == 0:
        frames.append(u.copy())
",35,1028,burgers,advection/diffusion,False,explicit,,,,,7,Burgers_6,Comm_InValid,becomes NaNs almost immediately
Burgers_Comm_Valid_6,"import numpy as np


# Domain and physical parameters
L, nu = 1.0, 0.005
nx, nt = 300, 1500
dx = L / nx
x = np.linspace(0, L, nx, endpoint=False)


# top-hat / step initial condition
u = 0.1 + 0.9 * ((x > 0.2) & (x < 0.5))
cfl, diff_num = 0.5, 0.4
# advective + diffusive CFL
dt = min(cfl * dx / np.max(np.abs(u)), diff_num * dx**2 / nu)


frames = [u.copy()]
for n in range(nt):
    f = 0.5 * u**2
    fp, fm = np.roll(f, -1), np.roll(f, 1)
    up, um = np.roll(u, -1), np.roll(u, 1)
    # local wave speed at i+1/2 for the LW correction
    a_half_p = 0.5 * (u + up)
    a_half_m = 0.5 * (u + um)
    # Lax-Wendroff flux
    lw_flux_p = 0.5 * (f + fp) - 0.5 * dt / dx * a_half_p * (fp - f)
    lw_flux_m = 0.5 * (f + fm) - 0.5 * dt / dx * a_half_m * (f - fm)
    # explicit central diffusion
    diffusion = nu * dt / dx**2 * (up - 2 * u + um)
    u = u - dt / dx * (lw_flux_p - lw_flux_m) + diffusion
    if n % 10 == 0:
        frames.append(u.copy())
",34,956,burgers,advection/diffusion,True,explicit,,,,,6,Burgers_6,Comm_Valid,
Burgers_CorrComm_Valid_6,"import numpy as np


# Domain and physical parameters
L, nu = 1.0, 0.005
nx, nt = 300, 1500
dx = L / nx
x = np.linspace(0, L, nx, endpoint=False)


# advective + diffusive stability bound
u = 0.1 + 0.9 * ((x > 0.2) & (x < 0.5))
cfl, diff_num = 0.5, 0.4
# reference pressure to fix the null space
dt = min(cfl * dx / np.max(np.abs(u)), diff_num * dx**2 / nu)


frames = [u.copy()]
for n in range(nt):
    f = 0.5 * u**2
    fp, fm = np.roll(f, -1), np.roll(f, 1)
    up, um = np.roll(u, -1), np.roll(u, 1)
    # RHS built from the divergence of the tentative velocity
    a_half_p = 0.5 * (u + up)
    a_half_m = 0.5 * (u + um)
    # projected velocity update
    lw_flux_p = 0.5 * (f + fp) - 0.5 * dt / dx * a_half_p * (fp - f)
    lw_flux_m = 0.5 * (f + fm) - 0.5 * dt / dx * a_half_m * (f - fm)
    # no-slip walls, moving lid
    diffusion = nu * dt / dx**2 * (up - 2 * u + um)
    u = u - dt / dx * (lw_flux_p - lw_flux_m) + diffusion
    if n % 10 == 0:
        frames.append(u.copy())
",34,991,burgers,advection/diffusion,True,explicit,NavierStokes_Comm_Valid_7,navier-stokes,"[{'donor_text': '# Domain and physical parameters', 'gt_position': 4, 'source_line_in_donor': 4, 'line_inserted': 4}, {'donor_text': '# advective + diffusive stability bound', 'gt_position': 11, 'source_line_in_donor': 15, 'line_inserted': 11}, {'donor_text': '# reference pressure to fix the null space', 'gt_position': 14, 'source_line_in_donor': 29, 'line_inserted': 14}, {'donor_text': '# RHS built from the divergence of the tentative velocity', 'gt_position': 23, 'source_line_in_donor': 39, 'line_inserted': 23}, {'donor_text': '# projected velocity update', 'gt_position': 26, 'source_line_in_donor': 54, 'line_inserted': 26}, {'donor_text': '# no-slip walls, moving lid', 'gt_position': 29, 'source_line_in_donor': 66, 'line_inserted': 29}]",1.0,6,Burgers_6,CorrComm,
Burgers_CorrComm_InValid_6,"import numpy as np


# Domain and physical parameters
L, nu = 1.0, 0.005
nx, nt = 300, 1500
dx = L / nx
x = np.linspace(0, L, nx, endpoint=False)


# advective + diffusive stability bound
u = 0.1 + 0.9 * ((x > 0.2) & (x < 0.5))
cfl, diff_num = 0.5, 0.4
# reference pressure to fix the null space
dt = min(cfl * dx / np.max(np.abs(u)), diff_num * dx**2 / nu)


frames = [u.copy()]
for n in range(nt):
    f = 0.5 * u**2
    fp, fm = np.roll(f, -1), np.roll(f, 1)
    up, um = np.roll(u, -1), np.roll(u, 1)
    # RHS built from the divergence of the tentative velocity
    a_half_p = 0.5 * (u + up)
    a_half_m = 0.5 * (u + um)
    # projected velocity update
    lw_flux_p = 0.5 * (f + fp) - 0.5 * dt / dx * a_half_p * (fp - f)
    lw_flux_m = 0.5 * (f + fm) - 0.5 * dt / dx * a_half_m * (f - fm)
    # no-slip walls, moving lid
    diffusion = nu * dt / dx**2 * (up - 2 * u + um)
    u = u - dt / dx * (lw_flux_p - lw_flux_m) - diffusion
    # subsample the vector field so quiver arrows stay legible
    if n < 30 or n % 10 == 0:
        frames.append(u.copy())
",35,1064,burgers,advection/diffusion,False,explicit,NavierStokes_Comm_Valid_7,navier-stokes,"[{'donor_text': '# Domain and physical parameters', 'gt_position': 4, 'source_line_in_donor': 4, 'line_inserted': 4}, {'donor_text': '# advective + diffusive stability bound', 'gt_position': 11, 'source_line_in_donor': 15, 'line_inserted': 11}, {'donor_text': '# reference pressure to fix the null space', 'gt_position': 14, 'source_line_in_donor': 29, 'line_inserted': 14}, {'donor_text': '# RHS built from the divergence of the tentative velocity', 'gt_position': 23, 'source_line_in_donor': 39, 'line_inserted': 23}, {'donor_text': '# projected velocity update', 'gt_position': 26, 'source_line_in_donor': 54, 'line_inserted': 26}, {'donor_text': '# no-slip walls, moving lid', 'gt_position': 29, 'source_line_in_donor': 66, 'line_inserted': 29}, {'donor_text': '# subsample the vector field so quiver arrows stay legible', 'gt_position': 32, 'source_line_in_donor': 74, 'line_inserted': 32}]",0.0,7,Burgers_6,CorrComm_Invalid,
Burgers_NoComm_CorrVar_6,"import numpy as np
foobar_1, foobar_17 = (1.0, 0.005)
foobar_18, foobar_16 = (300, 1500)
foobar_8 = foobar_1 / foobar_18
foobar_22 = np.linspace(0, foobar_1, foobar_18, endpoint=False)
foobar_19 = 0.1 + 0.9 * ((foobar_22 > 0.2) & (foobar_22 < 0.5))
foobar_4, foobar_5 = (0.5, 0.4)
foobar_7 = min(foobar_4 * foobar_8 / np.max(np.abs(foobar_19)), foobar_5 * foobar_8 ** 2 / foobar_17)
foobar_12 = [foobar_19.copy()]
for foobar_15 in range(foobar_16):
    foobar_9 = 0.5 * foobar_19 ** 2
    foobar_11, foobar_10 = (np.roll(foobar_9, -1), np.roll(foobar_9, 1))
    foobar_21, foobar_20 = (np.roll(foobar_19, -1), np.roll(foobar_19, 1))
    foobar_3 = 0.5 * (foobar_19 + foobar_21)
    foobar_2 = 0.5 * (foobar_19 + foobar_20)
    foobar_14 = 0.5 * (foobar_9 + foobar_11) - 0.5 * foobar_7 / foobar_8 * foobar_3 * (foobar_11 - foobar_9)
    foobar_13 = 0.5 * (foobar_9 + foobar_10) - 0.5 * foobar_7 / foobar_8 * foobar_2 * (foobar_9 - foobar_10)
    foobar_6 = foobar_17 * foobar_7 / foobar_8 ** 2 * (foobar_21 - 2 * foobar_19 + foobar_20)
    foobar_19 = foobar_19 - foobar_7 / foobar_8 * (foobar_14 - foobar_13) + foobar_6
    if foobar_15 % 10 == 0:
        foobar_12.append(foobar_19.copy())",21,1190,burgers,advection/diffusion,True,explicit,,,,,0,Burgers_6,NoComm_CorrVar,
Burgers_NoComm_CorrVar_InValid_6,"import numpy as np
foobar_1, foobar_17 = (1.0, 0.005)
foobar_18, foobar_16 = (300, 1500)
foobar_8 = foobar_1 / foobar_18
foobar_22 = np.linspace(0, foobar_1, foobar_18, endpoint=False)
foobar_19 = 0.1 + 0.9 * ((foobar_22 > 0.2) & (foobar_22 < 0.5))
foobar_4, foobar_5 = (0.5, 0.4)
foobar_7 = min(foobar_4 * foobar_8 / np.max(np.abs(foobar_19)), foobar_5 * foobar_8 ** 2 / foobar_17)
foobar_12 = [foobar_19.copy()]
for foobar_15 in range(foobar_16):
    foobar_9 = 0.5 * foobar_19 ** 2
    foobar_11, foobar_10 = (np.roll(foobar_9, -1), np.roll(foobar_9, 1))
    foobar_21, foobar_20 = (np.roll(foobar_19, -1), np.roll(foobar_19, 1))
    foobar_3 = 0.5 * (foobar_19 + foobar_21)
    foobar_2 = 0.5 * (foobar_19 + foobar_20)
    foobar_14 = 0.5 * (foobar_9 + foobar_11) - 0.5 * foobar_7 / foobar_8 * foobar_3 * (foobar_11 - foobar_9)
    foobar_13 = 0.5 * (foobar_9 + foobar_10) - 0.5 * foobar_7 / foobar_8 * foobar_2 * (foobar_9 - foobar_10)
    foobar_6 = foobar_17 * foobar_7 / foobar_8 ** 2 * (foobar_21 - 2 * foobar_19 + foobar_20)
    foobar_19 = foobar_19 - foobar_7 / foobar_8 * (foobar_14 - foobar_13) - foobar_6
    if foobar_15 < 30 or foobar_15 % 10 == 0:
        foobar_12.append(foobar_19.copy())",21,1208,burgers,advection/diffusion,False,explicit,,,,,0,Burgers_6,NoComm_CorrVar_InValid,becomes NaNs almost immediately
Burgers_NoComm_InValid_6,"import numpy as np


L, nu = 1.0, 0.005
nx, nt = 300, 1500
dx = L / nx
x = np.linspace(0, L, nx, endpoint=False)


u = 0.1 + 0.9 * ((x > 0.2) & (x < 0.5))
cfl, diff_num = 0.5, 0.4
dt = min(cfl * dx / np.max(np.abs(u)), diff_num * dx**2 / nu)


frames = [u.copy()]
for n in range(nt):
    f = 0.5 * u**2
    fp, fm = np.roll(f, -1), np.roll(f, 1)
    up, um = np.roll(u, -1), np.roll(u, 1)
    a_half_p = 0.5 * (u + up)
    a_half_m = 0.5 * (u + um)
    lw_flux_p = 0.5 * (f + fp) - 0.5 * dt / dx * a_half_p * (fp - f)
    lw_flux_m = 0.5 * (f + fm) - 0.5 * dt / dx * a_half_m * (f - fm)
    diffusion = nu * dt / dx**2 * (up - 2 * u + um)
    u = u - dt / dx * (lw_flux_p - lw_flux_m) - diffusion
    if n < 30 or n % 10 == 0:
        frames.append(u.copy())
",28,759,burgers,advection/diffusion,False,explicit,,,,,0,Burgers_6,NoComm_InValid,becomes NaNs almost immediately
Burgers_NoComm_Valid_6,"import numpy as np


L, nu = 1.0, 0.005
nx, nt = 300, 1500
dx = L / nx
x = np.linspace(0, L, nx, endpoint=False)


u = 0.1 + 0.9 * ((x > 0.2) & (x < 0.5))
cfl, diff_num = 0.5, 0.4
dt = min(cfl * dx / np.max(np.abs(u)), diff_num * dx**2 / nu)


frames = [u.copy()]
for n in range(nt):
    f = 0.5 * u**2
    fp, fm = np.roll(f, -1), np.roll(f, 1)
    up, um = np.roll(u, -1), np.roll(u, 1)
    a_half_p = 0.5 * (u + up)
    a_half_m = 0.5 * (u + um)
    lw_flux_p = 0.5 * (f + fp) - 0.5 * dt / dx * a_half_p * (fp - f)
    lw_flux_m = 0.5 * (f + fm) - 0.5 * dt / dx * a_half_m * (f - fm)
    diffusion = nu * dt / dx**2 * (up - 2 * u + um)
    u = u - dt / dx * (lw_flux_p - lw_flux_m) + diffusion
    if n % 10 == 0:
        frames.append(u.copy())
",28,749,burgers,advection/diffusion,True,explicit,,,,,0,Burgers_6,NoComm_Valid,
Burgers_Comm_InValid_7,"import numpy as np


# Domain and physical parameters
L, nu = 1.0, 0.01
nx, nt = 300, 2000
dx = L / nx
x = np.linspace(0, L, nx, endpoint=False)


# Gaussian pulse initial condition
u = 1.5 * np.exp(-((x - 0.3) ** 2) / (2 * 0.05 ** 2))
cfl, diff_num = 0.4, 0.4
# advective + diffusive CFL
dt = min(cfl * dx / np.max(np.abs(u)), diff_num * dx**2 / nu)


frames = [u.copy()]
for n in range(nt):
    up, um = np.roll(u, -1), np.roll(u, 1)
    du_forward = (up - u) / dx
    du_backward = (u - um) / dx
    # upwind based on local sign of u
    advect = np.where(u >= 0, u * du_backward, u * du_forward)
    # central diffusion term
    diffuse = nu * (up - 2 * u + um) / dx**2
    u = u + dt * (-advect - diffuse)
    # capture densely early so the onset is visible
    if n < 40 or n % 13 == 0:
        frames.append(u.copy())
",31,825,burgers,advection/diffusion,False,explicit,,,,,6,Burgers_7,Comm_InValid,creates very violent bounded oscillations
Burgers_Comm_Valid_7,"import numpy as np


# Domain and physical parameters
L, nu = 1.0, 0.01
nx, nt = 300, 2000
dx = L / nx
x = np.linspace(0, L, nx, endpoint=False)


# Gaussian pulse initial condition
u = 1.5 * np.exp(-((x - 0.3) ** 2) / (2 * 0.05 ** 2))
cfl, diff_num = 0.4, 0.4
# advective + diffusive CFL
dt = min(cfl * dx / np.max(np.abs(u)), diff_num * dx**2 / nu)


frames = [u.copy()]
for n in range(nt):
    up, um = np.roll(u, -1), np.roll(u, 1)
    du_forward = (up - u) / dx
    du_backward = (u - um) / dx
    # upwind based on local sign of u
    advect = np.where(u >= 0, u * du_backward, u * du_forward)
    # central diffusion term
    diffuse = nu * (up - 2 * u + um) / dx**2
    u = u + dt * (-advect + diffuse)
    if n % 13 == 0:
        frames.append(u.copy())
",30,763,burgers,advection/diffusion,True,explicit,,,,,5,Burgers_7,Comm_Valid,
Burgers_CorrComm_Valid_7,"import numpy as np


# Domain and physical parameters
L, nu = 1.0, 0.01
nx, nt = 300, 2000
dx = L / nx
x = np.linspace(0, L, nx, endpoint=False)


# No CFL restriction needed; Crank-Nicolson is unconditionally stable
u = 1.5 * np.exp(-((x - 0.3) ** 2) / (2 * 0.05 ** 2))
cfl, diff_num = 0.4, 0.4
# top-hat initial condition
dt = min(cfl * dx / np.max(np.abs(u)), diff_num * dx**2 / nu)


frames = [u.copy()]
for n in range(nt):
    up, um = np.roll(u, -1), np.roll(u, 1)
    du_forward = (up - u) / dx
    du_backward = (u - um) / dx
    # Build tridiagonal system (I - r/2 * D2) u_new = (I + r/2 * D2) u_old
    advect = np.where(u >= 0, u * du_backward, u * du_forward)
    # explicit half-step RHS
    diffuse = nu * (up - 2 * u + um) / dx**2
    u = u + dt * (-advect + diffuse)
    if n % 13 == 0:
        frames.append(u.copy())
",30,835,burgers,advection/diffusion,True,explicit,Heat_Comm_Valid_6,heat,"[{'donor_text': '# Domain and physical parameters', 'gt_position': 4, 'source_line_in_donor': 5, 'line_inserted': 4}, {'donor_text': '# No CFL restriction needed; Crank-Nicolson is unconditionally stable', 'gt_position': 11, 'source_line_in_donor': 9, 'line_inserted': 11}, {'donor_text': '# top-hat initial condition', 'gt_position': 14, 'source_line_in_donor': 16, 'line_inserted': 14}, {'donor_text': '# Build tridiagonal system (I - r/2 * D2) u_new = (I + r/2 * D2) u_old', 'gt_position': 23, 'source_line_in_donor': 21, 'line_inserted': 23}, {'donor_text': '# explicit half-step RHS', 'gt_position': 25, 'source_line_in_donor': 34, 'line_inserted': 25}]",0.0,5,Burgers_7,CorrComm,
Burgers_CorrComm_InValid_7,"import numpy as np


# Domain and physical parameters
L, nu = 1.0, 0.01
nx, nt = 300, 2000
dx = L / nx
x = np.linspace(0, L, nx, endpoint=False)


# No CFL restriction needed; Crank-Nicolson is unconditionally stable
u = 1.5 * np.exp(-((x - 0.3) ** 2) / (2 * 0.05 ** 2))
cfl, diff_num = 0.4, 0.4
# top-hat initial condition
dt = min(cfl * dx / np.max(np.abs(u)), diff_num * dx**2 / nu)


frames = [u.copy()]
for n in range(nt):
    up, um = np.roll(u, -1), np.roll(u, 1)
    du_forward = (up - u) / dx
    du_backward = (u - um) / dx
    # Build tridiagonal system (I - r/2 * D2) u_new = (I + r/2 * D2) u_old
    advect = np.where(u >= 0, u * du_backward, u * du_forward)
    # explicit half-step RHS
    diffuse = nu * (up - 2 * u + um) / dx**2
    u = u + dt * (-advect - diffuse)
    # Domain and physical parameters
    if n < 40 or n % 13 == 0:
        frames.append(u.copy())
",31,882,burgers,advection/diffusion,False,explicit,Heat_Comm_Valid_6,heat,"[{'donor_text': '# Domain and physical parameters', 'gt_position': 4, 'source_line_in_donor': 5, 'line_inserted': 4}, {'donor_text': '# No CFL restriction needed; Crank-Nicolson is unconditionally stable', 'gt_position': 11, 'source_line_in_donor': 9, 'line_inserted': 11}, {'donor_text': '# top-hat initial condition', 'gt_position': 14, 'source_line_in_donor': 16, 'line_inserted': 14}, {'donor_text': '# Build tridiagonal system (I - r/2 * D2) u_new = (I + r/2 * D2) u_old', 'gt_position': 23, 'source_line_in_donor': 21, 'line_inserted': 23}, {'donor_text': '# explicit half-step RHS', 'gt_position': 25, 'source_line_in_donor': 34, 'line_inserted': 25}, {'donor_text': '# Domain and physical parameters', 'gt_position': 28, 'source_line_in_donor': 5, 'line_inserted': 28}]",-1.0,6,Burgers_7,CorrComm_Invalid,
Burgers_NoComm_CorrVar_7,"import numpy as np
foobar_1, foobar_13 = (1.0, 0.01)
foobar_14, foobar_12 = (300, 2000)
foobar_9 = foobar_1 / foobar_14
foobar_18 = np.linspace(0, foobar_1, foobar_14, endpoint=False)
foobar_15 = 1.5 * np.exp(-(foobar_18 - 0.3) ** 2 / (2 * 0.05 ** 2))
foobar_3, foobar_4 = (0.4, 0.4)
foobar_6 = min(foobar_3 * foobar_9 / np.max(np.abs(foobar_15)), foobar_4 * foobar_9 ** 2 / foobar_13)
foobar_10 = [foobar_15.copy()]
for foobar_11 in range(foobar_12):
    foobar_17, foobar_16 = (np.roll(foobar_15, -1), np.roll(foobar_15, 1))
    foobar_8 = (foobar_17 - foobar_15) / foobar_9
    foobar_7 = (foobar_15 - foobar_16) / foobar_9
    foobar_2 = np.where(foobar_15 >= 0, foobar_15 * foobar_7, foobar_15 * foobar_8)
    foobar_5 = foobar_13 * (foobar_17 - 2 * foobar_15 + foobar_16) / foobar_9 ** 2
    foobar_15 = foobar_15 + foobar_6 * (-foobar_2 + foobar_5)
    if foobar_11 % 13 == 0:
        foobar_10.append(foobar_15.copy())",18,926,burgers,advection/diffusion,True,explicit,,,,,0,Burgers_7,NoComm_CorrVar,
Burgers_NoComm_CorrVar_InValid_7,"import numpy as np
foobar_1, foobar_13 = (1.0, 0.01)
foobar_14, foobar_12 = (300, 2000)
foobar_9 = foobar_1 / foobar_14
foobar_18 = np.linspace(0, foobar_1, foobar_14, endpoint=False)
foobar_15 = 1.5 * np.exp(-(foobar_18 - 0.3) ** 2 / (2 * 0.05 ** 2))
foobar_3, foobar_4 = (0.4, 0.4)
foobar_6 = min(foobar_3 * foobar_9 / np.max(np.abs(foobar_15)), foobar_4 * foobar_9 ** 2 / foobar_13)
foobar_10 = [foobar_15.copy()]
for foobar_11 in range(foobar_12):
    foobar_17, foobar_16 = (np.roll(foobar_15, -1), np.roll(foobar_15, 1))
    foobar_8 = (foobar_17 - foobar_15) / foobar_9
    foobar_7 = (foobar_15 - foobar_16) / foobar_9
    foobar_2 = np.where(foobar_15 >= 0, foobar_15 * foobar_7, foobar_15 * foobar_8)
    foobar_5 = foobar_13 * (foobar_17 - 2 * foobar_15 + foobar_16) / foobar_9 ** 2
    foobar_15 = foobar_15 + foobar_6 * (-foobar_2 - foobar_5)
    if foobar_11 < 40 or foobar_11 % 13 == 0:
        foobar_10.append(foobar_15.copy())",18,944,burgers,advection/diffusion,False,explicit,,,,,0,Burgers_7,NoComm_CorrVar_InValid,creates very violent bounded oscillations
Burgers_NoComm_InValid_7,"import numpy as np


L, nu = 1.0, 0.01
nx, nt = 300, 2000
dx = L / nx
x = np.linspace(0, L, nx, endpoint=False)


u = 1.5 * np.exp(-((x - 0.3) ** 2) / (2 * 0.05 ** 2))
cfl, diff_num = 0.4, 0.4
dt = min(cfl * dx / np.max(np.abs(u)), diff_num * dx**2 / nu)


frames = [u.copy()]
for n in range(nt):
    up, um = np.roll(u, -1), np.roll(u, 1)
    du_forward = (up - u) / dx
    du_backward = (u - um) / dx
    advect = np.where(u >= 0, u * du_backward, u * du_forward)
    diffuse = nu * (up - 2 * u + um) / dx**2
    u = u + dt * (-advect - diffuse)
    if n < 40 or n % 13 == 0:
        frames.append(u.copy())
",25,610,burgers,advection/diffusion,False,explicit,,,,,0,Burgers_7,NoComm_InValid,creates very violent bounded oscillations
Burgers_NoComm_Valid_7,"import numpy as np


L, nu = 1.0, 0.01
nx, nt = 300, 2000
dx = L / nx
x = np.linspace(0, L, nx, endpoint=False)


u = 1.5 * np.exp(-((x - 0.3) ** 2) / (2 * 0.05 ** 2))
cfl, diff_num = 0.4, 0.4
dt = min(cfl * dx / np.max(np.abs(u)), diff_num * dx**2 / nu)


frames = [u.copy()]
for n in range(nt):
    up, um = np.roll(u, -1), np.roll(u, 1)
    du_forward = (up - u) / dx
    du_backward = (u - um) / dx
    advect = np.where(u >= 0, u * du_backward, u * du_forward)
    diffuse = nu * (up - 2 * u + um) / dx**2
    u = u + dt * (-advect + diffuse)
    if n % 13 == 0:
        frames.append(u.copy())
",25,600,burgers,advection/diffusion,True,explicit,,,,,0,Burgers_7,NoComm_Valid,
Burgers_Comm_InValid_8,"import numpy as np


# Domain and physical parameters
L, nu = 1.0, 0.02
nx = ny = 101
dx = dy = L / (nx - 1)
x = np.linspace(0, L, nx)
y = np.linspace(0, L, ny)
X, Y = np.meshgrid(x, y, indexing=""ij"")


# sinusoidal shear-layer initial condition
u = np.sin(2 * np.pi * X) * np.cos(2 * np.pi * Y)
v = -np.cos(2 * np.pi * X) * np.sin(2 * np.pi * Y)


cfl, diff_num = 0.3, 0.2
speed0 = np.sqrt(u**2 + v**2).max()
# advective + diffusive CFL, 2D
dt = min(cfl * dx / speed0, diff_num * dx**2 / nu)
nt = 300


def upwind_deriv(f, axis, vel):
    fp = np.roll(f, -1, axis=axis)
    fm = np.roll(f, 1, axis=axis)
    return np.where(vel >= 0, (f - fm) / dx, (fp - f) / dx)


# subsample for the quiver overlay so arrows stay readable
skip = 5
frames = [np.sqrt(u**2 + v**2)]
for n in range(nt):
    ux = upwind_deriv(u, 0, u); uy = upwind_deriv(u, 1, v)
    vx = upwind_deriv(v, 0, u); vy = upwind_deriv(v, 1, v)
    lap_u = (np.roll(u, -1, 0) + np.roll(u, 1, 0) + np.roll(u, -1, 1) + np.roll(u, 1, 1) - 4 * u) / dx**2
    lap_v = (np.roll(v, -1, 0) + np.roll(v, 1, 0) + np.roll(v, -1, 1) + np.roll(v, 1, 1) - 4 * v) / dx**2
    # coupled momentum update
    u = u + dt * (-(u * ux + v * uy) - nu * lap_u)
    v = v + dt * (-(u * vx + v * vy) - nu * lap_v)
    # capture densely early so the blow-up onset is visible
    if n < 40 or n % 2 == 0:
        frames.append(np.sqrt(u**2 + v**2))
",45,1382,burgers,advection/diffusion,False,explicit,,,,,6,Burgers_8,Comm_InValid,blows up to NaNs
Burgers_Comm_Valid_8,"import numpy as np


# Domain and physical parameters
L, nu = 1.0, 0.02
nx = ny = 101
dx = dy = L / (nx - 1)
x = np.linspace(0, L, nx)
y = np.linspace(0, L, ny)
X, Y = np.meshgrid(x, y, indexing=""ij"")


# sinusoidal shear-layer initial condition
u = np.sin(2 * np.pi * X) * np.cos(2 * np.pi * Y)
v = -np.cos(2 * np.pi * X) * np.sin(2 * np.pi * Y)


cfl, diff_num = 0.3, 0.2
speed0 = np.sqrt(u**2 + v**2).max()
# advective + diffusive CFL, 2D
dt = min(cfl * dx / speed0, diff_num * dx**2 / nu)
nt = 300


def upwind_deriv(f, axis, vel):
    fp = np.roll(f, -1, axis=axis)
    fm = np.roll(f, 1, axis=axis)
    return np.where(vel >= 0, (f - fm) / dx, (fp - f) / dx)


# subsample for the quiver overlay so arrows stay readable
skip = 5
frames = [np.sqrt(u**2 + v**2)]
for n in range(nt):
    ux = upwind_deriv(u, 0, u); uy = upwind_deriv(u, 1, v)
    vx = upwind_deriv(v, 0, u); vy = upwind_deriv(v, 1, v)
    lap_u = (np.roll(u, -1, 0) + np.roll(u, 1, 0) + np.roll(u, -1, 1) + np.roll(u, 1, 1) - 4 * u) / dx**2
    lap_v = (np.roll(v, -1, 0) + np.roll(v, 1, 0) + np.roll(v, -1, 1) + np.roll(v, 1, 1) - 4 * v) / dx**2
    # coupled momentum update
    u = u + dt * (-(u * ux + v * uy) + nu * lap_u)
    v = v + dt * (-(u * vx + v * vy) + nu * lap_v)
    if n % 2 == 0:
        frames.append(np.sqrt(u**2 + v**2))
",44,1312,burgers,advection/diffusion,True,explicit,,,,,5,Burgers_8,Comm_Valid,
Burgers_CorrComm_Valid_8,"import numpy as np


# Domain and physical parameters
L, nu = 1.0, 0.02
nx = ny = 101
dx = dy = L / (nx - 1)
x = np.linspace(0, L, nx)
y = np.linspace(0, L, ny)
X, Y = np.meshgrid(x, y, indexing=""ij"")


# diffusion number; Crank-Nicolson is unconditionally stable
u = np.sin(2 * np.pi * X) * np.cos(2 * np.pi * Y)
v = -np.cos(2 * np.pi * X) * np.sin(2 * np.pi * Y)


cfl, diff_num = 0.3, 0.2
speed0 = np.sqrt(u**2 + v**2).max()
# fluid initially at rest
dt = min(cfl * dx / speed0, diff_num * dx**2 / nu)
nt = 300


def upwind_deriv(f, axis, vel):
    fp = np.roll(f, -1, axis=axis)
    fm = np.roll(f, 1, axis=axis)
    return np.where(vel >= 0, (f - fm) / dx, (fp - f) / dx)


# wall impulsively set into motion at t=0+
skip = 5
frames = [np.sqrt(u**2 + v**2)]
for n in range(nt):
    ux = upwind_deriv(u, 0, u); uy = upwind_deriv(u, 1, v)
    vx = upwind_deriv(v, 0, u); vy = upwind_deriv(v, 1, v)
    lap_u = (np.roll(u, -1, 0) + np.roll(u, 1, 0) + np.roll(u, -1, 1) + np.roll(u, 1, 1) - 4 * u) / dx**2
    lap_v = (np.roll(v, -1, 0) + np.roll(v, 1, 0) + np.roll(v, -1, 1) + np.roll(v, 1, 1) - 4 * v) / dx**2
    # wall boundary contribution folded into the RHS
    u = u + dt * (-(u * ux + v * uy) + nu * lap_u)
    v = v + dt * (-(u * vx + v * vy) + nu * lap_v)
    if n % 2 == 0:
        frames.append(np.sqrt(u**2 + v**2))
",44,1331,burgers,advection/diffusion,True,explicit,NavierStokes_Comm_Valid_6,navier-stokes,"[{'donor_text': '# Domain and physical parameters', 'gt_position': 4, 'source_line_in_donor': 5, 'line_inserted': 4}, {'donor_text': '# diffusion number; Crank-Nicolson is unconditionally stable', 'gt_position': 13, 'source_line_in_donor': 10, 'line_inserted': 13}, {'donor_text': '# fluid initially at rest', 'gt_position': 20, 'source_line_in_donor': 14, 'line_inserted': 20}, {'donor_text': '# wall impulsively set into motion at t=0+', 'gt_position': 31, 'source_line_in_donor': 16, 'line_inserted': 31}, {'donor_text': '# wall boundary contribution folded into the RHS', 'gt_position': 39, 'source_line_in_donor': 30, 'line_inserted': 39}]",0.0,5,Burgers_8,CorrComm,
Burgers_CorrComm_InValid_8,"import numpy as np


# Domain and physical parameters
L, nu = 1.0, 0.02
nx = ny = 101
dx = dy = L / (nx - 1)
x = np.linspace(0, L, nx)
y = np.linspace(0, L, ny)
X, Y = np.meshgrid(x, y, indexing=""ij"")


# diffusion number; Crank-Nicolson is unconditionally stable
u = np.sin(2 * np.pi * X) * np.cos(2 * np.pi * Y)
v = -np.cos(2 * np.pi * X) * np.sin(2 * np.pi * Y)


cfl, diff_num = 0.3, 0.2
speed0 = np.sqrt(u**2 + v**2).max()
# fluid initially at rest
dt = min(cfl * dx / speed0, diff_num * dx**2 / nu)
nt = 300


def upwind_deriv(f, axis, vel):
    fp = np.roll(f, -1, axis=axis)
    fm = np.roll(f, 1, axis=axis)
    return np.where(vel >= 0, (f - fm) / dx, (fp - f) / dx)


# wall impulsively set into motion at t=0+
skip = 5
frames = [np.sqrt(u**2 + v**2)]
for n in range(nt):
    ux = upwind_deriv(u, 0, u); uy = upwind_deriv(u, 1, v)
    vx = upwind_deriv(v, 0, u); vy = upwind_deriv(v, 1, v)
    lap_u = (np.roll(u, -1, 0) + np.roll(u, 1, 0) + np.roll(u, -1, 1) + np.roll(u, 1, 1) - 4 * u) / dx**2
    lap_v = (np.roll(v, -1, 0) + np.roll(v, 1, 0) + np.roll(v, -1, 1) + np.roll(v, 1, 1) - 4 * v) / dx**2
    # wall boundary contribution folded into the RHS
    u = u + dt * (-(u * ux + v * uy) - nu * lap_u)
    v = v + dt * (-(u * vx + v * vy) - nu * lap_v)
    # Domain and physical parameters
    if n < 40 or n % 2 == 0:
        frames.append(np.sqrt(u**2 + v**2))
",45,1378,burgers,advection/diffusion,False,explicit,NavierStokes_Comm_Valid_6,navier-stokes,"[{'donor_text': '# Domain and physical parameters', 'gt_position': 4, 'source_line_in_donor': 5, 'line_inserted': 4}, {'donor_text': '# diffusion number; Crank-Nicolson is unconditionally stable', 'gt_position': 13, 'source_line_in_donor': 10, 'line_inserted': 13}, {'donor_text': '# fluid initially at rest', 'gt_position': 20, 'source_line_in_donor': 14, 'line_inserted': 20}, {'donor_text': '# wall impulsively set into motion at t=0+', 'gt_position': 31, 'source_line_in_donor': 16, 'line_inserted': 31}, {'donor_text': '# wall boundary contribution folded into the RHS', 'gt_position': 39, 'source_line_in_donor': 30, 'line_inserted': 39}, {'donor_text': '# Domain and physical parameters', 'gt_position': 42, 'source_line_in_donor': 5, 'line_inserted': 42}]",-1.0,6,Burgers_8,CorrComm_Invalid,
Burgers_NoComm_CorrVar_8,"import numpy as np
foobar_1, foobar_18 = (1.0, 0.02)
foobar_19 = foobar_20 = 101
foobar_8 = foobar_9 = foobar_1 / (foobar_19 - 1)
foobar_30 = np.linspace(0, foobar_1, foobar_19)
foobar_31 = np.linspace(0, foobar_1, foobar_20)
foobar_2, foobar_3 = np.meshgrid(foobar_30, foobar_31, indexing='ij')
foobar_23 = np.sin(2 * np.pi * foobar_2) * np.cos(2 * np.pi * foobar_3)
foobar_26 = -np.cos(2 * np.pi * foobar_2) * np.sin(2 * np.pi * foobar_3)
foobar_5, foobar_6 = (0.3, 0.2)
foobar_22 = np.sqrt(foobar_23 ** 2 + foobar_26 ** 2).max()
foobar_7 = min(foobar_5 * foobar_8 / foobar_22, foobar_6 * foobar_8 ** 2 / foobar_18)
foobar_17 = 300

def fn1(foobar_10, foobar_4, foobar_27):
    foobar_12 = np.roll(foobar_10, -1, axis=foobar_4)
    foobar_11 = np.roll(foobar_10, 1, axis=foobar_4)
    return np.where(foobar_27 >= 0, (foobar_10 - foobar_11) / foobar_8, (foobar_12 - foobar_10) / foobar_8)
foobar_21 = 5
foobar_13 = [np.sqrt(foobar_23 ** 2 + foobar_26 ** 2)]
for foobar_16 in range(foobar_17):
    foobar_24 = fn1(foobar_23, 0, foobar_23)
    foobar_25 = fn1(foobar_23, 1, foobar_26)
    foobar_28 = fn1(foobar_26, 0, foobar_23)
    foobar_29 = fn1(foobar_26, 1, foobar_26)
    foobar_14 = (np.roll(foobar_23, -1, 0) + np.roll(foobar_23, 1, 0) + np.roll(foobar_23, -1, 1) + np.roll(foobar_23, 1, 1) - 4 * foobar_23) / foobar_8 ** 2
    foobar_15 = (np.roll(foobar_26, -1, 0) + np.roll(foobar_26, 1, 0) + np.roll(foobar_26, -1, 1) + np.roll(foobar_26, 1, 1) - 4 * foobar_26) / foobar_8 ** 2
    foobar_23 = foobar_23 + foobar_7 * (-(foobar_23 * foobar_24 + foobar_26 * foobar_25) + foobar_18 * foobar_14)
    foobar_26 = foobar_26 + foobar_7 * (-(foobar_23 * foobar_28 + foobar_26 * foobar_29) + foobar_18 * foobar_15)
    if foobar_16 % 2 == 0:
        foobar_13.append(np.sqrt(foobar_23 ** 2 + foobar_26 ** 2))",31,1812,burgers,advection/diffusion,True,explicit,,,,,0,Burgers_8,NoComm_CorrVar,
Burgers_NoComm_CorrVar_InValid_8,"import numpy as np
foobar_1, foobar_18 = (1.0, 0.02)
foobar_19 = foobar_20 = 101
foobar_8 = foobar_9 = foobar_1 / (foobar_19 - 1)
foobar_30 = np.linspace(0, foobar_1, foobar_19)
foobar_31 = np.linspace(0, foobar_1, foobar_20)
foobar_2, foobar_3 = np.meshgrid(foobar_30, foobar_31, indexing='ij')
foobar_23 = np.sin(2 * np.pi * foobar_2) * np.cos(2 * np.pi * foobar_3)
foobar_26 = -np.cos(2 * np.pi * foobar_2) * np.sin(2 * np.pi * foobar_3)
foobar_5, foobar_6 = (0.3, 0.2)
foobar_22 = np.sqrt(foobar_23 ** 2 + foobar_26 ** 2).max()
foobar_7 = min(foobar_5 * foobar_8 / foobar_22, foobar_6 * foobar_8 ** 2 / foobar_18)
foobar_17 = 300

def fn1(foobar_10, foobar_4, foobar_27):
    foobar_12 = np.roll(foobar_10, -1, axis=foobar_4)
    foobar_11 = np.roll(foobar_10, 1, axis=foobar_4)
    return np.where(foobar_27 >= 0, (foobar_10 - foobar_11) / foobar_8, (foobar_12 - foobar_10) / foobar_8)
foobar_21 = 5
foobar_13 = [np.sqrt(foobar_23 ** 2 + foobar_26 ** 2)]
for foobar_16 in range(foobar_17):
    foobar_24 = fn1(foobar_23, 0, foobar_23)
    foobar_25 = fn1(foobar_23, 1, foobar_26)
    foobar_28 = fn1(foobar_26, 0, foobar_23)
    foobar_29 = fn1(foobar_26, 1, foobar_26)
    foobar_14 = (np.roll(foobar_23, -1, 0) + np.roll(foobar_23, 1, 0) + np.roll(foobar_23, -1, 1) + np.roll(foobar_23, 1, 1) - 4 * foobar_23) / foobar_8 ** 2
    foobar_15 = (np.roll(foobar_26, -1, 0) + np.roll(foobar_26, 1, 0) + np.roll(foobar_26, -1, 1) + np.roll(foobar_26, 1, 1) - 4 * foobar_26) / foobar_8 ** 2
    foobar_23 = foobar_23 + foobar_7 * (-(foobar_23 * foobar_24 + foobar_26 * foobar_25) - foobar_18 * foobar_14)
    foobar_26 = foobar_26 + foobar_7 * (-(foobar_23 * foobar_28 + foobar_26 * foobar_29) - foobar_18 * foobar_15)
    if foobar_16 < 40 or foobar_16 % 2 == 0:
        foobar_13.append(np.sqrt(foobar_23 ** 2 + foobar_26 ** 2))",31,1830,burgers,advection/diffusion,False,explicit,,,,,0,Burgers_8,NoComm_CorrVar_InValid,blows up to NaNs
Burgers_NoComm_InValid_8,"import numpy as np


L, nu = 1.0, 0.02
nx = ny = 101
dx = dy = L / (nx - 1)
x = np.linspace(0, L, nx)
y = np.linspace(0, L, ny)
X, Y = np.meshgrid(x, y, indexing=""ij"")


u = np.sin(2 * np.pi * X) * np.cos(2 * np.pi * Y)
v = -np.cos(2 * np.pi * X) * np.sin(2 * np.pi * Y)


cfl, diff_num = 0.3, 0.2
speed0 = np.sqrt(u**2 + v**2).max()
dt = min(cfl * dx / speed0, diff_num * dx**2 / nu)
nt = 300


def upwind_deriv(f, axis, vel):
    fp = np.roll(f, -1, axis=axis)
    fm = np.roll(f, 1, axis=axis)
    return np.where(vel >= 0, (f - fm) / dx, (fp - f) / dx)


skip = 5
frames = [np.sqrt(u**2 + v**2)]
for n in range(nt):
    ux = upwind_deriv(u, 0, u); uy = upwind_deriv(u, 1, v)
    vx = upwind_deriv(v, 0, u); vy = upwind_deriv(v, 1, v)
    lap_u = (np.roll(u, -1, 0) + np.roll(u, 1, 0) + np.roll(u, -1, 1) + np.roll(u, 1, 1) - 4 * u) / dx**2
    lap_v = (np.roll(v, -1, 0) + np.roll(v, 1, 0) + np.roll(v, -1, 1) + np.roll(v, 1, 1) - 4 * v) / dx**2
    u = u + dt * (-(u * ux + v * uy) - nu * lap_u)
    v = v + dt * (-(u * vx + v * vy) - nu * lap_v)
    if n < 40 or n % 2 == 0:
        frames.append(np.sqrt(u**2 + v**2))
",39,1125,burgers,advection/diffusion,False,explicit,,,,,0,Burgers_8,NoComm_InValid,blows up to NaNs
Burgers_NoComm_Valid_8,"import numpy as np


L, nu = 1.0, 0.02
nx = ny = 101
dx = dy = L / (nx - 1)
x = np.linspace(0, L, nx)
y = np.linspace(0, L, ny)
X, Y = np.meshgrid(x, y, indexing=""ij"")


u = np.sin(2 * np.pi * X) * np.cos(2 * np.pi * Y)
v = -np.cos(2 * np.pi * X) * np.sin(2 * np.pi * Y)


cfl, diff_num = 0.3, 0.2
speed0 = np.sqrt(u**2 + v**2).max()
dt = min(cfl * dx / speed0, diff_num * dx**2 / nu)
nt = 300


def upwind_deriv(f, axis, vel):
    fp = np.roll(f, -1, axis=axis)
    fm = np.roll(f, 1, axis=axis)
    return np.where(vel >= 0, (f - fm) / dx, (fp - f) / dx)


skip = 5
frames = [np.sqrt(u**2 + v**2)]
for n in range(nt):
    ux = upwind_deriv(u, 0, u); uy = upwind_deriv(u, 1, v)
    vx = upwind_deriv(v, 0, u); vy = upwind_deriv(v, 1, v)
    lap_u = (np.roll(u, -1, 0) + np.roll(u, 1, 0) + np.roll(u, -1, 1) + np.roll(u, 1, 1) - 4 * u) / dx**2
    lap_v = (np.roll(v, -1, 0) + np.roll(v, 1, 0) + np.roll(v, -1, 1) + np.roll(v, 1, 1) - 4 * v) / dx**2
    u = u + dt * (-(u * ux + v * uy) + nu * lap_u)
    v = v + dt * (-(u * vx + v * vy) + nu * lap_v)
    if n % 2 == 0:
        frames.append(np.sqrt(u**2 + v**2))
",39,1115,burgers,advection/diffusion,True,explicit,,,,,0,Burgers_8,NoComm_Valid,
Heat_Comm_InValid_5,"import numpy as np


# Domain and physical parameters
L, alpha = 1.0, 0.01
nx, nt = 101, 2000
dx = L / (nx - 1)
# CFL condition for FTCS: alpha*dt/dx^2 <= 0.5
dt = 0.4 * dx**2 / alpha
r = alpha * dt / dx**2


x = np.linspace(0, L, nx)
# Gaussian initial condition
u = np.exp(-((x - L / 2) ** 2) / (2 * 0.02 ** 2))
# Dirichlet boundary conditions
u[0], u[-1] = 0.0, 0.0


snapshots = {0: u.copy()}
save_steps = [nt // 4, nt // 2, nt - 1]


for n in range(nt):
    u_new = u.copy()
    # explicit update
    u_new[1:-1] = u[1:-1] - r * (u[2:] - 2 * u[1:-1] + u[:-2])
    u_new[0], u_new[-1] = 0.0, 0.0
    u = u_new
    if n in save_steps:
        snapshots[n] = u.copy()
",32,670,heat,diffusion,False,explicit,,,,,5,Heat_5,Comm_InValid,"blow ups, overflow"
Heat_Comm_Valid_5,"import numpy as np


# Domain and physical parameters
L, alpha = 1.0, 0.01
nx, nt = 101, 2000
dx = L / (nx - 1)
# CFL condition for FTCS: alpha*dt/dx^2 <= 0.5
dt = 0.4 * dx**2 / alpha
r = alpha * dt / dx**2


x = np.linspace(0, L, nx)
# Gaussian initial condition
u = np.exp(-((x - L / 2) ** 2) / (2 * 0.02 ** 2))
# Dirichlet boundary conditions
u[0], u[-1] = 0.0, 0.0


snapshots = {0: u.copy()}
save_steps = [nt // 4, nt // 2, nt - 1]


for n in range(nt):
    u_new = u.copy()
    # explicit update
    u_new[1:-1] = u[1:-1] + r * (u[2:] - 2 * u[1:-1] + u[:-2])
    u_new[0], u_new[-1] = 0.0, 0.0
    u = u_new
    if n in save_steps:
        snapshots[n] = u.copy()
",32,670,heat,diffusion,True,explicit,,,,,5,Heat_5,Comm_Valid,
Heat_CorrComm_Valid_5,"import numpy as np


# Domain and physical parameters
L, alpha = 1.0, 0.01
nx, nt = 101, 2000
dx = L / (nx - 1)
# diffusion number; Crank-Nicolson is unconditionally stable
dt = 0.4 * dx**2 / alpha
r = alpha * dt / dx**2


x = np.linspace(0, L, nx)
# fluid initially at rest
u = np.exp(-((x - L / 2) ** 2) / (2 * 0.02 ** 2))
# wall impulsively set into motion at t=0+
u[0], u[-1] = 0.0, 0.0


snapshots = {0: u.copy()}
save_steps = [nt // 4, nt // 2, nt - 1]


for n in range(nt):
    u_new = u.copy()
    # wall boundary contribution folded into the RHS
    u_new[1:-1] = u[1:-1] + r * (u[2:] - 2 * u[1:-1] + u[:-2])
    u_new[0], u_new[-1] = 0.0, 0.0
    u = u_new
    if n in save_steps:
        snapshots[n] = u.copy()
",32,723,heat,diffusion,True,explicit,NavierStokes_Comm_Valid_6,navier-stokes,"[{'donor_text': '# Domain and physical parameters', 'gt_position': 4, 'source_line_in_donor': 5, 'line_inserted': 4}, {'donor_text': '# diffusion number; Crank-Nicolson is unconditionally stable', 'gt_position': 8, 'source_line_in_donor': 10, 'line_inserted': 8}, {'donor_text': '# fluid initially at rest', 'gt_position': 14, 'source_line_in_donor': 14, 'line_inserted': 14}, {'donor_text': '# wall impulsively set into motion at t=0+', 'gt_position': 16, 'source_line_in_donor': 16, 'line_inserted': 16}, {'donor_text': '# wall boundary contribution folded into the RHS', 'gt_position': 26, 'source_line_in_donor': 30, 'line_inserted': 26}]",0.0,5,Heat_5,CorrComm,
Heat_CorrComm_InValid_5,"import numpy as np


# Domain and physical parameters
L, alpha = 1.0, 0.01
nx, nt = 101, 2000
dx = L / (nx - 1)
# diffusion number; Crank-Nicolson is unconditionally stable
dt = 0.4 * dx**2 / alpha
r = alpha * dt / dx**2


x = np.linspace(0, L, nx)
# fluid initially at rest
u = np.exp(-((x - L / 2) ** 2) / (2 * 0.02 ** 2))
# wall impulsively set into motion at t=0+
u[0], u[-1] = 0.0, 0.0


snapshots = {0: u.copy()}
save_steps = [nt // 4, nt // 2, nt - 1]


for n in range(nt):
    u_new = u.copy()
    # wall boundary contribution folded into the RHS
    u_new[1:-1] = u[1:-1] - r * (u[2:] - 2 * u[1:-1] + u[:-2])
    u_new[0], u_new[-1] = 0.0, 0.0
    u = u_new
    if n in save_steps:
        snapshots[n] = u.copy()
",32,723,heat,diffusion,False,explicit,NavierStokes_Comm_Valid_6,navier-stokes,"[{'donor_text': '# Domain and physical parameters', 'gt_position': 4, 'source_line_in_donor': 5, 'line_inserted': 4}, {'donor_text': '# diffusion number; Crank-Nicolson is unconditionally stable', 'gt_position': 8, 'source_line_in_donor': 10, 'line_inserted': 8}, {'donor_text': '# fluid initially at rest', 'gt_position': 14, 'source_line_in_donor': 14, 'line_inserted': 14}, {'donor_text': '# wall impulsively set into motion at t=0+', 'gt_position': 16, 'source_line_in_donor': 16, 'line_inserted': 16}, {'donor_text': '# wall boundary contribution folded into the RHS', 'gt_position': 26, 'source_line_in_donor': 30, 'line_inserted': 26}]",0.0,5,Heat_5,CorrComm_Invalid,
Heat_NoComm_CorrVar_5,"import numpy as np
foobar_1, foobar_2 = (1.0, 0.01)
foobar_7, foobar_6 = (101, 2000)
foobar_4 = foobar_1 / (foobar_7 - 1)
foobar_3 = 0.4 * foobar_4 ** 2 / foobar_2
foobar_8 = foobar_2 * foobar_3 / foobar_4 ** 2
foobar_13 = np.linspace(0, foobar_1, foobar_7)
foobar_11 = np.exp(-(foobar_13 - foobar_1 / 2) ** 2 / (2 * 0.02 ** 2))
foobar_11[0], foobar_11[-1] = (0.0, 0.0)
foobar_10 = {0: foobar_11.copy()}
foobar_9 = [foobar_6 // 4, foobar_6 // 2, foobar_6 - 1]
for foobar_5 in range(foobar_6):
    foobar_12 = foobar_11.copy()
    foobar_12[1:-1] = foobar_11[1:-1] + foobar_8 * (foobar_11[2:] - 2 * foobar_11[1:-1] + foobar_11[:-2])
    foobar_12[0], foobar_12[-1] = (0.0, 0.0)
    foobar_11 = foobar_12
    if foobar_5 in foobar_9:
        foobar_10[foobar_5] = foobar_11.copy()",18,778,heat,diffusion,True,explicit,,,,,0,Heat_5,NoComm_CorrVar,
Heat_NoComm_CorrVar_InValid_5,"import numpy as np
foobar_1, foobar_2 = (1.0, 0.01)
foobar_7, foobar_6 = (101, 2000)
foobar_4 = foobar_1 / (foobar_7 - 1)
foobar_3 = 0.4 * foobar_4 ** 2 / foobar_2
foobar_8 = foobar_2 * foobar_3 / foobar_4 ** 2
foobar_13 = np.linspace(0, foobar_1, foobar_7)
foobar_11 = np.exp(-(foobar_13 - foobar_1 / 2) ** 2 / (2 * 0.02 ** 2))
foobar_11[0], foobar_11[-1] = (0.0, 0.0)
foobar_10 = {0: foobar_11.copy()}
foobar_9 = [foobar_6 // 4, foobar_6 // 2, foobar_6 - 1]
for foobar_5 in range(foobar_6):
    foobar_12 = foobar_11.copy()
    foobar_12[1:-1] = foobar_11[1:-1] - foobar_8 * (foobar_11[2:] - 2 * foobar_11[1:-1] + foobar_11[:-2])
    foobar_12[0], foobar_12[-1] = (0.0, 0.0)
    foobar_11 = foobar_12
    if foobar_5 in foobar_9:
        foobar_10[foobar_5] = foobar_11.copy()",18,778,heat,diffusion,False,explicit,,,,,0,Heat_5,NoComm_CorrVar_InValid,"blow ups, overflow"
Heat_NoComm_InValid_5,"import numpy as np


L, alpha = 1.0, 0.01
nx, nt = 101, 2000
dx = L / (nx - 1)
dt = 0.4 * dx**2 / alpha
r = alpha * dt / dx**2


x = np.linspace(0, L, nx)
u = np.exp(-((x - L / 2) ** 2) / (2 * 0.02 ** 2))
u[0], u[-1] = 0.0, 0.0


snapshots = {0: u.copy()}
save_steps = [nt // 4, nt // 2, nt - 1]


for n in range(nt):
    u_new = u.copy()
    u_new[1:-1] = u[1:-1] - r * (u[2:] - 2 * u[1:-1] + u[:-2])
    u_new[0], u_new[-1] = 0.0, 0.0
    u = u_new
    if n in save_steps:
        snapshots[n] = u.copy()
",27,507,heat,diffusion,False,explicit,,,,,0,Heat_5,NoComm_InValid,"blow ups, overflow"
Heat_NoComm_Valid_5,"import numpy as np


L, alpha = 1.0, 0.01
nx, nt = 101, 2000
dx = L / (nx - 1)
dt = 0.4 * dx**2 / alpha
r = alpha * dt / dx**2


x = np.linspace(0, L, nx)
u = np.exp(-((x - L / 2) ** 2) / (2 * 0.02 ** 2))
u[0], u[-1] = 0.0, 0.0


snapshots = {0: u.copy()}
save_steps = [nt // 4, nt // 2, nt - 1]


for n in range(nt):
    u_new = u.copy()
    u_new[1:-1] = u[1:-1] + r * (u[2:] - 2 * u[1:-1] + u[:-2])
    u_new[0], u_new[-1] = 0.0, 0.0
    u = u_new
    if n in save_steps:
        snapshots[n] = u.copy()
",27,507,heat,diffusion,True,explicit,,,,,0,Heat_5,NoComm_Valid,
Heat_Comm_InValid_6,"import numpy as np
from scipy.linalg import solve_banded


# Domain and physical parameters
L, alpha = 1.0, 0.01
nx, nt = 101, 500
dx = L / (nx - 1)
# No CFL restriction needed; Crank-Nicolson is unconditionally stable
dt = 0.001
r = alpha * dt / dx**2


x = np.linspace(0, L, nx)
u = np.zeros(nx)
# top-hat initial condition
u[(x > 0.4) & (x < 0.6)] = 1.0
u[0], u[-1] = 0.0, 0.0


# Build tridiagonal system (I - r/2 * D2) u_new = (I + r/2 * D2) u_old
n_int = nx - 2
ab = np.zeros((3, n_int))
ab[0, 1:] = -r / 2
ab[1, :] = 1 + r
ab[2, :-1] = -r / 2


snapshots = {0: u.copy()}
save_steps = [nt // 4, nt // 2, nt - 1]


for n in range(nt):
    # explicit half-step RHS
    rhs = (r / 2) * u[1:-1] + (1 - r) * u[1:-1] + (r / 2) * u[2:]
    u_int = solve_banded((1, 1), ab, rhs)
    u[1:-1] = u_int
    u[0], u[-1] = 0.0, 0.0
    if n in save_steps:
        snapshots[n] = u.copy()
",41,880,heat,diffusion,False,implicit,,,,,5,Heat_6,Comm_InValid,breaks symmetry
Heat_Comm_Valid_6,"import numpy as np
from scipy.linalg import solve_banded


# Domain and physical parameters
L, alpha = 1.0, 0.01
nx, nt = 101, 500
dx = L / (nx - 1)
# No CFL restriction needed; Crank-Nicolson is unconditionally stable
dt = 0.001
r = alpha * dt / dx**2


x = np.linspace(0, L, nx)
u = np.zeros(nx)
# top-hat initial condition
u[(x > 0.4) & (x < 0.6)] = 1.0
u[0], u[-1] = 0.0, 0.0


# Build tridiagonal system (I - r/2 * D2) u_new = (I + r/2 * D2) u_old
n_int = nx - 2
ab = np.zeros((3, n_int))
ab[0, 1:] = -r / 2
ab[1, :] = 1 + r
ab[2, :-1] = -r / 2


snapshots = {0: u.copy()}
save_steps = [nt // 4, nt // 2, nt - 1]


for n in range(nt):
    # explicit half-step RHS
    rhs = (r / 2) * u[:-2] + (1 - r) * u[1:-1] + (r / 2) * u[2:]
    u_int = solve_banded((1, 1), ab, rhs)
    u[1:-1] = u_int
    u[0], u[-1] = 0.0, 0.0
    if n in save_steps:
        snapshots[n] = u.copy()
",41,879,heat,diffusion,True,implicit,,,,,5,Heat_6,Comm_Valid,
Heat_CorrComm_Valid_6,"import numpy as np
from scipy.linalg import solve_banded


# Domain and physical parameters
L, alpha = 1.0, 0.01
nx, nt = 101, 500
dx = L / (nx - 1)
# CFL condition: Courant number c*dt/dx <= 1
dt = 0.001
r = alpha * dt / dx**2


x = np.linspace(0, L, nx)
u = np.zeros(nx)
# Gaussian initial displacement
u[(x > 0.4) & (x < 0.6)] = 1.0
u[0], u[-1] = 0.0, 0.0


# zero initial velocity
n_int = nx - 2
ab = np.zeros((3, n_int))
ab[0, 1:] = -r / 2
ab[1, :] = 1 + r
ab[2, :-1] = -r / 2


snapshots = {0: u.copy()}
save_steps = [nt // 4, nt // 2, nt - 1]


for n in range(nt):
    # leapfrog update
    rhs = (r / 2) * u[:-2] + (1 - r) * u[1:-1] + (r / 2) * u[2:]
    u_int = solve_banded((1, 1), ab, rhs)
    u[1:-1] = u_int
    u[0], u[-1] = 0.0, 0.0
    if n in save_steps:
        snapshots[n] = u.copy()
",41,804,heat,diffusion,True,implicit,Wave_Comm_Valid_5,wave,"[{'donor_text': '# Domain and physical parameters', 'gt_position': 5, 'source_line_in_donor': 4, 'line_inserted': 5}, {'donor_text': '# CFL condition: Courant number c*dt/dx <= 1', 'gt_position': 9, 'source_line_in_donor': 8, 'line_inserted': 9}, {'donor_text': '# Gaussian initial displacement', 'gt_position': 16, 'source_line_in_donor': 14, 'line_inserted': 16}, {'donor_text': '# zero initial velocity', 'gt_position': 21, 'source_line_in_donor': 16, 'line_inserted': 21}, {'donor_text': '# leapfrog update', 'gt_position': 34, 'source_line_in_donor': 30, 'line_inserted': 34}]",1.0,5,Heat_6,CorrComm,
Heat_CorrComm_InValid_6,"import numpy as np
from scipy.linalg import solve_banded


# Domain and physical parameters
L, alpha = 1.0, 0.01
nx, nt = 101, 500
dx = L / (nx - 1)
# CFL condition: Courant number c*dt/dx <= 1
dt = 0.001
r = alpha * dt / dx**2


x = np.linspace(0, L, nx)
u = np.zeros(nx)
# Gaussian initial displacement
u[(x > 0.4) & (x < 0.6)] = 1.0
u[0], u[-1] = 0.0, 0.0


# zero initial velocity
n_int = nx - 2
ab = np.zeros((3, n_int))
ab[0, 1:] = -r / 2
ab[1, :] = 1 + r
ab[2, :-1] = -r / 2


snapshots = {0: u.copy()}
save_steps = [nt // 4, nt // 2, nt - 1]


for n in range(nt):
    # leapfrog update
    rhs = (r / 2) * u[1:-1] + (1 - r) * u[1:-1] + (r / 2) * u[2:]
    u_int = solve_banded((1, 1), ab, rhs)
    u[1:-1] = u_int
    u[0], u[-1] = 0.0, 0.0
    if n in save_steps:
        snapshots[n] = u.copy()
",41,805,heat,diffusion,False,implicit,Wave_Comm_Valid_5,wave,"[{'donor_text': '# Domain and physical parameters', 'gt_position': 5, 'source_line_in_donor': 4, 'line_inserted': 5}, {'donor_text': '# CFL condition: Courant number c*dt/dx <= 1', 'gt_position': 9, 'source_line_in_donor': 8, 'line_inserted': 9}, {'donor_text': '# Gaussian initial displacement', 'gt_position': 16, 'source_line_in_donor': 14, 'line_inserted': 16}, {'donor_text': '# zero initial velocity', 'gt_position': 21, 'source_line_in_donor': 16, 'line_inserted': 21}, {'donor_text': '# leapfrog update', 'gt_position': 34, 'source_line_in_donor': 30, 'line_inserted': 34}]",1.0,5,Heat_6,CorrComm_Invalid,
Heat_NoComm_CorrVar_6,"import numpy as np
from scipy.linalg import solve_banded
foobar_1, foobar_3 = (1.0, 0.01)
foobar_9, foobar_8 = (101, 500)
foobar_5 = foobar_1 / (foobar_9 - 1)
foobar_4 = 0.001
foobar_10 = foobar_3 * foobar_4 / foobar_5 ** 2
foobar_16 = np.linspace(0, foobar_1, foobar_9)
foobar_14 = np.zeros(foobar_9)
foobar_14[(foobar_16 > 0.4) & (foobar_16 < 0.6)] = 1.0
foobar_14[0], foobar_14[-1] = (0.0, 0.0)
foobar_7 = foobar_9 - 2
foobar_2 = np.zeros((3, foobar_7))
foobar_2[0, 1:] = -foobar_10 / 2
foobar_2[1, :] = 1 + foobar_10
foobar_2[2, :-1] = -foobar_10 / 2
foobar_13 = {0: foobar_14.copy()}
foobar_12 = [foobar_8 // 4, foobar_8 // 2, foobar_8 - 1]
for foobar_6 in range(foobar_8):
    foobar_11 = foobar_10 / 2 * foobar_14[:-2] + (1 - foobar_10) * foobar_14[1:-1] + foobar_10 / 2 * foobar_14[2:]
    foobar_15 = solve_banded((1, 1), foobar_2, foobar_11)
    foobar_14[1:-1] = foobar_15
    foobar_14[0], foobar_14[-1] = (0.0, 0.0)
    if foobar_6 in foobar_12:
        foobar_13[foobar_6] = foobar_14.copy()",25,1005,heat,diffusion,True,implicit,,,,,0,Heat_6,NoComm_CorrVar,
Heat_NoComm_CorrVar_InValid_6,"import numpy as np
from scipy.linalg import solve_banded
foobar_1, foobar_3 = (1.0, 0.01)
foobar_9, foobar_8 = (101, 500)
foobar_5 = foobar_1 / (foobar_9 - 1)
foobar_4 = 0.001
foobar_10 = foobar_3 * foobar_4 / foobar_5 ** 2
foobar_16 = np.linspace(0, foobar_1, foobar_9)
foobar_14 = np.zeros(foobar_9)
foobar_14[(foobar_16 > 0.4) & (foobar_16 < 0.6)] = 1.0
foobar_14[0], foobar_14[-1] = (0.0, 0.0)
foobar_7 = foobar_9 - 2
foobar_2 = np.zeros((3, foobar_7))
foobar_2[0, 1:] = -foobar_10 / 2
foobar_2[1, :] = 1 + foobar_10
foobar_2[2, :-1] = -foobar_10 / 2
foobar_13 = {0: foobar_14.copy()}
foobar_12 = [foobar_8 // 4, foobar_8 // 2, foobar_8 - 1]
for foobar_6 in range(foobar_8):
    foobar_11 = foobar_10 / 2 * foobar_14[1:-1] + (1 - foobar_10) * foobar_14[1:-1] + foobar_10 / 2 * foobar_14[2:]
    foobar_15 = solve_banded((1, 1), foobar_2, foobar_11)
    foobar_14[1:-1] = foobar_15
    foobar_14[0], foobar_14[-1] = (0.0, 0.0)
    if foobar_6 in foobar_12:
        foobar_13[foobar_6] = foobar_14.copy()",25,1006,heat,diffusion,False,implicit,,,,,0,Heat_6,NoComm_CorrVar_InValid,breaks symmetry
Heat_NoComm_InValid_6,"import numpy as np
from scipy.linalg import solve_banded


L, alpha = 1.0, 0.01
nx, nt = 101, 500
dx = L / (nx - 1)
dt = 0.001
r = alpha * dt / dx**2


x = np.linspace(0, L, nx)
u = np.zeros(nx)
u[(x > 0.4) & (x < 0.6)] = 1.0
u[0], u[-1] = 0.0, 0.0


n_int = nx - 2
ab = np.zeros((3, n_int))
ab[0, 1:] = -r / 2
ab[1, :] = 1 + r
ab[2, :-1] = -r / 2


snapshots = {0: u.copy()}
save_steps = [nt // 4, nt // 2, nt - 1]


for n in range(nt):
    rhs = (r / 2) * u[1:-1] + (1 - r) * u[1:-1] + (r / 2) * u[2:]
    u_int = solve_banded((1, 1), ab, rhs)
    u[1:-1] = u_int
    u[0], u[-1] = 0.0, 0.0
    if n in save_steps:
        snapshots[n] = u.copy()
",36,649,heat,diffusion,False,implicit,,,,,0,Heat_6,NoComm_InValid,breaks symmetry
Heat_NoComm_Valid_6,"import numpy as np
from scipy.linalg import solve_banded


L, alpha = 1.0, 0.01
nx, nt = 101, 500
dx = L / (nx - 1)
dt = 0.001
r = alpha * dt / dx**2


x = np.linspace(0, L, nx)
u = np.zeros(nx)
u[(x > 0.4) & (x < 0.6)] = 1.0
u[0], u[-1] = 0.0, 0.0


n_int = nx - 2
ab = np.zeros((3, n_int))
ab[0, 1:] = -r / 2
ab[1, :] = 1 + r
ab[2, :-1] = -r / 2


snapshots = {0: u.copy()}
save_steps = [nt // 4, nt // 2, nt - 1]


for n in range(nt):
    rhs = (r / 2) * u[:-2] + (1 - r) * u[1:-1] + (r / 2) * u[2:]
    u_int = solve_banded((1, 1), ab, rhs)
    u[1:-1] = u_int
    u[0], u[-1] = 0.0, 0.0
    if n in save_steps:
        snapshots[n] = u.copy()
",36,648,heat,diffusion,True,implicit,,,,,0,Heat_6,NoComm_Valid,
Heat_Comm_InValid_7,"import numpy as np
from scipy.linalg import solve_banded


# Domain and physical parameters
L, alpha = 1.0, 0.01
nx = ny = 61
dx = dy = L / (nx - 1)
# ADI is unconditionally stable, so dt is chosen for accuracy, not stability
dt = 0.005
r = alpha * dt / dx**2
nt = 100


x = np.linspace(0, L, nx)
y = np.linspace(0, L, ny)
u = np.zeros((ny, nx))
# multi-point sources
sources = [(0.25, 0.25), (0.75, 0.75), (0.25, 0.75), (0.75, 0.25)]
for sx, sy in sources:
    i, j = int(sy / dy), int(sx / dx)
    u[i, j] = 50.0


def thomas_solve(n, r):
    ab = np.zeros((3, n))
    ab[0, 1:] = -r / 2
    ab[1, :] = 1 + r
    ab[2, :-1] = -r / 2
    return ab


ab_int = thomas_solve(nx - 2, r)


for n in range(nt):
    # Half-step 1: implicit in x, explicit in y
    u_star = u.copy()
    for i in range(1, ny - 1):
        rhs = (r / 2) * u[i, :-2] - (r - 1) * u[i, 1:-1] + (r / 2) * u[i, 2:]
        rhs -= (r / 2) * (u[i - 1, 1:-1] - 2 * u[i, 1:-1] + u[i + 1, 1:-1])
        u_star[i, 1:-1] = solve_banded((1, 1), ab_int, rhs)
    # Half-step 2: implicit in y, explicit in x
    u_new = u_star.copy()
    for j in range(1, nx - 1):
        rhs = (r / 2) * u_star[:-2, j] - (r - 1) * u_star[1:-1, j] + (r / 2) * u_star[2:, j]
        u_new[1:-1, j] = solve_banded((1, 1), ab_int, rhs)
    u = u_new


X, Y = np.meshgrid(x, y)
",52,1319,heat,diffusion,False,implicit,,,,,5,Heat_7,Comm_InValid,heat spreads unevenly by direction
Heat_Comm_Valid_7,"import numpy as np
from scipy.linalg import solve_banded


# Domain and physical parameters
L, alpha = 1.0, 0.01
nx = ny = 61
dx = dy = L / (nx - 1)
# ADI is unconditionally stable, so dt is chosen for accuracy, not stability
dt = 0.005
r = alpha * dt / dx**2
nt = 100


x = np.linspace(0, L, nx)
y = np.linspace(0, L, ny)
u = np.zeros((ny, nx))
# multi-point sources
sources = [(0.25, 0.25), (0.75, 0.75), (0.25, 0.75), (0.75, 0.25)]
for sx, sy in sources:
    i, j = int(sy / dy), int(sx / dx)
    u[i, j] = 50.0


def thomas_solve(n, r):
    ab = np.zeros((3, n))
    ab[0, 1:] = -r / 2
    ab[1, :] = 1 + r
    ab[2, :-1] = -r / 2
    return ab


ab_int = thomas_solve(nx - 2, r)


for n in range(nt):
    # Half-step 1: implicit in x, explicit in y
    u_star = u.copy()
    for i in range(1, ny - 1):
        rhs = (r / 2) * u[i, :-2] - (r - 1) * u[i, 1:-1] + (r / 2) * u[i, 2:]
        rhs += (r / 2) * (u[i - 1, 1:-1] - 2 * u[i, 1:-1] + u[i + 1, 1:-1])
        u_star[i, 1:-1] = solve_banded((1, 1), ab_int, rhs)
    # Half-step 2: implicit in y, explicit in x
    u_new = u_star.copy()
    for j in range(1, nx - 1):
        rhs = (r / 2) * u_star[:-2, j] - (r - 1) * u_star[1:-1, j] + (r / 2) * u_star[2:, j]
        u_new[1:-1, j] = solve_banded((1, 1), ab_int, rhs)
    u = u_new


X, Y = np.meshgrid(x, y)
",52,1319,heat,diffusion,True,implicit,,,,,5,Heat_7,Comm_Valid,
Heat_CorrComm_Valid_7,"import numpy as np
from scipy.linalg import solve_banded


# Domain and physical parameters
L, alpha = 1.0, 0.01
nx = ny = 61
dx = dy = L / (nx - 1)
# sinusoidal shear-layer initial condition
dt = 0.005
r = alpha * dt / dx**2
nt = 100


x = np.linspace(0, L, nx)
y = np.linspace(0, L, ny)
u = np.zeros((ny, nx))
# advective + diffusive CFL, 2D
sources = [(0.25, 0.25), (0.75, 0.75), (0.25, 0.75), (0.75, 0.25)]
for sx, sy in sources:
    i, j = int(sy / dy), int(sx / dx)
    u[i, j] = 50.0


def thomas_solve(n, r):
    ab = np.zeros((3, n))
    ab[0, 1:] = -r / 2
    ab[1, :] = 1 + r
    ab[2, :-1] = -r / 2
    return ab


ab_int = thomas_solve(nx - 2, r)


for n in range(nt):
    # subsample for the quiver overlay so arrows stay readable
    u_star = u.copy()
    for i in range(1, ny - 1):
        rhs = (r / 2) * u[i, :-2] - (r - 1) * u[i, 1:-1] + (r / 2) * u[i, 2:]
        rhs += (r / 2) * (u[i - 1, 1:-1] - 2 * u[i, 1:-1] + u[i + 1, 1:-1])
        u_star[i, 1:-1] = solve_banded((1, 1), ab_int, rhs)
    # coupled momentum update
    u_new = u_star.copy()
    for j in range(1, nx - 1):
        rhs = (r / 2) * u_star[:-2, j] - (r - 1) * u_star[1:-1, j] + (r / 2) * u_star[2:, j]
        u_new[1:-1, j] = solve_banded((1, 1), ab_int, rhs)
    u = u_new


X, Y = np.meshgrid(x, y)
",52,1292,heat,diffusion,True,implicit,Burgers_Comm_Valid_8,burgers,"[{'donor_text': '# Domain and physical parameters', 'gt_position': 5, 'source_line_in_donor': 4, 'line_inserted': 5}, {'donor_text': '# sinusoidal shear-layer initial condition', 'gt_position': 9, 'source_line_in_donor': 13, 'line_inserted': 9}, {'donor_text': '# advective + diffusive CFL, 2D', 'gt_position': 18, 'source_line_in_donor': 20, 'line_inserted': 18}, {'donor_text': '# subsample for the quiver overlay so arrows stay readable', 'gt_position': 37, 'source_line_in_donor': 31, 'line_inserted': 37}, {'donor_text': '# coupled momentum update', 'gt_position': 43, 'source_line_in_donor': 39, 'line_inserted': 43}]",0.0,5,Heat_7,CorrComm,
Heat_CorrComm_InValid_7,"import numpy as np
from scipy.linalg import solve_banded


# Domain and physical parameters
L, alpha = 1.0, 0.01
nx = ny = 61
dx = dy = L / (nx - 1)
# sinusoidal shear-layer initial condition
dt = 0.005
r = alpha * dt / dx**2
nt = 100


x = np.linspace(0, L, nx)
y = np.linspace(0, L, ny)
u = np.zeros((ny, nx))
# advective + diffusive CFL, 2D
sources = [(0.25, 0.25), (0.75, 0.75), (0.25, 0.75), (0.75, 0.25)]
for sx, sy in sources:
    i, j = int(sy / dy), int(sx / dx)
    u[i, j] = 50.0


def thomas_solve(n, r):
    ab = np.zeros((3, n))
    ab[0, 1:] = -r / 2
    ab[1, :] = 1 + r
    ab[2, :-1] = -r / 2
    return ab


ab_int = thomas_solve(nx - 2, r)


for n in range(nt):
    # subsample for the quiver overlay so arrows stay readable
    u_star = u.copy()
    for i in range(1, ny - 1):
        rhs = (r / 2) * u[i, :-2] - (r - 1) * u[i, 1:-1] + (r / 2) * u[i, 2:]
        rhs -= (r / 2) * (u[i - 1, 1:-1] - 2 * u[i, 1:-1] + u[i + 1, 1:-1])
        u_star[i, 1:-1] = solve_banded((1, 1), ab_int, rhs)
    # coupled momentum update
    u_new = u_star.copy()
    for j in range(1, nx - 1):
        rhs = (r / 2) * u_star[:-2, j] - (r - 1) * u_star[1:-1, j] + (r / 2) * u_star[2:, j]
        u_new[1:-1, j] = solve_banded((1, 1), ab_int, rhs)
    u = u_new


X, Y = np.meshgrid(x, y)
",52,1292,heat,diffusion,False,implicit,Burgers_Comm_Valid_8,burgers,"[{'donor_text': '# Domain and physical parameters', 'gt_position': 5, 'source_line_in_donor': 4, 'line_inserted': 5}, {'donor_text': '# sinusoidal shear-layer initial condition', 'gt_position': 9, 'source_line_in_donor': 13, 'line_inserted': 9}, {'donor_text': '# advective + diffusive CFL, 2D', 'gt_position': 18, 'source_line_in_donor': 20, 'line_inserted': 18}, {'donor_text': '# subsample for the quiver overlay so arrows stay readable', 'gt_position': 37, 'source_line_in_donor': 31, 'line_inserted': 37}, {'donor_text': '# coupled momentum update', 'gt_position': 43, 'source_line_in_donor': 39, 'line_inserted': 43}]",0.0,5,Heat_7,CorrComm_Invalid,
Heat_NoComm_CorrVar_7,"import numpy as np
from scipy.linalg import solve_banded
foobar_1, foobar_6 = (1.0, 0.01)
foobar_14 = foobar_15 = 61
foobar_8 = foobar_9 = foobar_1 / (foobar_14 - 1)
foobar_7 = 0.005
foobar_16 = foobar_6 * foobar_7 / foobar_8 ** 2
foobar_13 = 100
foobar_24 = np.linspace(0, foobar_1, foobar_14)
foobar_25 = np.linspace(0, foobar_1, foobar_15)
foobar_21 = np.zeros((foobar_15, foobar_14))
foobar_18 = [(0.25, 0.25), (0.75, 0.75), (0.25, 0.75), (0.75, 0.25)]
for foobar_19, foobar_20 in foobar_18:
    foobar_10, foobar_11 = (int(foobar_20 / foobar_9), int(foobar_19 / foobar_8))
    foobar_21[foobar_10, foobar_11] = 50.0

def fn1(foobar_12, foobar_16):
    foobar_4 = np.zeros((3, foobar_12))
    foobar_4[0, 1:] = -foobar_16 / 2
    foobar_4[1, :] = 1 + foobar_16
    foobar_4[2, :-1] = -foobar_16 / 2
    return foobar_4
foobar_5 = fn1(foobar_14 - 2, foobar_16)
for foobar_12 in range(foobar_13):
    foobar_23 = foobar_21.copy()
    for foobar_10 in range(1, foobar_15 - 1):
        foobar_17 = foobar_16 / 2 * foobar_21[foobar_10, :-2] - (foobar_16 - 1) * foobar_21[foobar_10, 1:-1] + foobar_16 / 2 * foobar_21[foobar_10, 2:]
        foobar_17 += foobar_16 / 2 * (foobar_21[foobar_10 - 1, 1:-1] - 2 * foobar_21[foobar_10, 1:-1] + foobar_21[foobar_10 + 1, 1:-1])
        foobar_23[foobar_10, 1:-1] = solve_banded((1, 1), foobar_5, foobar_17)
    foobar_22 = foobar_23.copy()
    for foobar_11 in range(1, foobar_14 - 1):
        foobar_17 = foobar_16 / 2 * foobar_23[:-2, foobar_11] - (foobar_16 - 1) * foobar_23[1:-1, foobar_11] + foobar_16 / 2 * foobar_23[2:, foobar_11]
        foobar_22[1:-1, foobar_11] = solve_banded((1, 1), foobar_5, foobar_17)
    foobar_21 = foobar_22
foobar_2, foobar_3 = np.meshgrid(foobar_24, foobar_25)",35,1735,heat,diffusion,True,implicit,,,,,0,Heat_7,NoComm_CorrVar,
Heat_NoComm_CorrVar_InValid_7,"import numpy as np
from scipy.linalg import solve_banded
foobar_1, foobar_6 = (1.0, 0.01)
foobar_14 = foobar_15 = 61
foobar_8 = foobar_9 = foobar_1 / (foobar_14 - 1)
foobar_7 = 0.005
foobar_16 = foobar_6 * foobar_7 / foobar_8 ** 2
foobar_13 = 100
foobar_24 = np.linspace(0, foobar_1, foobar_14)
foobar_25 = np.linspace(0, foobar_1, foobar_15)
foobar_21 = np.zeros((foobar_15, foobar_14))
foobar_18 = [(0.25, 0.25), (0.75, 0.75), (0.25, 0.75), (0.75, 0.25)]
for foobar_19, foobar_20 in foobar_18:
    foobar_10, foobar_11 = (int(foobar_20 / foobar_9), int(foobar_19 / foobar_8))
    foobar_21[foobar_10, foobar_11] = 50.0

def fn1(foobar_12, foobar_16):
    foobar_4 = np.zeros((3, foobar_12))
    foobar_4[0, 1:] = -foobar_16 / 2
    foobar_4[1, :] = 1 + foobar_16
    foobar_4[2, :-1] = -foobar_16 / 2
    return foobar_4
foobar_5 = fn1(foobar_14 - 2, foobar_16)
for foobar_12 in range(foobar_13):
    foobar_23 = foobar_21.copy()
    for foobar_10 in range(1, foobar_15 - 1):
        foobar_17 = foobar_16 / 2 * foobar_21[foobar_10, :-2] - (foobar_16 - 1) * foobar_21[foobar_10, 1:-1] + foobar_16 / 2 * foobar_21[foobar_10, 2:]
        foobar_17 -= foobar_16 / 2 * (foobar_21[foobar_10 - 1, 1:-1] - 2 * foobar_21[foobar_10, 1:-1] + foobar_21[foobar_10 + 1, 1:-1])
        foobar_23[foobar_10, 1:-1] = solve_banded((1, 1), foobar_5, foobar_17)
    foobar_22 = foobar_23.copy()
    for foobar_11 in range(1, foobar_14 - 1):
        foobar_17 = foobar_16 / 2 * foobar_23[:-2, foobar_11] - (foobar_16 - 1) * foobar_23[1:-1, foobar_11] + foobar_16 / 2 * foobar_23[2:, foobar_11]
        foobar_22[1:-1, foobar_11] = solve_banded((1, 1), foobar_5, foobar_17)
    foobar_21 = foobar_22
foobar_2, foobar_3 = np.meshgrid(foobar_24, foobar_25)",35,1735,heat,diffusion,False,implicit,,,,,0,Heat_7,NoComm_CorrVar_InValid,heat spreads unevenly by direction
Heat_NoComm_InValid_7,"import numpy as np
from scipy.linalg import solve_banded


L, alpha = 1.0, 0.01
nx = ny = 61
dx = dy = L / (nx - 1)
dt = 0.005
r = alpha * dt / dx**2
nt = 100


x = np.linspace(0, L, nx)
y = np.linspace(0, L, ny)
u = np.zeros((ny, nx))
sources = [(0.25, 0.25), (0.75, 0.75), (0.25, 0.75), (0.75, 0.25)]
for sx, sy in sources:
    i, j = int(sy / dy), int(sx / dx)
    u[i, j] = 50.0


def thomas_solve(n, r):
    ab = np.zeros((3, n))
    ab[0, 1:] = -r / 2
    ab[1, :] = 1 + r
    ab[2, :-1] = -r / 2
    return ab


ab_int = thomas_solve(nx - 2, r)


for n in range(nt):
    u_star = u.copy()
    for i in range(1, ny - 1):
        rhs = (r / 2) * u[i, :-2] - (r - 1) * u[i, 1:-1] + (r / 2) * u[i, 2:]
        rhs -= (r / 2) * (u[i - 1, 1:-1] - 2 * u[i, 1:-1] + u[i + 1, 1:-1])
        u_star[i, 1:-1] = solve_banded((1, 1), ab_int, rhs)
    u_new = u_star.copy()
    for j in range(1, nx - 1):
        rhs = (r / 2) * u_star[:-2, j] - (r - 1) * u_star[1:-1, j] + (r / 2) * u_star[2:, j]
        u_new[1:-1, j] = solve_banded((1, 1), ab_int, rhs)
    u = u_new


X, Y = np.meshgrid(x, y)
",47,1091,heat,diffusion,False,implicit,,,,,0,Heat_7,NoComm_InValid,heat spreads unevenly by direction
Heat_NoComm_Valid_7,"import numpy as np
from scipy.linalg import solve_banded


L, alpha = 1.0, 0.01
nx = ny = 61
dx = dy = L / (nx - 1)
dt = 0.005
r = alpha * dt / dx**2
nt = 100


x = np.linspace(0, L, nx)
y = np.linspace(0, L, ny)
u = np.zeros((ny, nx))
sources = [(0.25, 0.25), (0.75, 0.75), (0.25, 0.75), (0.75, 0.25)]
for sx, sy in sources:
    i, j = int(sy / dy), int(sx / dx)
    u[i, j] = 50.0


def thomas_solve(n, r):
    ab = np.zeros((3, n))
    ab[0, 1:] = -r / 2
    ab[1, :] = 1 + r
    ab[2, :-1] = -r / 2
    return ab


ab_int = thomas_solve(nx - 2, r)


for n in range(nt):
    u_star = u.copy()
    for i in range(1, ny - 1):
        rhs = (r / 2) * u[i, :-2] - (r - 1) * u[i, 1:-1] + (r / 2) * u[i, 2:]
        rhs += (r / 2) * (u[i - 1, 1:-1] - 2 * u[i, 1:-1] + u[i + 1, 1:-1])
        u_star[i, 1:-1] = solve_banded((1, 1), ab_int, rhs)
    u_new = u_star.copy()
    for j in range(1, nx - 1):
        rhs = (r / 2) * u_star[:-2, j] - (r - 1) * u_star[1:-1, j] + (r / 2) * u_star[2:, j]
        u_new[1:-1, j] = solve_banded((1, 1), ab_int, rhs)
    u = u_new


X, Y = np.meshgrid(x, y)
",47,1091,heat,diffusion,True,implicit,,,,,0,Heat_7,NoComm_Valid,
Heat_Comm_InValid_8,"import numpy as np


# Domain and physical parameters
L, alpha = 2 * np.pi, 0.05
nx = ny = 128
x = np.linspace(0, L, nx, endpoint=False)
y = np.linspace(0, L, ny, endpoint=False)
X, Y = np.meshgrid(x, y)


# sinusoidal initial condition
u0 = np.sin(3 * X) * np.sin(2 * Y) + 0.5 * np.sin(5 * X)


kx = np.fft.fftfreq(nx, d=L / nx) * 2 * np.pi
ky = np.fft.fftfreq(ny, d=L / ny) * 2 * np.pi
KX, KY = np.meshgrid(kx, ky)
# Laplacian eigenvalues in Fourier space
K2 = KX**2 + KY**2


u0_hat = np.fft.fft2(u0)


# No CFL restriction: solution advances via exact spectral decay factor
t_final = 0.5
decay = np.exp(alpha * K2 * t_final)
u_final = np.real(np.fft.ifft2(u0_hat * decay))
",30,677,heat,diffusion,False,spectral,,,,,4,Heat_8,Comm_InValid,blows up
Heat_Comm_Valid_8,"import numpy as np


# Domain and physical parameters
L, alpha = 2 * np.pi, 0.05
nx = ny = 128
x = np.linspace(0, L, nx, endpoint=False)
y = np.linspace(0, L, ny, endpoint=False)
X, Y = np.meshgrid(x, y)


# sinusoidal initial condition
u0 = np.sin(3 * X) * np.sin(2 * Y) + 0.5 * np.sin(5 * X)


kx = np.fft.fftfreq(nx, d=L / nx) * 2 * np.pi
ky = np.fft.fftfreq(ny, d=L / ny) * 2 * np.pi
KX, KY = np.meshgrid(kx, ky)
# Laplacian eigenvalues in Fourier space
K2 = KX**2 + KY**2


u0_hat = np.fft.fft2(u0)


# No CFL restriction: solution advances via exact spectral decay factor
t_final = 0.5
decay = np.exp(-alpha * K2 * t_final)
u_final = np.real(np.fft.ifft2(u0_hat * decay))
",30,678,heat,diffusion,True,spectral,,,,,4,Heat_8,Comm_Valid,
Heat_CorrComm_Valid_8,"import numpy as np


# Domain and physical parameters
L, alpha = 2 * np.pi, 0.05
nx = ny = 128
x = np.linspace(0, L, nx, endpoint=False)
y = np.linspace(0, L, ny, endpoint=False)
X, Y = np.meshgrid(x, y)


# varying speed: faster medium in right half
u0 = np.sin(3 * X) * np.sin(2 * Y) + 0.5 * np.sin(5 * X)


kx = np.fft.fftfreq(nx, d=L / nx) * 2 * np.pi
ky = np.fft.fftfreq(ny, d=L / ny) * 2 * np.pi
KX, KY = np.meshgrid(kx, ky)
# CFL condition for 2D: c*dt*sqrt(1/dx^2+1/dy^2) <= 1
K2 = KX**2 + KY**2


u0_hat = np.fft.fft2(u0)


# multi-point source displacement
t_final = 0.5
decay = np.exp(-alpha * K2 * t_final)
u_final = np.real(np.fft.ifft2(u0_hat * decay))
",30,667,heat,diffusion,True,spectral,Wave_Comm_Valid_7,wave,"[{'donor_text': '# Domain and physical parameters', 'gt_position': 4, 'source_line_in_donor': 4, 'line_inserted': 4}, {'donor_text': '# varying speed: faster medium in right half', 'gt_position': 12, 'source_line_in_donor': 13, 'line_inserted': 12}, {'donor_text': '# CFL condition for 2D: c*dt*sqrt(1/dx^2+1/dy^2) <= 1', 'gt_position': 19, 'source_line_in_donor': 15, 'line_inserted': 19}, {'donor_text': '# multi-point source displacement', 'gt_position': 26, 'source_line_in_donor': 20, 'line_inserted': 26}]",4.0,4,Heat_8,CorrComm,
Heat_CorrComm_InValid_8,"import numpy as np


# Domain and physical parameters
L, alpha = 2 * np.pi, 0.05
nx = ny = 128
x = np.linspace(0, L, nx, endpoint=False)
y = np.linspace(0, L, ny, endpoint=False)
X, Y = np.meshgrid(x, y)


# varying speed: faster medium in right half
u0 = np.sin(3 * X) * np.sin(2 * Y) + 0.5 * np.sin(5 * X)


kx = np.fft.fftfreq(nx, d=L / nx) * 2 * np.pi
ky = np.fft.fftfreq(ny, d=L / ny) * 2 * np.pi
KX, KY = np.meshgrid(kx, ky)
# CFL condition for 2D: c*dt*sqrt(1/dx^2+1/dy^2) <= 1
K2 = KX**2 + KY**2


u0_hat = np.fft.fft2(u0)


# multi-point source displacement
t_final = 0.5
decay = np.exp(alpha * K2 * t_final)
u_final = np.real(np.fft.ifft2(u0_hat * decay))
",30,666,heat,diffusion,False,spectral,Wave_Comm_Valid_7,wave,"[{'donor_text': '# Domain and physical parameters', 'gt_position': 4, 'source_line_in_donor': 4, 'line_inserted': 4}, {'donor_text': '# varying speed: faster medium in right half', 'gt_position': 12, 'source_line_in_donor': 13, 'line_inserted': 12}, {'donor_text': '# CFL condition for 2D: c*dt*sqrt(1/dx^2+1/dy^2) <= 1', 'gt_position': 19, 'source_line_in_donor': 15, 'line_inserted': 19}, {'donor_text': '# multi-point source displacement', 'gt_position': 26, 'source_line_in_donor': 20, 'line_inserted': 26}]",4.0,4,Heat_8,CorrComm_Invalid,
Heat_NoComm_CorrVar_8,"import numpy as np
foobar_4, foobar_7 = (2 * np.pi, 0.05)
foobar_11 = foobar_12 = 128
foobar_17 = np.linspace(0, foobar_4, foobar_11, endpoint=False)
foobar_18 = np.linspace(0, foobar_4, foobar_12, endpoint=False)
foobar_5, foobar_6 = np.meshgrid(foobar_17, foobar_18)
foobar_14 = np.sin(3 * foobar_5) * np.sin(2 * foobar_6) + 0.5 * np.sin(5 * foobar_5)
foobar_9 = np.fft.fftfreq(foobar_11, d=foobar_4 / foobar_11) * 2 * np.pi
foobar_10 = np.fft.fftfreq(foobar_12, d=foobar_4 / foobar_12) * 2 * np.pi
foobar_2, foobar_3 = np.meshgrid(foobar_9, foobar_10)
foobar_1 = foobar_2 ** 2 + foobar_3 ** 2
foobar_15 = np.fft.fft2(foobar_14)
foobar_13 = 0.5
foobar_8 = np.exp(-foobar_7 * foobar_1 * foobar_13)
foobar_16 = np.real(np.fft.ifft2(foobar_15 * foobar_8))",15,754,heat,diffusion,True,spectral,,,,,0,Heat_8,NoComm_CorrVar,
Heat_NoComm_CorrVar_InValid_8,"import numpy as np
foobar_4, foobar_7 = (2 * np.pi, 0.05)
foobar_11 = foobar_12 = 128
foobar_17 = np.linspace(0, foobar_4, foobar_11, endpoint=False)
foobar_18 = np.linspace(0, foobar_4, foobar_12, endpoint=False)
foobar_5, foobar_6 = np.meshgrid(foobar_17, foobar_18)
foobar_14 = np.sin(3 * foobar_5) * np.sin(2 * foobar_6) + 0.5 * np.sin(5 * foobar_5)
foobar_9 = np.fft.fftfreq(foobar_11, d=foobar_4 / foobar_11) * 2 * np.pi
foobar_10 = np.fft.fftfreq(foobar_12, d=foobar_4 / foobar_12) * 2 * np.pi
foobar_2, foobar_3 = np.meshgrid(foobar_9, foobar_10)
foobar_1 = foobar_2 ** 2 + foobar_3 ** 2
foobar_15 = np.fft.fft2(foobar_14)
foobar_13 = 0.5
foobar_8 = np.exp(foobar_7 * foobar_1 * foobar_13)
foobar_16 = np.real(np.fft.ifft2(foobar_15 * foobar_8))",15,753,heat,diffusion,False,spectral,,,,,0,Heat_8,NoComm_CorrVar_InValid,blows up
Heat_NoComm_InValid_8,"import numpy as np


L, alpha = 2 * np.pi, 0.05
nx = ny = 128
x = np.linspace(0, L, nx, endpoint=False)
y = np.linspace(0, L, ny, endpoint=False)
X, Y = np.meshgrid(x, y)


u0 = np.sin(3 * X) * np.sin(2 * Y) + 0.5 * np.sin(5 * X)


kx = np.fft.fftfreq(nx, d=L / nx) * 2 * np.pi
ky = np.fft.fftfreq(ny, d=L / ny) * 2 * np.pi
KX, KY = np.meshgrid(kx, ky)
K2 = KX**2 + KY**2


u0_hat = np.fft.fft2(u0)


t_final = 0.5
decay = np.exp(alpha * K2 * t_final)
u_final = np.real(np.fft.ifft2(u0_hat * decay))
",26,500,heat,diffusion,False,spectral,,,,,0,Heat_8,NoComm_InValid,blows up
Heat_NoComm_Valid_8,"import numpy as np


L, alpha = 2 * np.pi, 0.05
nx = ny = 128
x = np.linspace(0, L, nx, endpoint=False)
y = np.linspace(0, L, ny, endpoint=False)
X, Y = np.meshgrid(x, y)


u0 = np.sin(3 * X) * np.sin(2 * Y) + 0.5 * np.sin(5 * X)


kx = np.fft.fftfreq(nx, d=L / nx) * 2 * np.pi
ky = np.fft.fftfreq(ny, d=L / ny) * 2 * np.pi
KX, KY = np.meshgrid(kx, ky)
K2 = KX**2 + KY**2


u0_hat = np.fft.fft2(u0)


t_final = 0.5
decay = np.exp(-alpha * K2 * t_final)
u_final = np.real(np.fft.ifft2(u0_hat * decay))
",26,501,heat,diffusion,True,spectral,,,,,0,Heat_8,NoComm_Valid,
NavierStokes_Comm_InValid_5,"import numpy as np


# Domain and physical parameters
H, nu, dpdx, rho = 1.0, 0.1, -1.0, 1.0
ny, nt = 51, 60000
dy = H / (ny - 1)
y = np.linspace(0, H, ny)
# constant forcing per unit mass driving the flow
G = -dpdx / rho


# fluid starts at rest
u = np.zeros(ny)
# diffusion stability bound for explicit FTCS
dt = 0.4 * dy**2 / (2 * nu)


frames = [u.copy()]
for n in range(nt):
    u_new = u.copy()
    u_new[1:-1] = u[1:-1] + dt * (G - nu * (u[2:] - 2 * u[1:-1] + u[:-2]) / dy**2)
    # no-slip walls
    u_new[0], u_new[-1] = 0.0, 0.0
    u = u_new
    # store densely early so the blow-up onset is visible
    if n < 60 or n % 300 == 0:
        frames.append(u.copy())


# analytic parabolic steady-state profile
u_steady = G / (2 * nu) * y * (H - y)
",33,756,navier-stokes,diffusion/restoration,False,explicit,,,,,7,NavierStokes_5,Comm_InValid,blows up to NaNs
NavierStokes_Comm_Valid_5,"import numpy as np


# Domain and physical parameters
H, nu, dpdx, rho = 1.0, 0.1, -1.0, 1.0
ny, nt = 51, 60000
dy = H / (ny - 1)
y = np.linspace(0, H, ny)
# constant forcing per unit mass driving the flow
G = -dpdx / rho


# fluid starts at rest
u = np.zeros(ny)
# diffusion stability bound for explicit FTCS
dt = 0.4 * dy**2 / (2 * nu)


frames = [u.copy()]
for n in range(nt):
    u_new = u.copy()
    u_new[1:-1] = u[1:-1] + dt * (G + nu * (u[2:] - 2 * u[1:-1] + u[:-2]) / dy**2)
    # no-slip walls
    u_new[0], u_new[-1] = 0.0, 0.0
    u = u_new
    # store periodically to keep the GIF a manageable length
    if n % 300 == 0:
        frames.append(u.copy())


# analytic parabolic steady-state profile
u_steady = G / (2 * nu) * y * (H - y)
",33,749,navier-stokes,diffusion/restoration,True,explicit,,,,,7,NavierStokes_5,Comm_Valid,
NavierStokes_CorrComm_Valid_5,"import numpy as np


# Domain and physical parameters
H, nu, dpdx, rho = 1.0, 0.1, -1.0, 1.0
ny, nt = 51, 60000
dy = H / (ny - 1)
y = np.linspace(0, H, ny)
# sinusoidal initial condition
G = -dpdx / rho


# Laplacian eigenvalues in Fourier space
u = np.zeros(ny)
# No CFL restriction: solution advances via exact spectral decay factor
dt = 0.4 * dy**2 / (2 * nu)


frames = [u.copy()]
for n in range(nt):
    u_new = u.copy()
    u_new[1:-1] = u[1:-1] + dt * (G + nu * (u[2:] - 2 * u[1:-1] + u[:-2]) / dy**2)
    # Domain and physical parameters
    u_new[0], u_new[-1] = 0.0, 0.0
    u = u_new
    # sinusoidal initial condition
    if n % 300 == 0:
        frames.append(u.copy())


# Laplacian eigenvalues in Fourier space
u_steady = G / (2 * nu) * y * (H - y)
",33,764,navier-stokes,diffusion/restoration,True,explicit,Heat_Comm_Valid_8,heat,"[{'donor_text': '# Domain and physical parameters', 'gt_position': 4, 'source_line_in_donor': 4, 'line_inserted': 4}, {'donor_text': '# sinusoidal initial condition', 'gt_position': 9, 'source_line_in_donor': 12, 'line_inserted': 9}, {'donor_text': '# Laplacian eigenvalues in Fourier space', 'gt_position': 13, 'source_line_in_donor': 19, 'line_inserted': 13}, {'donor_text': '# No CFL restriction: solution advances via exact spectral decay factor', 'gt_position': 15, 'source_line_in_donor': 26, 'line_inserted': 15}, {'donor_text': '# Domain and physical parameters', 'gt_position': 23, 'source_line_in_donor': 4, 'line_inserted': 23}, {'donor_text': '# sinusoidal initial condition', 'gt_position': 26, 'source_line_in_donor': 12, 'line_inserted': 26}, {'donor_text': '# Laplacian eigenvalues in Fourier space', 'gt_position': 31, 'source_line_in_donor': 19, 'line_inserted': 31}]",-3.0,7,NavierStokes_5,CorrComm,
NavierStokes_CorrComm_InValid_5,"import numpy as np


# Domain and physical parameters
H, nu, dpdx, rho = 1.0, 0.1, -1.0, 1.0
ny, nt = 51, 60000
dy = H / (ny - 1)
y = np.linspace(0, H, ny)
# sinusoidal initial condition
G = -dpdx / rho


# Laplacian eigenvalues in Fourier space
u = np.zeros(ny)
# No CFL restriction: solution advances via exact spectral decay factor
dt = 0.4 * dy**2 / (2 * nu)


frames = [u.copy()]
for n in range(nt):
    u_new = u.copy()
    u_new[1:-1] = u[1:-1] + dt * (G - nu * (u[2:] - 2 * u[1:-1] + u[:-2]) / dy**2)
    # Domain and physical parameters
    u_new[0], u_new[-1] = 0.0, 0.0
    u = u_new
    # sinusoidal initial condition
    if n < 60 or n % 300 == 0:
        frames.append(u.copy())


# Laplacian eigenvalues in Fourier space
u_steady = G / (2 * nu) * y * (H - y)
",33,774,navier-stokes,diffusion/restoration,False,explicit,Heat_Comm_Valid_8,heat,"[{'donor_text': '# Domain and physical parameters', 'gt_position': 4, 'source_line_in_donor': 4, 'line_inserted': 4}, {'donor_text': '# sinusoidal initial condition', 'gt_position': 9, 'source_line_in_donor': 12, 'line_inserted': 9}, {'donor_text': '# Laplacian eigenvalues in Fourier space', 'gt_position': 13, 'source_line_in_donor': 19, 'line_inserted': 13}, {'donor_text': '# No CFL restriction: solution advances via exact spectral decay factor', 'gt_position': 15, 'source_line_in_donor': 26, 'line_inserted': 15}, {'donor_text': '# Domain and physical parameters', 'gt_position': 23, 'source_line_in_donor': 4, 'line_inserted': 23}, {'donor_text': '# sinusoidal initial condition', 'gt_position': 26, 'source_line_in_donor': 12, 'line_inserted': 26}, {'donor_text': '# Laplacian eigenvalues in Fourier space', 'gt_position': 31, 'source_line_in_donor': 19, 'line_inserted': 31}]",-3.0,7,NavierStokes_5,CorrComm_Invalid,
NavierStokes_NoComm_CorrVar_5,"import numpy as np
foobar_2, foobar_9, foobar_3, foobar_11 = (1.0, 0.1, -1.0, 1.0)
foobar_10, foobar_8 = (51, 60000)
foobar_5 = foobar_2 / (foobar_10 - 1)
foobar_15 = np.linspace(0, foobar_2, foobar_10)
foobar_1 = -foobar_3 / foobar_11
foobar_12 = np.zeros(foobar_10)
foobar_4 = 0.4 * foobar_5 ** 2 / (2 * foobar_9)
foobar_6 = [foobar_12.copy()]
for foobar_7 in range(foobar_8):
    foobar_13 = foobar_12.copy()
    foobar_13[1:-1] = foobar_12[1:-1] + foobar_4 * (foobar_1 + foobar_9 * (foobar_12[2:] - 2 * foobar_12[1:-1] + foobar_12[:-2]) / foobar_5 ** 2)
    foobar_13[0], foobar_13[-1] = (0.0, 0.0)
    foobar_12 = foobar_13
    if foobar_7 % 300 == 0:
        foobar_6.append(foobar_12.copy())
foobar_14 = foobar_1 / (2 * foobar_9) * foobar_15 * (foobar_2 - foobar_15)",17,773,navier-stokes,diffusion/restoration,True,explicit,,,,,0,NavierStokes_5,NoComm_CorrVar,
NavierStokes_NoComm_CorrVar_InValid_5,"import numpy as np
foobar_2, foobar_9, foobar_3, foobar_11 = (1.0, 0.1, -1.0, 1.0)
foobar_10, foobar_8 = (51, 60000)
foobar_5 = foobar_2 / (foobar_10 - 1)
foobar_15 = np.linspace(0, foobar_2, foobar_10)
foobar_1 = -foobar_3 / foobar_11
foobar_12 = np.zeros(foobar_10)
foobar_4 = 0.4 * foobar_5 ** 2 / (2 * foobar_9)
foobar_6 = [foobar_12.copy()]
for foobar_7 in range(foobar_8):
    foobar_13 = foobar_12.copy()
    foobar_13[1:-1] = foobar_12[1:-1] + foobar_4 * (foobar_1 - foobar_9 * (foobar_12[2:] - 2 * foobar_12[1:-1] + foobar_12[:-2]) / foobar_5 ** 2)
    foobar_13[0], foobar_13[-1] = (0.0, 0.0)
    foobar_12 = foobar_13
    if foobar_7 < 60 or foobar_7 % 300 == 0:
        foobar_6.append(foobar_12.copy())
foobar_14 = foobar_1 / (2 * foobar_9) * foobar_15 * (foobar_2 - foobar_15)",17,790,navier-stokes,diffusion/restoration,False,explicit,,,,,0,NavierStokes_5,NoComm_CorrVar_InValid,blows up to NaNs
NavierStokes_NoComm_InValid_5,"import numpy as np


H, nu, dpdx, rho = 1.0, 0.1, -1.0, 1.0
ny, nt = 51, 60000
dy = H / (ny - 1)
y = np.linspace(0, H, ny)
G = -dpdx / rho


u = np.zeros(ny)
dt = 0.4 * dy**2 / (2 * nu)


frames = [u.copy()]
for n in range(nt):
    u_new = u.copy()
    u_new[1:-1] = u[1:-1] + dt * (G - nu * (u[2:] - 2 * u[1:-1] + u[:-2]) / dy**2)
    u_new[0], u_new[-1] = 0.0, 0.0
    u = u_new
    if n < 60 or n % 300 == 0:
        frames.append(u.copy())


u_steady = G / (2 * nu) * y * (H - y)
",26,484,navier-stokes,diffusion/restoration,False,explicit,,,,,0,NavierStokes_5,NoComm_InValid,blows up to NaNs
NavierStokes_NoComm_Valid_5,"import numpy as np


H, nu, dpdx, rho = 1.0, 0.1, -1.0, 1.0
ny, nt = 51, 60000
dy = H / (ny - 1)
y = np.linspace(0, H, ny)
G = -dpdx / rho


u = np.zeros(ny)
dt = 0.4 * dy**2 / (2 * nu)


frames = [u.copy()]
for n in range(nt):
    u_new = u.copy()
    u_new[1:-1] = u[1:-1] + dt * (G + nu * (u[2:] - 2 * u[1:-1] + u[:-2]) / dy**2)
    u_new[0], u_new[-1] = 0.0, 0.0
    u = u_new
    if n % 300 == 0:
        frames.append(u.copy())


u_steady = G / (2 * nu) * y * (H - y)
",26,474,navier-stokes,diffusion/restoration,True,explicit,,,,,0,NavierStokes_5,NoComm_Valid,
NavierStokes_Comm_InValid_6,"import numpy as np
from scipy.linalg import solve_banded


# Domain and physical parameters
Ymax, nu, U0 = 1.0, 0.01, 1.0
ny, nt, dt = 201, 4000, 0.0005
dy = Ymax / (ny - 1)
y = np.linspace(0, Ymax, ny)
# diffusion number; Crank-Nicolson is unconditionally stable
r = nu * dt / dy**2


# fluid initially at rest
u = np.zeros(ny)
# wall impulsively set into motion at t=0+
u[0] = U0


n_int = ny - 2
ab = np.zeros((3, n_int))
ab[0, 1:] = -r / 2
ab[1, :] = 1 + r
ab[2, :-1] = -r / 2


frames = [u.copy()]
for n in range(nt):
    rhs = -(r / 2) * u[:-2] + (1 + r) * u[1:-1] - (r / 2) * u[2:]
    # wall boundary contribution folded into the RHS
    rhs[0] += -(r / 2) * U0
    u[1:-1] = solve_banded((1, 1), ab, rhs)
    u[0], u[-1] = U0, 0.0
    if n % 20 == 0:
        frames.append(u.copy())
",36,792,navier-stokes,diffusion,False,implicit,,,,,5,NavierStokes_6,Comm_InValid,values climb up linearly and continuously
NavierStokes_Comm_Valid_6,"import numpy as np
from scipy.linalg import solve_banded


# Domain and physical parameters
Ymax, nu, U0 = 1.0, 0.01, 1.0
ny, nt, dt = 201, 4000, 0.0005
dy = Ymax / (ny - 1)
y = np.linspace(0, Ymax, ny)
# diffusion number; Crank-Nicolson is unconditionally stable
r = nu * dt / dy**2


# fluid initially at rest
u = np.zeros(ny)
# wall impulsively set into motion at t=0+
u[0] = U0


n_int = ny - 2
ab = np.zeros((3, n_int))
ab[0, 1:] = -r / 2
ab[1, :] = 1 + r
ab[2, :-1] = -r / 2


frames = [u.copy()]
for n in range(nt):
    rhs = (r / 2) * u[:-2] + (1 - r) * u[1:-1] + (r / 2) * u[2:]
    # wall boundary contribution folded into the RHS
    rhs[0] += (r / 2) * U0
    u[1:-1] = solve_banded((1, 1), ab, rhs)
    u[0], u[-1] = U0, 0.0
    if n % 20 == 0:
        frames.append(u.copy())
",36,790,navier-stokes,diffusion,True,implicit,,,,,5,NavierStokes_6,Comm_Valid,
NavierStokes_CorrComm_Valid_6,"import numpy as np
from scipy.linalg import solve_banded


# Domain and physical parameters
Ymax, nu, U0 = 1.0, 0.01, 1.0
ny, nt, dt = 201, 4000, 0.0005
dy = Ymax / (ny - 1)
y = np.linspace(0, Ymax, ny)
# sinusoidal initial condition, positive-biased
r = nu * dt / dy**2


# CFL re-checked as the profile steepens
u = np.zeros(ny)
# periodic boundary conditions
u[0] = U0


n_int = ny - 2
ab = np.zeros((3, n_int))
ab[0, 1:] = -r / 2
ab[1, :] = 1 + r
ab[2, :-1] = -r / 2


frames = [u.copy()]
for n in range(nt):
    rhs = (r / 2) * u[:-2] + (1 - r) * u[1:-1] + (r / 2) * u[2:]
    # conservative finite-volume update
    rhs[0] += (r / 2) * U0
    u[1:-1] = solve_banded((1, 1), ab, rhs)
    u[0], u[-1] = U0, 0.0
    if n % 20 == 0:
        frames.append(u.copy())
",36,767,navier-stokes,diffusion,True,implicit,Burgers_Comm_Valid_5,burgers,"[{'donor_text': '# Domain and physical parameters', 'gt_position': 5, 'source_line_in_donor': 4, 'line_inserted': 5}, {'donor_text': '# sinusoidal initial condition, positive-biased', 'gt_position': 10, 'source_line_in_donor': 11, 'line_inserted': 10}, {'donor_text': '# CFL re-checked as the profile steepens', 'gt_position': 14, 'source_line_in_donor': 27, 'line_inserted': 14}, {'donor_text': '# periodic boundary conditions', 'gt_position': 16, 'source_line_in_donor': 30, 'line_inserted': 16}, {'donor_text': '# conservative finite-volume update', 'gt_position': 30, 'source_line_in_donor': 34, 'line_inserted': 30}]",0.0,5,NavierStokes_6,CorrComm,
NavierStokes_CorrComm_InValid_6,"import numpy as np
from scipy.linalg import solve_banded


# Domain and physical parameters
Ymax, nu, U0 = 1.0, 0.01, 1.0
ny, nt, dt = 201, 4000, 0.0005
dy = Ymax / (ny - 1)
y = np.linspace(0, Ymax, ny)
# sinusoidal initial condition, positive-biased
r = nu * dt / dy**2


# CFL re-checked as the profile steepens
u = np.zeros(ny)
# periodic boundary conditions
u[0] = U0


n_int = ny - 2
ab = np.zeros((3, n_int))
ab[0, 1:] = -r / 2
ab[1, :] = 1 + r
ab[2, :-1] = -r / 2


frames = [u.copy()]
for n in range(nt):
    rhs = -(r / 2) * u[:-2] + (1 + r) * u[1:-1] - (r / 2) * u[2:]
    # conservative finite-volume update
    rhs[0] += -(r / 2) * U0
    u[1:-1] = solve_banded((1, 1), ab, rhs)
    u[0], u[-1] = U0, 0.0
    if n % 20 == 0:
        frames.append(u.copy())
",36,769,navier-stokes,diffusion,False,implicit,Burgers_Comm_Valid_5,burgers,"[{'donor_text': '# Domain and physical parameters', 'gt_position': 5, 'source_line_in_donor': 4, 'line_inserted': 5}, {'donor_text': '# sinusoidal initial condition, positive-biased', 'gt_position': 10, 'source_line_in_donor': 11, 'line_inserted': 10}, {'donor_text': '# CFL re-checked as the profile steepens', 'gt_position': 14, 'source_line_in_donor': 27, 'line_inserted': 14}, {'donor_text': '# periodic boundary conditions', 'gt_position': 16, 'source_line_in_donor': 30, 'line_inserted': 16}, {'donor_text': '# conservative finite-volume update', 'gt_position': 30, 'source_line_in_donor': 34, 'line_inserted': 30}]",0.0,5,NavierStokes_6,CorrComm_Invalid,
NavierStokes_NoComm_CorrVar_6,"import numpy as np
from scipy.linalg import solve_banded
foobar_2, foobar_10, foobar_1 = (1.0, 0.01, 1.0)
foobar_11, foobar_9, foobar_4 = (201, 4000, 0.0005)
foobar_5 = foobar_2 / (foobar_11 - 1)
foobar_15 = np.linspace(0, foobar_2, foobar_11)
foobar_12 = foobar_10 * foobar_4 / foobar_5 ** 2
foobar_14 = np.zeros(foobar_11)
foobar_14[0] = foobar_1
foobar_8 = foobar_11 - 2
foobar_3 = np.zeros((3, foobar_8))
foobar_3[0, 1:] = -foobar_12 / 2
foobar_3[1, :] = 1 + foobar_12
foobar_3[2, :-1] = -foobar_12 / 2
foobar_6 = [foobar_14.copy()]
for foobar_7 in range(foobar_9):
    foobar_13 = foobar_12 / 2 * foobar_14[:-2] + (1 - foobar_12) * foobar_14[1:-1] + foobar_12 / 2 * foobar_14[2:]
    foobar_13[0] += foobar_12 / 2 * foobar_1
    foobar_14[1:-1] = solve_banded((1, 1), foobar_3, foobar_13)
    foobar_14[0], foobar_14[-1] = (foobar_1, 0.0)
    if foobar_7 % 20 == 0:
        foobar_6.append(foobar_14.copy())",22,912,navier-stokes,diffusion,True,implicit,,,,,0,NavierStokes_6,NoComm_CorrVar,
NavierStokes_NoComm_CorrVar_InValid_6,"import numpy as np
from scipy.linalg import solve_banded
foobar_2, foobar_10, foobar_1 = (1.0, 0.01, 1.0)
foobar_11, foobar_9, foobar_4 = (201, 4000, 0.0005)
foobar_5 = foobar_2 / (foobar_11 - 1)
foobar_15 = np.linspace(0, foobar_2, foobar_11)
foobar_12 = foobar_10 * foobar_4 / foobar_5 ** 2
foobar_14 = np.zeros(foobar_11)
foobar_14[0] = foobar_1
foobar_8 = foobar_11 - 2
foobar_3 = np.zeros((3, foobar_8))
foobar_3[0, 1:] = -foobar_12 / 2
foobar_3[1, :] = 1 + foobar_12
foobar_3[2, :-1] = -foobar_12 / 2
foobar_6 = [foobar_14.copy()]
for foobar_7 in range(foobar_9):
    foobar_13 = -(foobar_12 / 2) * foobar_14[:-2] + (1 + foobar_12) * foobar_14[1:-1] - foobar_12 / 2 * foobar_14[2:]
    foobar_13[0] += -(foobar_12 / 2) * foobar_1
    foobar_14[1:-1] = solve_banded((1, 1), foobar_3, foobar_13)
    foobar_14[0], foobar_14[-1] = (foobar_1, 0.0)
    if foobar_7 % 20 == 0:
        foobar_6.append(foobar_14.copy())",22,918,navier-stokes,diffusion,False,implicit,,,,,0,NavierStokes_6,NoComm_CorrVar_InValid,values climb up linearly and continuously
NavierStokes_NoComm_InValid_6,"import numpy as np
from scipy.linalg import solve_banded


Ymax, nu, U0 = 1.0, 0.01, 1.0
ny, nt, dt = 201, 4000, 0.0005
dy = Ymax / (ny - 1)
y = np.linspace(0, Ymax, ny)
r = nu * dt / dy**2


u = np.zeros(ny)
u[0] = U0


n_int = ny - 2
ab = np.zeros((3, n_int))
ab[0, 1:] = -r / 2
ab[1, :] = 1 + r
ab[2, :-1] = -r / 2


frames = [u.copy()]
for n in range(nt):
    rhs = -(r / 2) * u[:-2] + (1 + r) * u[1:-1] - (r / 2) * u[2:]
    rhs[0] += -(r / 2) * U0
    u[1:-1] = solve_banded((1, 1), ab, rhs)
    u[0], u[-1] = U0, 0.0
    if n % 20 == 0:
        frames.append(u.copy())
",31,576,navier-stokes,diffusion,False,implicit,,,,,0,NavierStokes_6,NoComm_InValid,values climb up linearly and continuously
NavierStokes_NoComm_Valid_6,"import numpy as np
from scipy.linalg import solve_banded


Ymax, nu, U0 = 1.0, 0.01, 1.0
ny, nt, dt = 201, 4000, 0.0005
dy = Ymax / (ny - 1)
y = np.linspace(0, Ymax, ny)
r = nu * dt / dy**2


u = np.zeros(ny)
u[0] = U0


n_int = ny - 2
ab = np.zeros((3, n_int))
ab[0, 1:] = -r / 2
ab[1, :] = 1 + r
ab[2, :-1] = -r / 2


frames = [u.copy()]
for n in range(nt):
    rhs = (r / 2) * u[:-2] + (1 - r) * u[1:-1] + (r / 2) * u[2:]
    rhs[0] += (r / 2) * U0
    u[1:-1] = solve_banded((1, 1), ab, rhs)
    u[0], u[-1] = U0, 0.0
    if n % 20 == 0:
        frames.append(u.copy())
",31,574,navier-stokes,diffusion,True,implicit,,,,,0,NavierStokes_6,NoComm_Valid,
NavierStokes_Comm_InValid_7,"import numpy as np


# Domain and physical parameters
nx, ny, nu, rho = 71, 71, 0.05, 1.0
Lx, Ly = 1.0, 1.0
dx, dy = Lx / (nx - 1), Ly / (ny - 1)
x = np.linspace(0, Lx, nx)
y = np.linspace(0, Ly, ny)
X, Y = np.meshgrid(x, y, indexing=""ij"")


u = np.zeros((nx, ny)); v = np.zeros((nx, ny)); p = np.zeros((nx, ny))
u_lid = 1.0
# advective + diffusive stability bound
dt = 0.2 * min(dx / u_lid, dx**2 / (4 * nu))
nt, nit = 6200, 60


def pressure_poisson(p, b):
    for _ in range(nit):
        pn = p.copy()
        p[1:-1, 1:-1] = ((pn[2:, 1:-1] + pn[:-2, 1:-1]) * dy**2
                          + (pn[1:-1, 2:] + pn[1:-1, :-2]) * dx**2
                          - b[1:-1, 1:-1] * dx**2 * dy**2) / (2 * (dx**2 + dy**2))
        p[:, -1] = p[:, -2]
        p[:, 0] = p[:, 1]
        p[0, :] = p[1, :]
        # reference pressure to fix the null space
        p[-1, :] = 0.0
    return p


frames_speed = [np.sqrt(u**2 + v**2)]
frames_uv = [(u.copy(), v.copy())]
for n in range(nt):
    un, vn = u.copy(), v.copy()
    b = np.zeros((nx, ny))
    # RHS built from the divergence of the tentative velocity
    b[1:-1, 1:-1] = rho * (
        (1 / dt) * ((un[2:, 1:-1] - un[:-2, 1:-1]) / (2 * dx) + (vn[1:-1, 2:] - vn[1:-1, :-2]) / (2 * dy))
        - ((un[2:, 1:-1] - un[:-2, 1:-1]) / (2 * dx)) ** 2
        - 2 * ((un[1:-1, 2:] - un[1:-1, :-2]) / (2 * dy) * (vn[2:, 1:-1] - vn[:-2, 1:-1]) / (2 * dx))
        - ((vn[1:-1, 2:] - vn[1:-1, :-2]) / (2 * dy)) ** 2
    )
    p = pressure_poisson(p, b)


    u[1:-1, 1:-1] = (un[1:-1, 1:-1]
        - dt / (2 * dx) * un[1:-1, 1:-1] * (un[2:, 1:-1] - un[:-2, 1:-1])
        - dt / (2 * dy) * vn[1:-1, 1:-1] * (un[1:-1, 2:] - un[1:-1, :-2])
        + dt / (2 * rho * dx) * (p[2:, 1:-1] - p[:-2, 1:-1])
        + nu * dt * ((un[2:, 1:-1] - 2 * un[1:-1, 1:-1] + un[:-2, 1:-1]) / dx**2
                     # projected velocity update
                     + (un[1:-1, 2:] - 2 * un[1:-1, 1:-1] + un[1:-1, :-2]) / dy**2))


    v[1:-1, 1:-1] = (vn[1:-1, 1:-1]
        - dt / (2 * dx) * un[1:-1, 1:-1] * (vn[2:, 1:-1] - vn[:-2, 1:-1])
        - dt / (2 * dy) * vn[1:-1, 1:-1] * (vn[1:-1, 2:] - vn[1:-1, :-2])
        + dt / (2 * rho * dy) * (p[1:-1, 2:] - p[1:-1, :-2])
        + nu * dt * ((vn[2:, 1:-1] - 2 * vn[1:-1, 1:-1] + vn[:-2, 1:-1]) / dx**2
                     + (vn[1:-1, 2:] - 2 * vn[1:-1, 1:-1] + vn[1:-1, :-2]) / dy**2))


    # no-slip walls, moving lid
    u[0, :] = 0; u[-1, :] = 0; u[:, 0] = 0; u[:, -1] = u_lid
    v[0, :] = 0; v[-1, :] = 0; v[:, 0] = 0; v[:, -1] = 0
    # capture densely early since blow-up is very fast
    if n < 30 or n % 62 == 0:
        frames_speed.append(np.sqrt(u**2 + v**2))
        frames_uv.append((u.copy(), v.copy()))


# subsample the vector field so quiver arrows stay legible
skip = 4
",77,2774,navier-stokes,advection/diffusion,False,explicit/implicit,,,,,8,NavierStokes_7,Comm_InValid,NaNs very early on
NavierStokes_Comm_Valid_7,"import numpy as np


# Domain and physical parameters
nx, ny, nu, rho = 71, 71, 0.05, 1.0
Lx, Ly = 1.0, 1.0
dx, dy = Lx / (nx - 1), Ly / (ny - 1)
x = np.linspace(0, Lx, nx)
y = np.linspace(0, Ly, ny)
X, Y = np.meshgrid(x, y, indexing=""ij"")


u = np.zeros((nx, ny)); v = np.zeros((nx, ny)); p = np.zeros((nx, ny))
u_lid = 1.0
# advective + diffusive stability bound
dt = 0.2 * min(dx / u_lid, dx**2 / (4 * nu))
nt, nit = 6200, 60


def pressure_poisson(p, b):
    for _ in range(nit):
        pn = p.copy()
        p[1:-1, 1:-1] = ((pn[2:, 1:-1] + pn[:-2, 1:-1]) * dy**2
                          + (pn[1:-1, 2:] + pn[1:-1, :-2]) * dx**2
                          - b[1:-1, 1:-1] * dx**2 * dy**2) / (2 * (dx**2 + dy**2))
        p[:, -1] = p[:, -2]
        p[:, 0] = p[:, 1]
        p[0, :] = p[1, :]
        # reference pressure to fix the null space
        p[-1, :] = 0.0
    return p


frames_speed = [np.sqrt(u**2 + v**2)]
frames_uv = [(u.copy(), v.copy())]
for n in range(nt):
    un, vn = u.copy(), v.copy()
    b = np.zeros((nx, ny))
    # RHS built from the divergence of the tentative velocity
    b[1:-1, 1:-1] = rho * (
        (1 / dt) * ((un[2:, 1:-1] - un[:-2, 1:-1]) / (2 * dx) + (vn[1:-1, 2:] - vn[1:-1, :-2]) / (2 * dy))
        - ((un[2:, 1:-1] - un[:-2, 1:-1]) / (2 * dx)) ** 2
        - 2 * ((un[1:-1, 2:] - un[1:-1, :-2]) / (2 * dy) * (vn[2:, 1:-1] - vn[:-2, 1:-1]) / (2 * dx))
        - ((vn[1:-1, 2:] - vn[1:-1, :-2]) / (2 * dy)) ** 2
    )
    p = pressure_poisson(p, b)


    u[1:-1, 1:-1] = (un[1:-1, 1:-1]
        - dt / (2 * dx) * un[1:-1, 1:-1] * (un[2:, 1:-1] - un[:-2, 1:-1])
        - dt / (2 * dy) * vn[1:-1, 1:-1] * (un[1:-1, 2:] - un[1:-1, :-2])
        - dt / (2 * rho * dx) * (p[2:, 1:-1] - p[:-2, 1:-1])
        + nu * dt * ((un[2:, 1:-1] - 2 * un[1:-1, 1:-1] + un[:-2, 1:-1]) / dx**2
                     # projected velocity update
                     + (un[1:-1, 2:] - 2 * un[1:-1, 1:-1] + un[1:-1, :-2]) / dy**2))


    v[1:-1, 1:-1] = (vn[1:-1, 1:-1]
        - dt / (2 * dx) * un[1:-1, 1:-1] * (vn[2:, 1:-1] - vn[:-2, 1:-1])
        - dt / (2 * dy) * vn[1:-1, 1:-1] * (vn[1:-1, 2:] - vn[1:-1, :-2])
        - dt / (2 * rho * dy) * (p[1:-1, 2:] - p[1:-1, :-2])
        + nu * dt * ((vn[2:, 1:-1] - 2 * vn[1:-1, 1:-1] + vn[:-2, 1:-1]) / dx**2
                     + (vn[1:-1, 2:] - 2 * vn[1:-1, 1:-1] + vn[1:-1, :-2]) / dy**2))


    # no-slip walls, moving lid
    u[0, :] = 0; u[-1, :] = 0; u[:, 0] = 0; u[:, -1] = u_lid
    v[0, :] = 0; v[-1, :] = 0; v[:, 0] = 0; v[:, -1] = 0
    if n % 62 == 0:
        frames_speed.append(np.sqrt(u**2 + v**2))
        frames_uv.append((u.copy(), v.copy()))


# subsample the vector field so quiver arrows stay legible
skip = 4
",76,2709,navier-stokes,advection/diffusion,True,explicit/implicit,,,,,7,NavierStokes_7,Comm_Valid,
NavierStokes_CorrComm_Valid_7,"import numpy as np


# Domain and physical parameters
nx, ny, nu, rho = 71, 71, 0.05, 1.0
Lx, Ly = 1.0, 1.0
dx, dy = Lx / (nx - 1), Ly / (ny - 1)
x = np.linspace(0, Lx, nx)
y = np.linspace(0, Ly, ny)
X, Y = np.meshgrid(x, y, indexing=""ij"")


u = np.zeros((nx, ny)); v = np.zeros((nx, ny)); p = np.zeros((nx, ny))
u_lid = 1.0
# sinusoidal shear-layer initial condition
dt = 0.2 * min(dx / u_lid, dx**2 / (4 * nu))
nt, nit = 6200, 60


def pressure_poisson(p, b):
    for _ in range(nit):
        pn = p.copy()
        p[1:-1, 1:-1] = ((pn[2:, 1:-1] + pn[:-2, 1:-1]) * dy**2
                          + (pn[1:-1, 2:] + pn[1:-1, :-2]) * dx**2
                          - b[1:-1, 1:-1] * dx**2 * dy**2) / (2 * (dx**2 + dy**2))
        p[:, -1] = p[:, -2]
        p[:, 0] = p[:, 1]
        p[0, :] = p[1, :]
        # advective + diffusive CFL, 2D
        p[-1, :] = 0.0
    return p


frames_speed = [np.sqrt(u**2 + v**2)]
frames_uv = [(u.copy(), v.copy())]
for n in range(nt):
    un, vn = u.copy(), v.copy()
    b = np.zeros((nx, ny))
    # subsample for the quiver overlay so arrows stay readable
    b[1:-1, 1:-1] = rho * (
        (1 / dt) * ((un[2:, 1:-1] - un[:-2, 1:-1]) / (2 * dx) + (vn[1:-1, 2:] - vn[1:-1, :-2]) / (2 * dy))
        - ((un[2:, 1:-1] - un[:-2, 1:-1]) / (2 * dx)) ** 2
        - 2 * ((un[1:-1, 2:] - un[1:-1, :-2]) / (2 * dy) * (vn[2:, 1:-1] - vn[:-2, 1:-1]) / (2 * dx))
        - ((vn[1:-1, 2:] - vn[1:-1, :-2]) / (2 * dy)) ** 2
    )
    p = pressure_poisson(p, b)


    u[1:-1, 1:-1] = (un[1:-1, 1:-1]
        - dt / (2 * dx) * un[1:-1, 1:-1] * (un[2:, 1:-1] - un[:-2, 1:-1])
        - dt / (2 * dy) * vn[1:-1, 1:-1] * (un[1:-1, 2:] - un[1:-1, :-2])
        - dt / (2 * rho * dx) * (p[2:, 1:-1] - p[:-2, 1:-1])
        + nu * dt * ((un[2:, 1:-1] - 2 * un[1:-1, 1:-1] + un[:-2, 1:-1]) / dx**2
                     # coupled momentum update
                     + (un[1:-1, 2:] - 2 * un[1:-1, 1:-1] + un[1:-1, :-2]) / dy**2))


    v[1:-1, 1:-1] = (vn[1:-1, 1:-1]
        - dt / (2 * dx) * un[1:-1, 1:-1] * (vn[2:, 1:-1] - vn[:-2, 1:-1])
        - dt / (2 * dy) * vn[1:-1, 1:-1] * (vn[1:-1, 2:] - vn[1:-1, :-2])
        - dt / (2 * rho * dy) * (p[1:-1, 2:] - p[1:-1, :-2])
        + nu * dt * ((vn[2:, 1:-1] - 2 * vn[1:-1, 1:-1] + vn[:-2, 1:-1]) / dx**2
                     + (vn[1:-1, 2:] - 2 * vn[1:-1, 1:-1] + vn[1:-1, :-2]) / dy**2))


    # Domain and physical parameters
    u[0, :] = 0; u[-1, :] = 0; u[:, 0] = 0; u[:, -1] = u_lid
    v[0, :] = 0; v[-1, :] = 0; v[:, 0] = 0; v[:, -1] = 0
    if n % 62 == 0:
        frames_speed.append(np.sqrt(u**2 + v**2))
        frames_uv.append((u.copy(), v.copy()))


# sinusoidal shear-layer initial condition
skip = 4
",76,2689,navier-stokes,advection/diffusion,True,explicit/implicit,Burgers_Comm_Valid_8,burgers,"[{'donor_text': '# Domain and physical parameters', 'gt_position': 4, 'source_line_in_donor': 4, 'line_inserted': 4}, {'donor_text': '# sinusoidal shear-layer initial condition', 'gt_position': 15, 'source_line_in_donor': 13, 'line_inserted': 15}, {'donor_text': '# advective + diffusive CFL, 2D', 'gt_position': 29, 'source_line_in_donor': 20, 'line_inserted': 29}, {'donor_text': '# subsample for the quiver overlay so arrows stay readable', 'gt_position': 39, 'source_line_in_donor': 31, 'line_inserted': 39}, {'donor_text': '# coupled momentum update', 'gt_position': 54, 'source_line_in_donor': 39, 'line_inserted': 54}, {'donor_text': '# Domain and physical parameters', 'gt_position': 66, 'source_line_in_donor': 4, 'line_inserted': 66}, {'donor_text': '# sinusoidal shear-layer initial condition', 'gt_position': 74, 'source_line_in_donor': 13, 'line_inserted': 74}]",-2.0,7,NavierStokes_7,CorrComm,
NavierStokes_CorrComm_InValid_7,"import numpy as np


# Domain and physical parameters
nx, ny, nu, rho = 71, 71, 0.05, 1.0
Lx, Ly = 1.0, 1.0
dx, dy = Lx / (nx - 1), Ly / (ny - 1)
x = np.linspace(0, Lx, nx)
y = np.linspace(0, Ly, ny)
X, Y = np.meshgrid(x, y, indexing=""ij"")


u = np.zeros((nx, ny)); v = np.zeros((nx, ny)); p = np.zeros((nx, ny))
u_lid = 1.0
# sinusoidal shear-layer initial condition
dt = 0.2 * min(dx / u_lid, dx**2 / (4 * nu))
nt, nit = 6200, 60


def pressure_poisson(p, b):
    for _ in range(nit):
        pn = p.copy()
        p[1:-1, 1:-1] = ((pn[2:, 1:-1] + pn[:-2, 1:-1]) * dy**2
                          + (pn[1:-1, 2:] + pn[1:-1, :-2]) * dx**2
                          - b[1:-1, 1:-1] * dx**2 * dy**2) / (2 * (dx**2 + dy**2))
        p[:, -1] = p[:, -2]
        p[:, 0] = p[:, 1]
        p[0, :] = p[1, :]
        # advective + diffusive CFL, 2D
        p[-1, :] = 0.0
    return p


frames_speed = [np.sqrt(u**2 + v**2)]
frames_uv = [(u.copy(), v.copy())]
for n in range(nt):
    un, vn = u.copy(), v.copy()
    b = np.zeros((nx, ny))
    # subsample for the quiver overlay so arrows stay readable
    b[1:-1, 1:-1] = rho * (
        (1 / dt) * ((un[2:, 1:-1] - un[:-2, 1:-1]) / (2 * dx) + (vn[1:-1, 2:] - vn[1:-1, :-2]) / (2 * dy))
        - ((un[2:, 1:-1] - un[:-2, 1:-1]) / (2 * dx)) ** 2
        - 2 * ((un[1:-1, 2:] - un[1:-1, :-2]) / (2 * dy) * (vn[2:, 1:-1] - vn[:-2, 1:-1]) / (2 * dx))
        - ((vn[1:-1, 2:] - vn[1:-1, :-2]) / (2 * dy)) ** 2
    )
    p = pressure_poisson(p, b)


    u[1:-1, 1:-1] = (un[1:-1, 1:-1]
        - dt / (2 * dx) * un[1:-1, 1:-1] * (un[2:, 1:-1] - un[:-2, 1:-1])
        - dt / (2 * dy) * vn[1:-1, 1:-1] * (un[1:-1, 2:] - un[1:-1, :-2])
        + dt / (2 * rho * dx) * (p[2:, 1:-1] - p[:-2, 1:-1])
        + nu * dt * ((un[2:, 1:-1] - 2 * un[1:-1, 1:-1] + un[:-2, 1:-1]) / dx**2
                     # coupled momentum update
                     + (un[1:-1, 2:] - 2 * un[1:-1, 1:-1] + un[1:-1, :-2]) / dy**2))


    v[1:-1, 1:-1] = (vn[1:-1, 1:-1]
        - dt / (2 * dx) * un[1:-1, 1:-1] * (vn[2:, 1:-1] - vn[:-2, 1:-1])
        - dt / (2 * dy) * vn[1:-1, 1:-1] * (vn[1:-1, 2:] - vn[1:-1, :-2])
        + dt / (2 * rho * dy) * (p[1:-1, 2:] - p[1:-1, :-2])
        + nu * dt * ((vn[2:, 1:-1] - 2 * vn[1:-1, 1:-1] + vn[:-2, 1:-1]) / dx**2
                     + (vn[1:-1, 2:] - 2 * vn[1:-1, 1:-1] + vn[1:-1, :-2]) / dy**2))


    # Domain and physical parameters
    u[0, :] = 0; u[-1, :] = 0; u[:, 0] = 0; u[:, -1] = u_lid
    v[0, :] = 0; v[-1, :] = 0; v[:, 0] = 0; v[:, -1] = 0
    # sinusoidal shear-layer initial condition
    if n < 30 or n % 62 == 0:
        frames_speed.append(np.sqrt(u**2 + v**2))
        frames_uv.append((u.copy(), v.copy()))


# advective + diffusive CFL, 2D
skip = 4
",77,2735,navier-stokes,advection/diffusion,False,explicit/implicit,Burgers_Comm_Valid_8,burgers,"[{'donor_text': '# Domain and physical parameters', 'gt_position': 4, 'source_line_in_donor': 4, 'line_inserted': 4}, {'donor_text': '# sinusoidal shear-layer initial condition', 'gt_position': 15, 'source_line_in_donor': 13, 'line_inserted': 15}, {'donor_text': '# advective + diffusive CFL, 2D', 'gt_position': 29, 'source_line_in_donor': 20, 'line_inserted': 29}, {'donor_text': '# subsample for the quiver overlay so arrows stay readable', 'gt_position': 39, 'source_line_in_donor': 31, 'line_inserted': 39}, {'donor_text': '# coupled momentum update', 'gt_position': 54, 'source_line_in_donor': 39, 'line_inserted': 54}, {'donor_text': '# Domain and physical parameters', 'gt_position': 66, 'source_line_in_donor': 4, 'line_inserted': 66}, {'donor_text': '# sinusoidal shear-layer initial condition', 'gt_position': 69, 'source_line_in_donor': 13, 'line_inserted': 69}, {'donor_text': '# advective + diffusive CFL, 2D', 'gt_position': 75, 'source_line_in_donor': 20, 'line_inserted': 75}]",-3.0,8,NavierStokes_7,CorrComm_Invalid,
NavierStokes_NoComm_CorrVar_7,"import numpy as np
foobar_16, foobar_17, foobar_15, foobar_20 = (71, 71, 0.05, 1.0)
foobar_1, foobar_2 = (1.0, 1.0)
foobar_8, foobar_9 = (foobar_1 / (foobar_16 - 1), foobar_2 / (foobar_17 - 1))
foobar_27 = np.linspace(0, foobar_1, foobar_16)
foobar_28 = np.linspace(0, foobar_2, foobar_17)
foobar_3, foobar_4 = np.meshgrid(foobar_27, foobar_28, indexing='ij')
foobar_22 = np.zeros((foobar_16, foobar_17))
foobar_25 = np.zeros((foobar_16, foobar_17))
foobar_18 = np.zeros((foobar_16, foobar_17))
foobar_23 = 1.0
foobar_7 = 0.2 * min(foobar_8 / foobar_23, foobar_8 ** 2 / (4 * foobar_15))
foobar_14, foobar_13 = (6200, 60)

def fn1(foobar_18, foobar_6):
    for foobar_5 in range(foobar_13):
        foobar_19 = foobar_18.copy()
        foobar_18[1:-1, 1:-1] = ((foobar_19[2:, 1:-1] + foobar_19[:-2, 1:-1]) * foobar_9 ** 2 + (foobar_19[1:-1, 2:] + foobar_19[1:-1, :-2]) * foobar_8 ** 2 - foobar_6[1:-1, 1:-1] * foobar_8 ** 2 * foobar_9 ** 2) / (2 * (foobar_8 ** 2 + foobar_9 ** 2))
        foobar_18[:, -1] = foobar_18[:, -2]
        foobar_18[:, 0] = foobar_18[:, 1]
        foobar_18[0, :] = foobar_18[1, :]
        foobar_18[-1, :] = 0.0
    return foobar_18
foobar_10 = [np.sqrt(foobar_22 ** 2 + foobar_25 ** 2)]
foobar_11 = [(foobar_22.copy(), foobar_25.copy())]
for foobar_12 in range(foobar_14):
    foobar_24, foobar_26 = (foobar_22.copy(), foobar_25.copy())
    foobar_6 = np.zeros((foobar_16, foobar_17))
    foobar_6[1:-1, 1:-1] = foobar_20 * (1 / foobar_7 * ((foobar_24[2:, 1:-1] - foobar_24[:-2, 1:-1]) / (2 * foobar_8) + (foobar_26[1:-1, 2:] - foobar_26[1:-1, :-2]) / (2 * foobar_9)) - ((foobar_24[2:, 1:-1] - foobar_24[:-2, 1:-1]) / (2 * foobar_8)) ** 2 - 2 * ((foobar_24[1:-1, 2:] - foobar_24[1:-1, :-2]) / (2 * foobar_9) * (foobar_26[2:, 1:-1] - foobar_26[:-2, 1:-1]) / (2 * foobar_8)) - ((foobar_26[1:-1, 2:] - foobar_26[1:-1, :-2]) / (2 * foobar_9)) ** 2)
    foobar_18 = fn1(foobar_18, foobar_6)
    foobar_22[1:-1, 1:-1] = foobar_24[1:-1, 1:-1] - foobar_7 / (2 * foobar_8) * foobar_24[1:-1, 1:-1] * (foobar_24[2:, 1:-1] - foobar_24[:-2, 1:-1]) - foobar_7 / (2 * foobar_9) * foobar_26[1:-1, 1:-1] * (foobar_24[1:-1, 2:] - foobar_24[1:-1, :-2]) - foobar_7 / (2 * foobar_20 * foobar_8) * (foobar_18[2:, 1:-1] - foobar_18[:-2, 1:-1]) + foobar_15 * foobar_7 * ((foobar_24[2:, 1:-1] - 2 * foobar_24[1:-1, 1:-1] + foobar_24[:-2, 1:-1]) / foobar_8 ** 2 + (foobar_24[1:-1, 2:] - 2 * foobar_24[1:-1, 1:-1] + foobar_24[1:-1, :-2]) / foobar_9 ** 2)
    foobar_25[1:-1, 1:-1] = foobar_26[1:-1, 1:-1] - foobar_7 / (2 * foobar_8) * foobar_24[1:-1, 1:-1] * (foobar_26[2:, 1:-1] - foobar_26[:-2, 1:-1]) - foobar_7 / (2 * foobar_9) * foobar_26[1:-1, 1:-1] * (foobar_26[1:-1, 2:] - foobar_26[1:-1, :-2]) - foobar_7 / (2 * foobar_20 * foobar_9) * (foobar_18[1:-1, 2:] - foobar_18[1:-1, :-2]) + foobar_15 * foobar_7 * ((foobar_26[2:, 1:-1] - 2 * foobar_26[1:-1, 1:-1] + foobar_26[:-2, 1:-1]) / foobar_8 ** 2 + (foobar_26[1:-1, 2:] - 2 * foobar_26[1:-1, 1:-1] + foobar_26[1:-1, :-2]) / foobar_9 ** 2)
    foobar_22[0, :] = 0
    foobar_22[-1, :] = 0
    foobar_22[:, 0] = 0
    foobar_22[:, -1] = foobar_23
    foobar_25[0, :] = 0
    foobar_25[-1, :] = 0
    foobar_25[:, 0] = 0
    foobar_25[:, -1] = 0
    if foobar_12 % 62 == 0:
        foobar_10.append(np.sqrt(foobar_22 ** 2 + foobar_25 ** 2))
        foobar_11.append((foobar_22.copy(), foobar_25.copy()))
foobar_21 = 4",44,3373,navier-stokes,advection/diffusion,True,explicit/implicit,,,,,0,NavierStokes_7,NoComm_CorrVar,
NavierStokes_NoComm_CorrVar_InValid_7,"import numpy as np
foobar_16, foobar_17, foobar_15, foobar_20 = (71, 71, 0.05, 1.0)
foobar_1, foobar_2 = (1.0, 1.0)
foobar_8, foobar_9 = (foobar_1 / (foobar_16 - 1), foobar_2 / (foobar_17 - 1))
foobar_27 = np.linspace(0, foobar_1, foobar_16)
foobar_28 = np.linspace(0, foobar_2, foobar_17)
foobar_3, foobar_4 = np.meshgrid(foobar_27, foobar_28, indexing='ij')
foobar_22 = np.zeros((foobar_16, foobar_17))
foobar_25 = np.zeros((foobar_16, foobar_17))
foobar_18 = np.zeros((foobar_16, foobar_17))
foobar_23 = 1.0
foobar_7 = 0.2 * min(foobar_8 / foobar_23, foobar_8 ** 2 / (4 * foobar_15))
foobar_14, foobar_13 = (6200, 60)

def fn1(foobar_18, foobar_6):
    for foobar_5 in range(foobar_13):
        foobar_19 = foobar_18.copy()
        foobar_18[1:-1, 1:-1] = ((foobar_19[2:, 1:-1] + foobar_19[:-2, 1:-1]) * foobar_9 ** 2 + (foobar_19[1:-1, 2:] + foobar_19[1:-1, :-2]) * foobar_8 ** 2 - foobar_6[1:-1, 1:-1] * foobar_8 ** 2 * foobar_9 ** 2) / (2 * (foobar_8 ** 2 + foobar_9 ** 2))
        foobar_18[:, -1] = foobar_18[:, -2]
        foobar_18[:, 0] = foobar_18[:, 1]
        foobar_18[0, :] = foobar_18[1, :]
        foobar_18[-1, :] = 0.0
    return foobar_18
foobar_10 = [np.sqrt(foobar_22 ** 2 + foobar_25 ** 2)]
foobar_11 = [(foobar_22.copy(), foobar_25.copy())]
for foobar_12 in range(foobar_14):
    foobar_24, foobar_26 = (foobar_22.copy(), foobar_25.copy())
    foobar_6 = np.zeros((foobar_16, foobar_17))
    foobar_6[1:-1, 1:-1] = foobar_20 * (1 / foobar_7 * ((foobar_24[2:, 1:-1] - foobar_24[:-2, 1:-1]) / (2 * foobar_8) + (foobar_26[1:-1, 2:] - foobar_26[1:-1, :-2]) / (2 * foobar_9)) - ((foobar_24[2:, 1:-1] - foobar_24[:-2, 1:-1]) / (2 * foobar_8)) ** 2 - 2 * ((foobar_24[1:-1, 2:] - foobar_24[1:-1, :-2]) / (2 * foobar_9) * (foobar_26[2:, 1:-1] - foobar_26[:-2, 1:-1]) / (2 * foobar_8)) - ((foobar_26[1:-1, 2:] - foobar_26[1:-1, :-2]) / (2 * foobar_9)) ** 2)
    foobar_18 = fn1(foobar_18, foobar_6)
    foobar_22[1:-1, 1:-1] = foobar_24[1:-1, 1:-1] - foobar_7 / (2 * foobar_8) * foobar_24[1:-1, 1:-1] * (foobar_24[2:, 1:-1] - foobar_24[:-2, 1:-1]) - foobar_7 / (2 * foobar_9) * foobar_26[1:-1, 1:-1] * (foobar_24[1:-1, 2:] - foobar_24[1:-1, :-2]) + foobar_7 / (2 * foobar_20 * foobar_8) * (foobar_18[2:, 1:-1] - foobar_18[:-2, 1:-1]) + foobar_15 * foobar_7 * ((foobar_24[2:, 1:-1] - 2 * foobar_24[1:-1, 1:-1] + foobar_24[:-2, 1:-1]) / foobar_8 ** 2 + (foobar_24[1:-1, 2:] - 2 * foobar_24[1:-1, 1:-1] + foobar_24[1:-1, :-2]) / foobar_9 ** 2)
    foobar_25[1:-1, 1:-1] = foobar_26[1:-1, 1:-1] - foobar_7 / (2 * foobar_8) * foobar_24[1:-1, 1:-1] * (foobar_26[2:, 1:-1] - foobar_26[:-2, 1:-1]) - foobar_7 / (2 * foobar_9) * foobar_26[1:-1, 1:-1] * (foobar_26[1:-1, 2:] - foobar_26[1:-1, :-2]) + foobar_7 / (2 * foobar_20 * foobar_9) * (foobar_18[1:-1, 2:] - foobar_18[1:-1, :-2]) + foobar_15 * foobar_7 * ((foobar_26[2:, 1:-1] - 2 * foobar_26[1:-1, 1:-1] + foobar_26[:-2, 1:-1]) / foobar_8 ** 2 + (foobar_26[1:-1, 2:] - 2 * foobar_26[1:-1, 1:-1] + foobar_26[1:-1, :-2]) / foobar_9 ** 2)
    foobar_22[0, :] = 0
    foobar_22[-1, :] = 0
    foobar_22[:, 0] = 0
    foobar_22[:, -1] = foobar_23
    foobar_25[0, :] = 0
    foobar_25[-1, :] = 0
    foobar_25[:, 0] = 0
    foobar_25[:, -1] = 0
    if foobar_12 < 30 or foobar_12 % 62 == 0:
        foobar_10.append(np.sqrt(foobar_22 ** 2 + foobar_25 ** 2))
        foobar_11.append((foobar_22.copy(), foobar_25.copy()))
foobar_21 = 4",44,3391,navier-stokes,advection/diffusion,False,explicit/implicit,,,,,0,NavierStokes_7,NoComm_CorrVar_InValid,NaNs very early on
NavierStokes_NoComm_InValid_7,"import numpy as np


nx, ny, nu, rho = 71, 71, 0.05, 1.0
Lx, Ly = 1.0, 1.0
dx, dy = Lx / (nx - 1), Ly / (ny - 1)
x = np.linspace(0, Lx, nx)
y = np.linspace(0, Ly, ny)
X, Y = np.meshgrid(x, y, indexing=""ij"")


u = np.zeros((nx, ny)); v = np.zeros((nx, ny)); p = np.zeros((nx, ny))
u_lid = 1.0
dt = 0.2 * min(dx / u_lid, dx**2 / (4 * nu))
nt, nit = 6200, 60


def pressure_poisson(p, b):
    for _ in range(nit):
        pn = p.copy()
        p[1:-1, 1:-1] = ((pn[2:, 1:-1] + pn[:-2, 1:-1]) * dy**2
                          + (pn[1:-1, 2:] + pn[1:-1, :-2]) * dx**2
                          - b[1:-1, 1:-1] * dx**2 * dy**2) / (2 * (dx**2 + dy**2))
        p[:, -1] = p[:, -2]
        p[:, 0] = p[:, 1]
        p[0, :] = p[1, :]
        p[-1, :] = 0.0
    return p


frames_speed = [np.sqrt(u**2 + v**2)]
frames_uv = [(u.copy(), v.copy())]
for n in range(nt):
    un, vn = u.copy(), v.copy()
    b = np.zeros((nx, ny))
    b[1:-1, 1:-1] = rho * (
        (1 / dt) * ((un[2:, 1:-1] - un[:-2, 1:-1]) / (2 * dx) + (vn[1:-1, 2:] - vn[1:-1, :-2]) / (2 * dy))
        - ((un[2:, 1:-1] - un[:-2, 1:-1]) / (2 * dx)) ** 2
        - 2 * ((un[1:-1, 2:] - un[1:-1, :-2]) / (2 * dy) * (vn[2:, 1:-1] - vn[:-2, 1:-1]) / (2 * dx))
        - ((vn[1:-1, 2:] - vn[1:-1, :-2]) / (2 * dy)) ** 2
    )
    p = pressure_poisson(p, b)


    u[1:-1, 1:-1] = (un[1:-1, 1:-1]
        - dt / (2 * dx) * un[1:-1, 1:-1] * (un[2:, 1:-1] - un[:-2, 1:-1])
        - dt / (2 * dy) * vn[1:-1, 1:-1] * (un[1:-1, 2:] - un[1:-1, :-2])
        + dt / (2 * rho * dx) * (p[2:, 1:-1] - p[:-2, 1:-1])
        + nu * dt * ((un[2:, 1:-1] - 2 * un[1:-1, 1:-1] + un[:-2, 1:-1]) / dx**2
                     + (un[1:-1, 2:] - 2 * un[1:-1, 1:-1] + un[1:-1, :-2]) / dy**2))


    v[1:-1, 1:-1] = (vn[1:-1, 1:-1]
        - dt / (2 * dx) * un[1:-1, 1:-1] * (vn[2:, 1:-1] - vn[:-2, 1:-1])
        - dt / (2 * dy) * vn[1:-1, 1:-1] * (vn[1:-1, 2:] - vn[1:-1, :-2])
        + dt / (2 * rho * dy) * (p[1:-1, 2:] - p[1:-1, :-2])
        + nu * dt * ((vn[2:, 1:-1] - 2 * vn[1:-1, 1:-1] + vn[:-2, 1:-1]) / dx**2
                     + (vn[1:-1, 2:] - 2 * vn[1:-1, 1:-1] + vn[1:-1, :-2]) / dy**2))


    u[0, :] = 0; u[-1, :] = 0; u[:, 0] = 0; u[:, -1] = u_lid
    v[0, :] = 0; v[-1, :] = 0; v[:, 0] = 0; v[:, -1] = 0
    if n < 30 or n % 62 == 0:
        frames_speed.append(np.sqrt(u**2 + v**2))
        frames_uv.append((u.copy(), v.copy()))


skip = 4
",69,2393,navier-stokes,advection/diffusion,False,explicit/implicit,,,,,0,NavierStokes_7,NoComm_InValid,NaNs very early on
NavierStokes_NoComm_Valid_7,"import numpy as np


nx, ny, nu, rho = 71, 71, 0.05, 1.0
Lx, Ly = 1.0, 1.0
dx, dy = Lx / (nx - 1), Ly / (ny - 1)
x = np.linspace(0, Lx, nx)
y = np.linspace(0, Ly, ny)
X, Y = np.meshgrid(x, y, indexing=""ij"")


u = np.zeros((nx, ny)); v = np.zeros((nx, ny)); p = np.zeros((nx, ny))
u_lid = 1.0
dt = 0.2 * min(dx / u_lid, dx**2 / (4 * nu))
nt, nit = 6200, 60


def pressure_poisson(p, b):
    for _ in range(nit):
        pn = p.copy()
        p[1:-1, 1:-1] = ((pn[2:, 1:-1] + pn[:-2, 1:-1]) * dy**2
                          + (pn[1:-1, 2:] + pn[1:-1, :-2]) * dx**2
                          - b[1:-1, 1:-1] * dx**2 * dy**2) / (2 * (dx**2 + dy**2))
        p[:, -1] = p[:, -2]
        p[:, 0] = p[:, 1]
        p[0, :] = p[1, :]
        p[-1, :] = 0.0
    return p


frames_speed = [np.sqrt(u**2 + v**2)]
frames_uv = [(u.copy(), v.copy())]
for n in range(nt):
    un, vn = u.copy(), v.copy()
    b = np.zeros((nx, ny))
    b[1:-1, 1:-1] = rho * (
        (1 / dt) * ((un[2:, 1:-1] - un[:-2, 1:-1]) / (2 * dx) + (vn[1:-1, 2:] - vn[1:-1, :-2]) / (2 * dy))
        - ((un[2:, 1:-1] - un[:-2, 1:-1]) / (2 * dx)) ** 2
        - 2 * ((un[1:-1, 2:] - un[1:-1, :-2]) / (2 * dy) * (vn[2:, 1:-1] - vn[:-2, 1:-1]) / (2 * dx))
        - ((vn[1:-1, 2:] - vn[1:-1, :-2]) / (2 * dy)) ** 2
    )
    p = pressure_poisson(p, b)


    u[1:-1, 1:-1] = (un[1:-1, 1:-1]
        - dt / (2 * dx) * un[1:-1, 1:-1] * (un[2:, 1:-1] - un[:-2, 1:-1])
        - dt / (2 * dy) * vn[1:-1, 1:-1] * (un[1:-1, 2:] - un[1:-1, :-2])
        - dt / (2 * rho * dx) * (p[2:, 1:-1] - p[:-2, 1:-1])
        + nu * dt * ((un[2:, 1:-1] - 2 * un[1:-1, 1:-1] + un[:-2, 1:-1]) / dx**2
                     + (un[1:-1, 2:] - 2 * un[1:-1, 1:-1] + un[1:-1, :-2]) / dy**2))


    v[1:-1, 1:-1] = (vn[1:-1, 1:-1]
        - dt / (2 * dx) * un[1:-1, 1:-1] * (vn[2:, 1:-1] - vn[:-2, 1:-1])
        - dt / (2 * dy) * vn[1:-1, 1:-1] * (vn[1:-1, 2:] - vn[1:-1, :-2])
        - dt / (2 * rho * dy) * (p[1:-1, 2:] - p[1:-1, :-2])
        + nu * dt * ((vn[2:, 1:-1] - 2 * vn[1:-1, 1:-1] + vn[:-2, 1:-1]) / dx**2
                     + (vn[1:-1, 2:] - 2 * vn[1:-1, 1:-1] + vn[1:-1, :-2]) / dy**2))


    u[0, :] = 0; u[-1, :] = 0; u[:, 0] = 0; u[:, -1] = u_lid
    v[0, :] = 0; v[-1, :] = 0; v[:, 0] = 0; v[:, -1] = 0
    if n % 62 == 0:
        frames_speed.append(np.sqrt(u**2 + v**2))
        frames_uv.append((u.copy(), v.copy()))


skip = 4
",69,2383,navier-stokes,advection/diffusion,True,explicit/implicit,,,,,0,NavierStokes_7,NoComm_Valid,
NavierStokes_Comm_InValid_8,"import numpy as np


# Domain and physical parameters
# near-inviscid: high Reynolds number regime
N, L, nu = 256, 2 * np.pi, 1e-4
x = np.linspace(0, L, N, endpoint=False)
y = np.linspace(0, L, N, endpoint=False)
X, Y = np.meshgrid(x, y, indexing=""ij"")


delta, eps = 0.08, 0.05
u0 = np.where(Y <= np.pi, np.tanh((Y - np.pi / 2) / delta), np.tanh((3 * np.pi / 2 - Y) / delta))
# small perturbation that seeds the Kelvin-Helmholtz roll-up
v0 = eps * np.sin(X)


k = np.fft.fftfreq(N, d=L / N) * 2 * np.pi
KX, KY = np.meshgrid(k, k, indexing=""ij"")
K2 = KX**2 + KY**2
K2safe = np.where(K2 == 0, 1.0, K2)
kmax = N // 3
# 2/3 dealiasing rule
mask = (np.abs(KX) <= kmax) & (np.abs(KY) <= kmax)


def deriv(f_hat, K):
    return np.real(np.fft.ifft2(1j * K * f_hat))


omega_hat = np.fft.fft2(deriv(np.fft.fft2(v0), KX) - deriv(np.fft.fft2(u0), KY))


def velocity(omega_hat):
    psi_hat = omega_hat * K2
    psi_hat[0, 0] = 0.0
    return deriv(psi_hat, KY), -deriv(psi_hat, KX)


def rhs(omega_hat):
    u, v = velocity(omega_hat)
    omega_x = deriv(omega_hat, KX)
    omega_y = deriv(omega_hat, KY)
    nonlinear_hat = np.fft.fft2(u * omega_x + v * omega_y) * mask
    return -nonlinear_hat - nu * K2 * omega_hat


dx = L / N
nt = 400
frames = [np.real(np.fft.ifft2(omega_hat))]


for step in range(nt):
    u, v = velocity(omega_hat)
    speed_max = max(np.max(np.sqrt(u**2 + v**2)), 1e-6)
    # CFL re-checked every step as the layer rolls up and speeds change
    dt = 0.3 * dx / speed_max
    k1 = rhs(omega_hat)
    k2 = rhs(omega_hat + dt * k1)
    # RK2 (Heun) time integration
    omega_hat = omega_hat + dt / 2 * (k1 + k2)
    if step % 4 == 0:
        frames.append(np.real(np.fft.ifft2(omega_hat)))
",64,1708,navier-stokes,advection/diffusion,False,spectral/explicit,,,,,6,NavierStokes_8,Comm_InValid,stays bounded but oscillating heavily between values
NavierStokes_Comm_Valid_8,"import numpy as np


# Domain and physical parameters
# near-inviscid: high Reynolds number regime
N, L, nu = 256, 2 * np.pi, 1e-4
x = np.linspace(0, L, N, endpoint=False)
y = np.linspace(0, L, N, endpoint=False)
X, Y = np.meshgrid(x, y, indexing=""ij"")


delta, eps = 0.08, 0.05
u0 = np.where(Y <= np.pi, np.tanh((Y - np.pi / 2) / delta), np.tanh((3 * np.pi / 2 - Y) / delta))
# small perturbation that seeds the Kelvin-Helmholtz roll-up
v0 = eps * np.sin(X)


k = np.fft.fftfreq(N, d=L / N) * 2 * np.pi
KX, KY = np.meshgrid(k, k, indexing=""ij"")
K2 = KX**2 + KY**2
K2safe = np.where(K2 == 0, 1.0, K2)
kmax = N // 3
# 2/3 dealiasing rule
mask = (np.abs(KX) <= kmax) & (np.abs(KY) <= kmax)


def deriv(f_hat, K):
    return np.real(np.fft.ifft2(1j * K * f_hat))


omega_hat = np.fft.fft2(deriv(np.fft.fft2(v0), KX) - deriv(np.fft.fft2(u0), KY))


def velocity(omega_hat):
    psi_hat = omega_hat / K2safe
    psi_hat[0, 0] = 0.0
    return deriv(psi_hat, KY), -deriv(psi_hat, KX)


def rhs(omega_hat):
    u, v = velocity(omega_hat)
    omega_x = deriv(omega_hat, KX)
    omega_y = deriv(omega_hat, KY)
    nonlinear_hat = np.fft.fft2(u * omega_x + v * omega_y) * mask
    return -nonlinear_hat - nu * K2 * omega_hat


dx = L / N
nt = 400
frames = [np.real(np.fft.ifft2(omega_hat))]


for step in range(nt):
    u, v = velocity(omega_hat)
    speed_max = max(np.max(np.sqrt(u**2 + v**2)), 1e-6)
    # CFL re-checked every step as the layer rolls up and speeds change
    dt = 0.3 * dx / speed_max
    k1 = rhs(omega_hat)
    k2 = rhs(omega_hat + dt * k1)
    # RK2 (Heun) time integration
    omega_hat = omega_hat + dt / 2 * (k1 + k2)
    if step % 4 == 0:
        frames.append(np.real(np.fft.ifft2(omega_hat)))
",64,1712,navier-stokes,advection/diffusion,True,spectral/explicit,,,,,6,NavierStokes_8,Comm_Valid,
NavierStokes_CorrComm_Valid_8,"import numpy as np


# Domain and physical parameters
# CFL condition for FTCS: alpha*dt/dx^2 <= 0.5
N, L, nu = 256, 2 * np.pi, 1e-4
x = np.linspace(0, L, N, endpoint=False)
y = np.linspace(0, L, N, endpoint=False)
X, Y = np.meshgrid(x, y, indexing=""ij"")


delta, eps = 0.08, 0.05
u0 = np.where(Y <= np.pi, np.tanh((Y - np.pi / 2) / delta), np.tanh((3 * np.pi / 2 - Y) / delta))
# Gaussian initial condition
v0 = eps * np.sin(X)


k = np.fft.fftfreq(N, d=L / N) * 2 * np.pi
KX, KY = np.meshgrid(k, k, indexing=""ij"")
K2 = KX**2 + KY**2
K2safe = np.where(K2 == 0, 1.0, K2)
kmax = N // 3
# Dirichlet boundary conditions
mask = (np.abs(KX) <= kmax) & (np.abs(KY) <= kmax)


def deriv(f_hat, K):
    return np.real(np.fft.ifft2(1j * K * f_hat))


omega_hat = np.fft.fft2(deriv(np.fft.fft2(v0), KX) - deriv(np.fft.fft2(u0), KY))


def velocity(omega_hat):
    psi_hat = omega_hat / K2safe
    psi_hat[0, 0] = 0.0
    return deriv(psi_hat, KY), -deriv(psi_hat, KX)


def rhs(omega_hat):
    u, v = velocity(omega_hat)
    omega_x = deriv(omega_hat, KX)
    omega_y = deriv(omega_hat, KY)
    nonlinear_hat = np.fft.fft2(u * omega_x + v * omega_y) * mask
    return -nonlinear_hat - nu * K2 * omega_hat


dx = L / N
nt = 400
frames = [np.real(np.fft.ifft2(omega_hat))]


for step in range(nt):
    u, v = velocity(omega_hat)
    speed_max = max(np.max(np.sqrt(u**2 + v**2)), 1e-6)
    # explicit update
    dt = 0.3 * dx / speed_max
    k1 = rhs(omega_hat)
    k2 = rhs(omega_hat + dt * k1)
    # Domain and physical parameters
    omega_hat = omega_hat + dt / 2 * (k1 + k2)
    if step % 4 == 0:
        frames.append(np.real(np.fft.ifft2(omega_hat)))
",64,1645,navier-stokes,advection/diffusion,True,spectral/explicit,Heat_Comm_Valid_5,heat,"[{'donor_text': '# Domain and physical parameters', 'gt_position': 4, 'source_line_in_donor': 4, 'line_inserted': 4}, {'donor_text': '# CFL condition for FTCS: alpha*dt/dx^2 <= 0.5', 'gt_position': 5, 'source_line_in_donor': 8, 'line_inserted': 5}, {'donor_text': '# Gaussian initial condition', 'gt_position': 14, 'source_line_in_donor': 14, 'line_inserted': 14}, {'donor_text': '# Dirichlet boundary conditions', 'gt_position': 23, 'source_line_in_donor': 16, 'line_inserted': 23}, {'donor_text': '# explicit update', 'gt_position': 56, 'source_line_in_donor': 26, 'line_inserted': 56}, {'donor_text': '# Domain and physical parameters', 'gt_position': 60, 'source_line_in_donor': 4, 'line_inserted': 60}]",-1.0,6,NavierStokes_8,CorrComm,
NavierStokes_CorrComm_InValid_8,"import numpy as np


# Domain and physical parameters
# CFL condition for FTCS: alpha*dt/dx^2 <= 0.5
N, L, nu = 256, 2 * np.pi, 1e-4
x = np.linspace(0, L, N, endpoint=False)
y = np.linspace(0, L, N, endpoint=False)
X, Y = np.meshgrid(x, y, indexing=""ij"")


delta, eps = 0.08, 0.05
u0 = np.where(Y <= np.pi, np.tanh((Y - np.pi / 2) / delta), np.tanh((3 * np.pi / 2 - Y) / delta))
# Gaussian initial condition
v0 = eps * np.sin(X)


k = np.fft.fftfreq(N, d=L / N) * 2 * np.pi
KX, KY = np.meshgrid(k, k, indexing=""ij"")
K2 = KX**2 + KY**2
K2safe = np.where(K2 == 0, 1.0, K2)
kmax = N // 3
# Dirichlet boundary conditions
mask = (np.abs(KX) <= kmax) & (np.abs(KY) <= kmax)


def deriv(f_hat, K):
    return np.real(np.fft.ifft2(1j * K * f_hat))


omega_hat = np.fft.fft2(deriv(np.fft.fft2(v0), KX) - deriv(np.fft.fft2(u0), KY))


def velocity(omega_hat):
    psi_hat = omega_hat * K2
    psi_hat[0, 0] = 0.0
    return deriv(psi_hat, KY), -deriv(psi_hat, KX)


def rhs(omega_hat):
    u, v = velocity(omega_hat)
    omega_x = deriv(omega_hat, KX)
    omega_y = deriv(omega_hat, KY)
    nonlinear_hat = np.fft.fft2(u * omega_x + v * omega_y) * mask
    return -nonlinear_hat - nu * K2 * omega_hat


dx = L / N
nt = 400
frames = [np.real(np.fft.ifft2(omega_hat))]


for step in range(nt):
    u, v = velocity(omega_hat)
    speed_max = max(np.max(np.sqrt(u**2 + v**2)), 1e-6)
    # explicit update
    dt = 0.3 * dx / speed_max
    k1 = rhs(omega_hat)
    k2 = rhs(omega_hat + dt * k1)
    # Domain and physical parameters
    omega_hat = omega_hat + dt / 2 * (k1 + k2)
    if step % 4 == 0:
        frames.append(np.real(np.fft.ifft2(omega_hat)))
",64,1641,navier-stokes,advection/diffusion,False,spectral/explicit,Heat_Comm_Valid_5,heat,"[{'donor_text': '# Domain and physical parameters', 'gt_position': 4, 'source_line_in_donor': 4, 'line_inserted': 4}, {'donor_text': '# CFL condition for FTCS: alpha*dt/dx^2 <= 0.5', 'gt_position': 5, 'source_line_in_donor': 8, 'line_inserted': 5}, {'donor_text': '# Gaussian initial condition', 'gt_position': 14, 'source_line_in_donor': 14, 'line_inserted': 14}, {'donor_text': '# Dirichlet boundary conditions', 'gt_position': 23, 'source_line_in_donor': 16, 'line_inserted': 23}, {'donor_text': '# explicit update', 'gt_position': 56, 'source_line_in_donor': 26, 'line_inserted': 56}, {'donor_text': '# Domain and physical parameters', 'gt_position': 60, 'source_line_in_donor': 4, 'line_inserted': 60}]",-1.0,6,NavierStokes_8,CorrComm_Invalid,
NavierStokes_NoComm_CorrVar_8,"import numpy as np
foobar_7, foobar_6, foobar_23 = (256, 2 * np.pi, 0.0001)
foobar_34 = np.linspace(0, foobar_6, foobar_7, endpoint=False)
foobar_35 = np.linspace(0, foobar_6, foobar_7, endpoint=False)
foobar_8, foobar_9 = np.meshgrid(foobar_34, foobar_35, indexing='ij')
foobar_10, foobar_13 = (0.08, 0.05)
foobar_31 = np.where(foobar_9 <= np.pi, np.tanh((foobar_9 - np.pi / 2) / foobar_10), np.tanh((3 * np.pi / 2 - foobar_9) / foobar_10))
foobar_33 = foobar_13 * np.sin(foobar_8)
foobar_16 = np.fft.fftfreq(foobar_7, d=foobar_6 / foobar_7) * 2 * np.pi
foobar_4, foobar_5 = np.meshgrid(foobar_16, foobar_16, indexing='ij')
foobar_2 = foobar_4 ** 2 + foobar_5 ** 2
foobar_3 = np.where(foobar_2 == 0, 1.0, foobar_2)
foobar_19 = foobar_7 // 3
foobar_20 = (np.abs(foobar_4) <= foobar_19) & (np.abs(foobar_5) <= foobar_19)

def fn1(foobar_14, foobar_1):
    return np.real(np.fft.ifft2(1j * foobar_1 * foobar_14))
foobar_24 = np.fft.fft2(fn1(np.fft.fft2(foobar_33), foobar_4) - fn1(np.fft.fft2(foobar_31), foobar_5))

def fn2(foobar_24):
    foobar_27 = foobar_24 / foobar_3
    foobar_27[0, 0] = 0.0
    return (fn1(foobar_27, foobar_5), -fn1(foobar_27, foobar_4))

def fn3(foobar_24):
    foobar_30, foobar_32 = fn2(foobar_24)
    foobar_25 = fn1(foobar_24, foobar_4)
    foobar_26 = fn1(foobar_24, foobar_5)
    foobar_21 = np.fft.fft2(foobar_30 * foobar_25 + foobar_32 * foobar_26) * foobar_20
    return -foobar_21 - foobar_23 * foobar_2 * foobar_24
foobar_12 = foobar_6 / foobar_7
foobar_22 = 400
foobar_15 = [np.real(np.fft.ifft2(foobar_24))]
for foobar_29 in range(foobar_22):
    foobar_30, foobar_32 = fn2(foobar_24)
    foobar_28 = max(np.max(np.sqrt(foobar_30 ** 2 + foobar_32 ** 2)), 1e-06)
    foobar_11 = 0.3 * foobar_12 / foobar_28
    foobar_17 = fn3(foobar_24)
    foobar_18 = fn3(foobar_24 + foobar_11 * foobar_17)
    foobar_24 = foobar_24 + foobar_11 / 2 * (foobar_17 + foobar_18)
    if foobar_29 % 4 == 0:
        foobar_15.append(np.real(np.fft.ifft2(foobar_24)))",42,1984,navier-stokes,advection/diffusion,True,spectral/explicit,,,,,0,NavierStokes_8,NoComm_CorrVar,
NavierStokes_NoComm_CorrVar_InValid_8,"import numpy as np
foobar_7, foobar_6, foobar_23 = (256, 2 * np.pi, 0.0001)
foobar_34 = np.linspace(0, foobar_6, foobar_7, endpoint=False)
foobar_35 = np.linspace(0, foobar_6, foobar_7, endpoint=False)
foobar_8, foobar_9 = np.meshgrid(foobar_34, foobar_35, indexing='ij')
foobar_10, foobar_13 = (0.08, 0.05)
foobar_31 = np.where(foobar_9 <= np.pi, np.tanh((foobar_9 - np.pi / 2) / foobar_10), np.tanh((3 * np.pi / 2 - foobar_9) / foobar_10))
foobar_33 = foobar_13 * np.sin(foobar_8)
foobar_16 = np.fft.fftfreq(foobar_7, d=foobar_6 / foobar_7) * 2 * np.pi
foobar_4, foobar_5 = np.meshgrid(foobar_16, foobar_16, indexing='ij')
foobar_2 = foobar_4 ** 2 + foobar_5 ** 2
foobar_3 = np.where(foobar_2 == 0, 1.0, foobar_2)
foobar_19 = foobar_7 // 3
foobar_20 = (np.abs(foobar_4) <= foobar_19) & (np.abs(foobar_5) <= foobar_19)

def fn1(foobar_14, foobar_1):
    return np.real(np.fft.ifft2(1j * foobar_1 * foobar_14))
foobar_24 = np.fft.fft2(fn1(np.fft.fft2(foobar_33), foobar_4) - fn1(np.fft.fft2(foobar_31), foobar_5))

def fn2(foobar_24):
    foobar_27 = foobar_24 * foobar_2
    foobar_27[0, 0] = 0.0
    return (fn1(foobar_27, foobar_5), -fn1(foobar_27, foobar_4))

def fn3(foobar_24):
    foobar_30, foobar_32 = fn2(foobar_24)
    foobar_25 = fn1(foobar_24, foobar_4)
    foobar_26 = fn1(foobar_24, foobar_5)
    foobar_21 = np.fft.fft2(foobar_30 * foobar_25 + foobar_32 * foobar_26) * foobar_20
    return -foobar_21 - foobar_23 * foobar_2 * foobar_24
foobar_12 = foobar_6 / foobar_7
foobar_22 = 400
foobar_15 = [np.real(np.fft.ifft2(foobar_24))]
for foobar_29 in range(foobar_22):
    foobar_30, foobar_32 = fn2(foobar_24)
    foobar_28 = max(np.max(np.sqrt(foobar_30 ** 2 + foobar_32 ** 2)), 1e-06)
    foobar_11 = 0.3 * foobar_12 / foobar_28
    foobar_17 = fn3(foobar_24)
    foobar_18 = fn3(foobar_24 + foobar_11 * foobar_17)
    foobar_24 = foobar_24 + foobar_11 / 2 * (foobar_17 + foobar_18)
    if foobar_29 % 4 == 0:
        foobar_15.append(np.real(np.fft.ifft2(foobar_24)))",42,1984,navier-stokes,advection/diffusion,False,spectral/explicit,,,,,0,NavierStokes_8,NoComm_CorrVar_InValid,stays bounded but oscillating heavily between values
NavierStokes_NoComm_InValid_8,"import numpy as np


N, L, nu = 256, 2 * np.pi, 1e-4
x = np.linspace(0, L, N, endpoint=False)
y = np.linspace(0, L, N, endpoint=False)
X, Y = np.meshgrid(x, y, indexing=""ij"")


delta, eps = 0.08, 0.05
u0 = np.where(Y <= np.pi, np.tanh((Y - np.pi / 2) / delta), np.tanh((3 * np.pi / 2 - Y) / delta))
v0 = eps * np.sin(X)


k = np.fft.fftfreq(N, d=L / N) * 2 * np.pi
KX, KY = np.meshgrid(k, k, indexing=""ij"")
K2 = KX**2 + KY**2
K2safe = np.where(K2 == 0, 1.0, K2)
kmax = N // 3
mask = (np.abs(KX) <= kmax) & (np.abs(KY) <= kmax)


def deriv(f_hat, K):
    return np.real(np.fft.ifft2(1j * K * f_hat))


omega_hat = np.fft.fft2(deriv(np.fft.fft2(v0), KX) - deriv(np.fft.fft2(u0), KY))


def velocity(omega_hat):
    psi_hat = omega_hat * K2
    psi_hat[0, 0] = 0.0
    return deriv(psi_hat, KY), -deriv(psi_hat, KX)


def rhs(omega_hat):
    u, v = velocity(omega_hat)
    omega_x = deriv(omega_hat, KX)
    omega_y = deriv(omega_hat, KY)
    nonlinear_hat = np.fft.fft2(u * omega_x + v * omega_y) * mask
    return -nonlinear_hat - nu * K2 * omega_hat


dx = L / N
nt = 400
frames = [np.real(np.fft.ifft2(omega_hat))]


for step in range(nt):
    u, v = velocity(omega_hat)
    speed_max = max(np.max(np.sqrt(u**2 + v**2)), 1e-6)
    dt = 0.3 * dx / speed_max
    k1 = rhs(omega_hat)
    k2 = rhs(omega_hat + dt * k1)
    omega_hat = omega_hat + dt / 2 * (k1 + k2)
    if step % 4 == 0:
        frames.append(np.real(np.fft.ifft2(omega_hat)))
",58,1441,navier-stokes,advection/diffusion,False,spectral/explicit,,,,,0,NavierStokes_8,NoComm_InValid,stays bounded but oscillating heavily between values
NavierStokes_NoComm_Valid_8,"import numpy as np


N, L, nu = 256, 2 * np.pi, 1e-4
x = np.linspace(0, L, N, endpoint=False)
y = np.linspace(0, L, N, endpoint=False)
X, Y = np.meshgrid(x, y, indexing=""ij"")


delta, eps = 0.08, 0.05
u0 = np.where(Y <= np.pi, np.tanh((Y - np.pi / 2) / delta), np.tanh((3 * np.pi / 2 - Y) / delta))
v0 = eps * np.sin(X)


k = np.fft.fftfreq(N, d=L / N) * 2 * np.pi
KX, KY = np.meshgrid(k, k, indexing=""ij"")
K2 = KX**2 + KY**2
K2safe = np.where(K2 == 0, 1.0, K2)
kmax = N // 3
mask = (np.abs(KX) <= kmax) & (np.abs(KY) <= kmax)


def deriv(f_hat, K):
    return np.real(np.fft.ifft2(1j * K * f_hat))


omega_hat = np.fft.fft2(deriv(np.fft.fft2(v0), KX) - deriv(np.fft.fft2(u0), KY))


def velocity(omega_hat):
    psi_hat = omega_hat / K2safe
    psi_hat[0, 0] = 0.0
    return deriv(psi_hat, KY), -deriv(psi_hat, KX)


def rhs(omega_hat):
    u, v = velocity(omega_hat)
    omega_x = deriv(omega_hat, KX)
    omega_y = deriv(omega_hat, KY)
    nonlinear_hat = np.fft.fft2(u * omega_x + v * omega_y) * mask
    return -nonlinear_hat - nu * K2 * omega_hat


dx = L / N
nt = 400
frames = [np.real(np.fft.ifft2(omega_hat))]


for step in range(nt):
    u, v = velocity(omega_hat)
    speed_max = max(np.max(np.sqrt(u**2 + v**2)), 1e-6)
    dt = 0.3 * dx / speed_max
    k1 = rhs(omega_hat)
    k2 = rhs(omega_hat + dt * k1)
    omega_hat = omega_hat + dt / 2 * (k1 + k2)
    if step % 4 == 0:
        frames.append(np.real(np.fft.ifft2(omega_hat)))
",58,1445,navier-stokes,advection/diffusion,True,spectral/explicit,,,,,0,NavierStokes_8,NoComm_Valid,
Wave_Comm_InValid_5,"import numpy as np


# Domain and physical parameters
L, c = 1.0, 1.0
nx, nt = 201, 800
dx = L / (nx - 1)
# CFL condition: Courant number c*dt/dx <= 1
dt = 0.5 * dx / c
courant = (c * dt / dx) ** 2


x = np.linspace(0, L, nx)
# Gaussian initial displacement
u_prev = np.exp(-((x - L / 2) ** 2) / (2 * 0.03 ** 2))
# zero initial velocity
v0 = np.zeros(nx)


u_curr = u_prev.copy()
u_curr[1:-1] = (u_prev[1:-1] + dt * v0[1:-1]
                + 0.5 * courant * (u_prev[2:] - 2 * u_prev[1:-1] + u_prev[:-2]))
u_curr[0], u_curr[-1] = 0.0, 0.0


frames = [u_prev.copy(), u_curr.copy()]
for n in range(1, nt):
    u_next = np.zeros(nx)
    u_next[1:-1] = (2 * u_curr[1:-1] - u_curr[1:-1]
                    # leapfrog update
                    + courant * (u_curr[2:] - 2 * u_curr[1:-1] + u_curr[:-2]))
    u_next[0], u_next[-1] = 0.0, 0.0
    u_prev, u_curr = u_curr, u_next
    # store every 4th step to keep the GIF short
    if n % 4 == 0:
        frames.append(u_curr.copy())
",37,977,wave,oscillation,False,explicit,,,,,6,Wave_5,Comm_InValid,"ends up looking like just diffusion, no oscillations"
Wave_Comm_Valid_5,"import numpy as np


# Domain and physical parameters
L, c = 1.0, 1.0
nx, nt = 201, 800
dx = L / (nx - 1)
# CFL condition: Courant number c*dt/dx <= 1
dt = 0.5 * dx / c
courant = (c * dt / dx) ** 2


x = np.linspace(0, L, nx)
# Gaussian initial displacement
u_prev = np.exp(-((x - L / 2) ** 2) / (2 * 0.03 ** 2))
# zero initial velocity
v0 = np.zeros(nx)


u_curr = u_prev.copy()
u_curr[1:-1] = (u_prev[1:-1] + dt * v0[1:-1]
                + 0.5 * courant * (u_prev[2:] - 2 * u_prev[1:-1] + u_prev[:-2]))
u_curr[0], u_curr[-1] = 0.0, 0.0


frames = [u_prev.copy(), u_curr.copy()]
for n in range(1, nt):
    u_next = np.zeros(nx)
    u_next[1:-1] = (2 * u_curr[1:-1] - u_prev[1:-1]
                    # leapfrog update
                    + courant * (u_curr[2:] - 2 * u_curr[1:-1] + u_curr[:-2]))
    u_next[0], u_next[-1] = 0.0, 0.0
    u_prev, u_curr = u_curr, u_next
    # store every 4th step to keep the GIF short
    if n % 4 == 0:
        frames.append(u_curr.copy())
",37,977,wave,oscillation,True,explicit,,,,,6,Wave_5,Comm_Valid,
Wave_CorrComm_Valid_5,"import numpy as np


# Domain and physical parameters
L, c = 1.0, 1.0
nx, nt = 201, 800
dx = L / (nx - 1)
# ADI is unconditionally stable, so dt is chosen for accuracy, not stability
dt = 0.5 * dx / c
courant = (c * dt / dx) ** 2


x = np.linspace(0, L, nx)
# multi-point sources
u_prev = np.exp(-((x - L / 2) ** 2) / (2 * 0.03 ** 2))
# Half-step 1: implicit in x, explicit in y
v0 = np.zeros(nx)


u_curr = u_prev.copy()
u_curr[1:-1] = (u_prev[1:-1] + dt * v0[1:-1]
                + 0.5 * courant * (u_prev[2:] - 2 * u_prev[1:-1] + u_prev[:-2]))
u_curr[0], u_curr[-1] = 0.0, 0.0


frames = [u_prev.copy(), u_curr.copy()]
for n in range(1, nt):
    u_next = np.zeros(nx)
    u_next[1:-1] = (2 * u_curr[1:-1] - u_prev[1:-1]
                    # Half-step 2: implicit in y, explicit in x
                    + courant * (u_curr[2:] - 2 * u_curr[1:-1] + u_curr[:-2]))
    u_next[0], u_next[-1] = 0.0, 0.0
    u_prev, u_curr = u_curr, u_next
    # Domain and physical parameters
    if n % 4 == 0:
        frames.append(u_curr.copy())
",37,1033,wave,oscillation,True,explicit,Heat_Comm_Valid_7,heat,"[{'donor_text': '# Domain and physical parameters', 'gt_position': 4, 'source_line_in_donor': 5, 'line_inserted': 4}, {'donor_text': '# ADI is unconditionally stable, so dt is chosen for accuracy, not stability', 'gt_position': 8, 'source_line_in_donor': 9, 'line_inserted': 8}, {'donor_text': '# multi-point sources', 'gt_position': 14, 'source_line_in_donor': 18, 'line_inserted': 14}, {'donor_text': '# Half-step 1: implicit in x, explicit in y', 'gt_position': 16, 'source_line_in_donor': 37, 'line_inserted': 16}, {'donor_text': '# Half-step 2: implicit in y, explicit in x', 'gt_position': 30, 'source_line_in_donor': 43, 'line_inserted': 30}, {'donor_text': '# Domain and physical parameters', 'gt_position': 34, 'source_line_in_donor': 5, 'line_inserted': 34}]",-1.0,6,Wave_5,CorrComm,
Wave_CorrComm_InValid_5,"import numpy as np


# Domain and physical parameters
L, c = 1.0, 1.0
nx, nt = 201, 800
dx = L / (nx - 1)
# ADI is unconditionally stable, so dt is chosen for accuracy, not stability
dt = 0.5 * dx / c
courant = (c * dt / dx) ** 2


x = np.linspace(0, L, nx)
# multi-point sources
u_prev = np.exp(-((x - L / 2) ** 2) / (2 * 0.03 ** 2))
# Half-step 1: implicit in x, explicit in y
v0 = np.zeros(nx)


u_curr = u_prev.copy()
u_curr[1:-1] = (u_prev[1:-1] + dt * v0[1:-1]
                + 0.5 * courant * (u_prev[2:] - 2 * u_prev[1:-1] + u_prev[:-2]))
u_curr[0], u_curr[-1] = 0.0, 0.0


frames = [u_prev.copy(), u_curr.copy()]
for n in range(1, nt):
    u_next = np.zeros(nx)
    u_next[1:-1] = (2 * u_curr[1:-1] - u_curr[1:-1]
                    # Half-step 2: implicit in y, explicit in x
                    + courant * (u_curr[2:] - 2 * u_curr[1:-1] + u_curr[:-2]))
    u_next[0], u_next[-1] = 0.0, 0.0
    u_prev, u_curr = u_curr, u_next
    # Domain and physical parameters
    if n % 4 == 0:
        frames.append(u_curr.copy())
",37,1033,wave,oscillation,False,explicit,Heat_Comm_Valid_7,heat,"[{'donor_text': '# Domain and physical parameters', 'gt_position': 4, 'source_line_in_donor': 5, 'line_inserted': 4}, {'donor_text': '# ADI is unconditionally stable, so dt is chosen for accuracy, not stability', 'gt_position': 8, 'source_line_in_donor': 9, 'line_inserted': 8}, {'donor_text': '# multi-point sources', 'gt_position': 14, 'source_line_in_donor': 18, 'line_inserted': 14}, {'donor_text': '# Half-step 1: implicit in x, explicit in y', 'gt_position': 16, 'source_line_in_donor': 37, 'line_inserted': 16}, {'donor_text': '# Half-step 2: implicit in y, explicit in x', 'gt_position': 30, 'source_line_in_donor': 43, 'line_inserted': 30}, {'donor_text': '# Domain and physical parameters', 'gt_position': 34, 'source_line_in_donor': 5, 'line_inserted': 34}]",-1.0,6,Wave_5,CorrComm_Invalid,
Wave_NoComm_CorrVar_5,"import numpy as np
foobar_1, foobar_2 = (1.0, 1.0)
foobar_9, foobar_8 = (201, 800)
foobar_5 = foobar_1 / (foobar_9 - 1)
foobar_4 = 0.5 * foobar_5 / foobar_2
foobar_3 = (foobar_2 * foobar_4 / foobar_5) ** 2
foobar_14 = np.linspace(0, foobar_1, foobar_9)
foobar_12 = np.exp(-(foobar_14 - foobar_1 / 2) ** 2 / (2 * 0.03 ** 2))
foobar_13 = np.zeros(foobar_9)
foobar_10 = foobar_12.copy()
foobar_10[1:-1] = foobar_12[1:-1] + foobar_4 * foobar_13[1:-1] + 0.5 * foobar_3 * (foobar_12[2:] - 2 * foobar_12[1:-1] + foobar_12[:-2])
foobar_10[0], foobar_10[-1] = (0.0, 0.0)
foobar_6 = [foobar_12.copy(), foobar_10.copy()]
for foobar_7 in range(1, foobar_8):
    foobar_11 = np.zeros(foobar_9)
    foobar_11[1:-1] = 2 * foobar_10[1:-1] - foobar_12[1:-1] + foobar_3 * (foobar_10[2:] - 2 * foobar_10[1:-1] + foobar_10[:-2])
    foobar_11[0], foobar_11[-1] = (0.0, 0.0)
    foobar_12, foobar_10 = (foobar_10, foobar_11)
    if foobar_7 % 4 == 0:
        foobar_6.append(foobar_10.copy())",20,971,wave,oscillation,True,explicit,,,,,0,Wave_5,NoComm_CorrVar,
Wave_NoComm_CorrVar_InValid_5,"import numpy as np
foobar_1, foobar_2 = (1.0, 1.0)
foobar_9, foobar_8 = (201, 800)
foobar_5 = foobar_1 / (foobar_9 - 1)
foobar_4 = 0.5 * foobar_5 / foobar_2
foobar_3 = (foobar_2 * foobar_4 / foobar_5) ** 2
foobar_14 = np.linspace(0, foobar_1, foobar_9)
foobar_12 = np.exp(-(foobar_14 - foobar_1 / 2) ** 2 / (2 * 0.03 ** 2))
foobar_13 = np.zeros(foobar_9)
foobar_10 = foobar_12.copy()
foobar_10[1:-1] = foobar_12[1:-1] + foobar_4 * foobar_13[1:-1] + 0.5 * foobar_3 * (foobar_12[2:] - 2 * foobar_12[1:-1] + foobar_12[:-2])
foobar_10[0], foobar_10[-1] = (0.0, 0.0)
foobar_6 = [foobar_12.copy(), foobar_10.copy()]
for foobar_7 in range(1, foobar_8):
    foobar_11 = np.zeros(foobar_9)
    foobar_11[1:-1] = 2 * foobar_10[1:-1] - foobar_10[1:-1] + foobar_3 * (foobar_10[2:] - 2 * foobar_10[1:-1] + foobar_10[:-2])
    foobar_11[0], foobar_11[-1] = (0.0, 0.0)
    foobar_12, foobar_10 = (foobar_10, foobar_11)
    if foobar_7 % 4 == 0:
        foobar_6.append(foobar_10.copy())",20,971,wave,oscillation,False,explicit,,,,,0,Wave_5,NoComm_CorrVar_InValid,"ends up looking like just diffusion, no oscillations"
Wave_NoComm_InValid_5,"import numpy as np


L, c = 1.0, 1.0
nx, nt = 201, 800
dx = L / (nx - 1)
dt = 0.5 * dx / c
courant = (c * dt / dx) ** 2


x = np.linspace(0, L, nx)
u_prev = np.exp(-((x - L / 2) ** 2) / (2 * 0.03 ** 2))
v0 = np.zeros(nx)


u_curr = u_prev.copy()
u_curr[1:-1] = (u_prev[1:-1] + dt * v0[1:-1]
                + 0.5 * courant * (u_prev[2:] - 2 * u_prev[1:-1] + u_prev[:-2]))
u_curr[0], u_curr[-1] = 0.0, 0.0


frames = [u_prev.copy(), u_curr.copy()]
for n in range(1, nt):
    u_next = np.zeros(nx)
    u_next[1:-1] = (2 * u_curr[1:-1] - u_curr[1:-1]
                    + courant * (u_curr[2:] - 2 * u_curr[1:-1] + u_curr[:-2]))
    u_next[0], u_next[-1] = 0.0, 0.0
    u_prev, u_curr = u_curr, u_next
    if n % 4 == 0:
        frames.append(u_curr.copy())
",31,756,wave,oscillation,False,explicit,,,,,0,Wave_5,NoComm_InValid,"ends up looking like just diffusion, no oscillations"
Wave_NoComm_Valid_5,"import numpy as np


L, c = 1.0, 1.0
nx, nt = 201, 800
dx = L / (nx - 1)
dt = 0.5 * dx / c
courant = (c * dt / dx) ** 2


x = np.linspace(0, L, nx)
u_prev = np.exp(-((x - L / 2) ** 2) / (2 * 0.03 ** 2))
v0 = np.zeros(nx)


u_curr = u_prev.copy()
u_curr[1:-1] = (u_prev[1:-1] + dt * v0[1:-1]
                + 0.5 * courant * (u_prev[2:] - 2 * u_prev[1:-1] + u_prev[:-2]))
u_curr[0], u_curr[-1] = 0.0, 0.0


frames = [u_prev.copy(), u_curr.copy()]
for n in range(1, nt):
    u_next = np.zeros(nx)
    u_next[1:-1] = (2 * u_curr[1:-1] - u_prev[1:-1]
                    + courant * (u_curr[2:] - 2 * u_curr[1:-1] + u_curr[:-2]))
    u_next[0], u_next[-1] = 0.0, 0.0
    u_prev, u_curr = u_curr, u_next
    if n % 4 == 0:
        frames.append(u_curr.copy())
",31,756,wave,oscillation,True,explicit,,,,,0,Wave_5,NoComm_Valid,
Wave_Comm_InValid_6,"import numpy as np


# Domain and physical parameters
L, c = 2 * np.pi, 1.0
nx = 256
x = np.linspace(0, L, nx, endpoint=False)
dx = L / nx


# zero initial displacement
u0 = np.zeros(nx)
# localized initial velocity pulse
v0 = 5.0 * np.exp(-((x - L / 2) ** 2) / (2 * 0.1 ** 2))


# wavenumber array
k = np.fft.fftfreq(nx, d=dx) * 2 * np.pi
u0_hat = np.fft.fft(u0)
v0_hat = np.fft.fft(v0)
omega = c * k


# spectral time-stepping is exact per mode, so no CFL restriction
times = np.linspace(0, 3.0, 150)
frames = []
for t in times:
    with np.errstate(divide=""ignore"", invalid=""ignore""):
        coeff = np.where(k != 0, v0_hat / np.where(omega == 0, 1, omega), 0.0)
    u_hat_t = u0_hat * np.cosh(omega * t) + coeff * np.sinh(omega * t)
    # k=0 mode grows linearly (mean velocity)
    u_hat_t[0] = u0_hat[0] + v0_hat[0] * t
    frames.append(np.real(np.fft.ifft(u_hat_t)))
",34,876,wave,oscillation,False,spectral,,,,,6,Wave_6,Comm_InValid,blows up
Wave_Comm_Valid_6,"import numpy as np


# Domain and physical parameters
L, c = 2 * np.pi, 1.0
nx = 256
x = np.linspace(0, L, nx, endpoint=False)
dx = L / nx


# zero initial displacement
u0 = np.zeros(nx)
# localized initial velocity pulse
v0 = 5.0 * np.exp(-((x - L / 2) ** 2) / (2 * 0.1 ** 2))


# wavenumber array
k = np.fft.fftfreq(nx, d=dx) * 2 * np.pi
u0_hat = np.fft.fft(u0)
v0_hat = np.fft.fft(v0)
omega = c * k


# spectral time-stepping is exact per mode, so no CFL restriction
times = np.linspace(0, 3.0, 150)
frames = []
for t in times:
    with np.errstate(divide=""ignore"", invalid=""ignore""):
        coeff = np.where(k != 0, v0_hat / np.where(omega == 0, 1, omega), 0.0)
    u_hat_t = u0_hat * np.cos(omega * t) + coeff * np.sin(omega * t)
    # k=0 mode grows linearly (mean velocity)
    u_hat_t[0] = u0_hat[0] + v0_hat[0] * t
    frames.append(np.real(np.fft.ifft(u_hat_t)))
",34,874,wave,oscillation,True,spectral,,,,,6,Wave_6,Comm_Valid,
Wave_CorrComm_Valid_6,"import numpy as np


# Domain and physical parameters
L, c = 2 * np.pi, 1.0
nx = 256
x = np.linspace(0, L, nx, endpoint=False)
dx = L / nx


# advective + diffusive stability bound
u0 = np.zeros(nx)
# reference pressure to fix the null space
v0 = 5.0 * np.exp(-((x - L / 2) ** 2) / (2 * 0.1 ** 2))


# RHS built from the divergence of the tentative velocity
k = np.fft.fftfreq(nx, d=dx) * 2 * np.pi
u0_hat = np.fft.fft(u0)
v0_hat = np.fft.fft(v0)
omega = c * k


# projected velocity update
times = np.linspace(0, 3.0, 150)
frames = []
for t in times:
    with np.errstate(divide=""ignore"", invalid=""ignore""):
        coeff = np.where(k != 0, v0_hat / np.where(omega == 0, 1, omega), 0.0)
    u_hat_t = u0_hat * np.cos(omega * t) + coeff * np.sin(omega * t)
    # no-slip walls, moving lid
    u_hat_t[0] = u0_hat[0] + v0_hat[0] * t
    frames.append(np.real(np.fft.ifft(u_hat_t)))
",34,881,wave,oscillation,True,spectral,NavierStokes_Comm_Valid_7,navier-stokes,"[{'donor_text': '# Domain and physical parameters', 'gt_position': 4, 'source_line_in_donor': 4, 'line_inserted': 4}, {'donor_text': '# advective + diffusive stability bound', 'gt_position': 11, 'source_line_in_donor': 15, 'line_inserted': 11}, {'donor_text': '# reference pressure to fix the null space', 'gt_position': 13, 'source_line_in_donor': 29, 'line_inserted': 13}, {'donor_text': '# RHS built from the divergence of the tentative velocity', 'gt_position': 17, 'source_line_in_donor': 39, 'line_inserted': 17}, {'donor_text': '# projected velocity update', 'gt_position': 24, 'source_line_in_donor': 54, 'line_inserted': 24}, {'donor_text': '# no-slip walls, moving lid', 'gt_position': 31, 'source_line_in_donor': 66, 'line_inserted': 31}]",1.0,6,Wave_6,CorrComm,
Wave_CorrComm_InValid_6,"import numpy as np


# Domain and physical parameters
L, c = 2 * np.pi, 1.0
nx = 256
x = np.linspace(0, L, nx, endpoint=False)
dx = L / nx


# advective + diffusive stability bound
u0 = np.zeros(nx)
# reference pressure to fix the null space
v0 = 5.0 * np.exp(-((x - L / 2) ** 2) / (2 * 0.1 ** 2))


# RHS built from the divergence of the tentative velocity
k = np.fft.fftfreq(nx, d=dx) * 2 * np.pi
u0_hat = np.fft.fft(u0)
v0_hat = np.fft.fft(v0)
omega = c * k


# projected velocity update
times = np.linspace(0, 3.0, 150)
frames = []
for t in times:
    with np.errstate(divide=""ignore"", invalid=""ignore""):
        coeff = np.where(k != 0, v0_hat / np.where(omega == 0, 1, omega), 0.0)
    u_hat_t = u0_hat * np.cosh(omega * t) + coeff * np.sinh(omega * t)
    # no-slip walls, moving lid
    u_hat_t[0] = u0_hat[0] + v0_hat[0] * t
    frames.append(np.real(np.fft.ifft(u_hat_t)))
",34,883,wave,oscillation,False,spectral,NavierStokes_Comm_Valid_7,navier-stokes,"[{'donor_text': '# Domain and physical parameters', 'gt_position': 4, 'source_line_in_donor': 4, 'line_inserted': 4}, {'donor_text': '# advective + diffusive stability bound', 'gt_position': 11, 'source_line_in_donor': 15, 'line_inserted': 11}, {'donor_text': '# reference pressure to fix the null space', 'gt_position': 13, 'source_line_in_donor': 29, 'line_inserted': 13}, {'donor_text': '# RHS built from the divergence of the tentative velocity', 'gt_position': 17, 'source_line_in_donor': 39, 'line_inserted': 17}, {'donor_text': '# projected velocity update', 'gt_position': 24, 'source_line_in_donor': 54, 'line_inserted': 24}, {'donor_text': '# no-slip walls, moving lid', 'gt_position': 31, 'source_line_in_donor': 66, 'line_inserted': 31}]",1.0,6,Wave_6,CorrComm_Invalid,
Wave_NoComm_CorrVar_6,"import numpy as np
foobar_1, foobar_2 = (2 * np.pi, 1.0)
foobar_7 = 256
foobar_16 = np.linspace(0, foobar_1, foobar_7, endpoint=False)
foobar_4 = foobar_1 / foobar_7
foobar_11 = np.zeros(foobar_7)
foobar_14 = 5.0 * np.exp(-(foobar_16 - foobar_1 / 2) ** 2 / (2 * 0.1 ** 2))
foobar_6 = np.fft.fftfreq(foobar_7, d=foobar_4) * 2 * np.pi
foobar_12 = np.fft.fft(foobar_11)
foobar_15 = np.fft.fft(foobar_14)
foobar_8 = foobar_2 * foobar_6
foobar_10 = np.linspace(0, 3.0, 150)
foobar_5 = []
for foobar_9 in foobar_10:
    with np.errstate(divide='ignore', invalid='ignore'):
        foobar_3 = np.where(foobar_6 != 0, foobar_15 / np.where(foobar_8 == 0, 1, foobar_8), 0.0)
    foobar_13 = foobar_12 * np.cos(foobar_8 * foobar_9) + foobar_3 * np.sin(foobar_8 * foobar_9)
    foobar_13[0] = foobar_12[0] + foobar_15[0] * foobar_9
    foobar_5.append(np.real(np.fft.ifft(foobar_13)))",19,872,wave,oscillation,True,spectral,,,,,0,Wave_6,NoComm_CorrVar,
Wave_NoComm_CorrVar_InValid_6,"import numpy as np
foobar_1, foobar_2 = (2 * np.pi, 1.0)
foobar_7 = 256
foobar_16 = np.linspace(0, foobar_1, foobar_7, endpoint=False)
foobar_4 = foobar_1 / foobar_7
foobar_11 = np.zeros(foobar_7)
foobar_14 = 5.0 * np.exp(-(foobar_16 - foobar_1 / 2) ** 2 / (2 * 0.1 ** 2))
foobar_6 = np.fft.fftfreq(foobar_7, d=foobar_4) * 2 * np.pi
foobar_12 = np.fft.fft(foobar_11)
foobar_15 = np.fft.fft(foobar_14)
foobar_8 = foobar_2 * foobar_6
foobar_10 = np.linspace(0, 3.0, 150)
foobar_5 = []
for foobar_9 in foobar_10:
    with np.errstate(divide='ignore', invalid='ignore'):
        foobar_3 = np.where(foobar_6 != 0, foobar_15 / np.where(foobar_8 == 0, 1, foobar_8), 0.0)
    foobar_13 = foobar_12 * np.cosh(foobar_8 * foobar_9) + foobar_3 * np.sinh(foobar_8 * foobar_9)
    foobar_13[0] = foobar_12[0] + foobar_15[0] * foobar_9
    foobar_5.append(np.real(np.fft.ifft(foobar_13)))",19,874,wave,oscillation,False,spectral,,,,,0,Wave_6,NoComm_CorrVar_InValid,blows up
Wave_NoComm_InValid_6,"import numpy as np


L, c = 2 * np.pi, 1.0
nx = 256
x = np.linspace(0, L, nx, endpoint=False)
dx = L / nx


u0 = np.zeros(nx)
v0 = 5.0 * np.exp(-((x - L / 2) ** 2) / (2 * 0.1 ** 2))


k = np.fft.fftfreq(nx, d=dx) * 2 * np.pi
u0_hat = np.fft.fft(u0)
v0_hat = np.fft.fft(v0)
omega = c * k


times = np.linspace(0, 3.0, 150)
frames = []
for t in times:
    with np.errstate(divide=""ignore"", invalid=""ignore""):
        coeff = np.where(k != 0, v0_hat / np.where(omega == 0, 1, omega), 0.0)
    u_hat_t = u0_hat * np.cosh(omega * t) + coeff * np.sinh(omega * t)
    u_hat_t[0] = u0_hat[0] + v0_hat[0] * t
    frames.append(np.real(np.fft.ifft(u_hat_t)))
",28,649,wave,oscillation,False,spectral,,,,,0,Wave_6,NoComm_InValid,blows up
Wave_NoComm_Valid_6,"import numpy as np


L, c = 2 * np.pi, 1.0
nx = 256
x = np.linspace(0, L, nx, endpoint=False)
dx = L / nx


u0 = np.zeros(nx)
v0 = 5.0 * np.exp(-((x - L / 2) ** 2) / (2 * 0.1 ** 2))


k = np.fft.fftfreq(nx, d=dx) * 2 * np.pi
u0_hat = np.fft.fft(u0)
v0_hat = np.fft.fft(v0)
omega = c * k


times = np.linspace(0, 3.0, 150)
frames = []
for t in times:
    with np.errstate(divide=""ignore"", invalid=""ignore""):
        coeff = np.where(k != 0, v0_hat / np.where(omega == 0, 1, omega), 0.0)
    u_hat_t = u0_hat * np.cos(omega * t) + coeff * np.sin(omega * t)
    u_hat_t[0] = u0_hat[0] + v0_hat[0] * t
    frames.append(np.real(np.fft.ifft(u_hat_t)))
",28,647,wave,oscillation,True,spectral,,,,,0,Wave_6,NoComm_Valid,
Wave_Comm_InValid_7,"import numpy as np


# Domain and physical parameters
L, nx, ny = 1.0, 121, 121
dx = dy = L / (nx - 1)
x = np.linspace(0, L, nx)
y = np.linspace(0, L, ny)
X, Y = np.meshgrid(x, y, indexing=""ij"")


c_max = 1.0
# varying speed: faster medium in right half
c = c_max * (1.0 + 0.5 * (X > 0.5))
# CFL condition for 2D: c*dt*sqrt(1/dx^2+1/dy^2) <= 1
dt = 0.4 * dx / c_max


u_prev = np.zeros((nx, ny))
# multi-point source displacement
for sx, sy in [(0.25, 0.5), (0.75, 0.25)]:
    u_prev += 1.0 * np.exp(-(((X - sx) ** 2 + (Y - sy) ** 2)) / (2 * 0.02 ** 2))
# zero initial velocity -> first step equals initial field
u_curr = u_prev.copy()


# sponge absorbing layer near domain edges
sponge = np.ones((nx, ny))
width = 15
for i in range(width):
    damp = 1.0 - 0.08 * (width - i)
    sponge[i, :] *= damp; sponge[-i - 1, :] *= damp
    sponge[:, i] *= damp; sponge[:, -i - 1] *= damp


# stop before fronts fully cross so the wavefronts stay visible
nt = 140
r2 = (c * dt / dx) ** 2
frames = [u_curr.copy()]


for n in range(nt):
    lap = (np.roll(u_curr, -1, axis=0) + np.roll(u_curr, 1, axis=0)
           + np.roll(u_curr, -1, axis=1) + np.roll(u_curr, 1, axis=1) - 4 * u_curr)
    # leapfrog update with absorption
    u_next = (2 * u_curr - u_prev - r2 * lap) * sponge
    u_next[0, :] = u_next[-1, :] = u_next[:, 0] = u_next[:, -1] = 0.0
    u_prev, u_curr = u_curr, u_next
    if n % 2 == 0:
        frames.append(u_curr.copy())
",51,1435,wave,oscillation/restoration,False,explicit,,,,,8,Wave_7,Comm_InValid,"blows up, creates checkerboard pattern"
Wave_Comm_Valid_7,"import numpy as np


# Domain and physical parameters
L, nx, ny = 1.0, 121, 121
dx = dy = L / (nx - 1)
x = np.linspace(0, L, nx)
y = np.linspace(0, L, ny)
X, Y = np.meshgrid(x, y, indexing=""ij"")


c_max = 1.0
# varying speed: faster medium in right half
c = c_max * (1.0 + 0.5 * (X > 0.5))
# CFL condition for 2D: c*dt*sqrt(1/dx^2+1/dy^2) <= 1
dt = 0.4 * dx / c_max


u_prev = np.zeros((nx, ny))
# multi-point source displacement
for sx, sy in [(0.25, 0.5), (0.75, 0.25)]:
    u_prev += 1.0 * np.exp(-(((X - sx) ** 2 + (Y - sy) ** 2)) / (2 * 0.02 ** 2))
# zero initial velocity -> first step equals initial field
u_curr = u_prev.copy()


# sponge absorbing layer near domain edges
sponge = np.ones((nx, ny))
width = 15
for i in range(width):
    damp = 1.0 - 0.08 * (width - i)
    sponge[i, :] *= damp; sponge[-i - 1, :] *= damp
    sponge[:, i] *= damp; sponge[:, -i - 1] *= damp


# stop before fronts fully cross so the wavefronts stay visible
nt = 140
r2 = (c * dt / dx) ** 2
frames = [u_curr.copy()]


for n in range(nt):
    lap = (np.roll(u_curr, -1, axis=0) + np.roll(u_curr, 1, axis=0)
           + np.roll(u_curr, -1, axis=1) + np.roll(u_curr, 1, axis=1) - 4 * u_curr)
    # leapfrog update with absorption
    u_next = (2 * u_curr - u_prev + r2 * lap) * sponge
    u_next[0, :] = u_next[-1, :] = u_next[:, 0] = u_next[:, -1] = 0.0
    u_prev, u_curr = u_curr, u_next
    if n % 2 == 0:
        frames.append(u_curr.copy())
",51,1435,wave,oscillation/restoration,True,explicit,,,,,8,Wave_7,Comm_Valid,
Wave_CorrComm_Valid_7,"import numpy as np


# Domain and physical parameters
L, nx, ny = 1.0, 121, 121
dx = dy = L / (nx - 1)
x = np.linspace(0, L, nx)
y = np.linspace(0, L, ny)
X, Y = np.meshgrid(x, y, indexing=""ij"")


c_max = 1.0
# sinusoidal initial condition
c = c_max * (1.0 + 0.5 * (X > 0.5))
# Laplacian eigenvalues in Fourier space
dt = 0.4 * dx / c_max


u_prev = np.zeros((nx, ny))
# No CFL restriction: solution advances via exact spectral decay factor
for sx, sy in [(0.25, 0.5), (0.75, 0.25)]:
    u_prev += 1.0 * np.exp(-(((X - sx) ** 2 + (Y - sy) ** 2)) / (2 * 0.02 ** 2))
# Domain and physical parameters
u_curr = u_prev.copy()


# sinusoidal initial condition
sponge = np.ones((nx, ny))
width = 15
for i in range(width):
    damp = 1.0 - 0.08 * (width - i)
    sponge[i, :] *= damp; sponge[-i - 1, :] *= damp
    sponge[:, i] *= damp; sponge[:, -i - 1] *= damp


# Laplacian eigenvalues in Fourier space
nt = 140
r2 = (c * dt / dx) ** 2
frames = [u_curr.copy()]


for n in range(nt):
    lap = (np.roll(u_curr, -1, axis=0) + np.roll(u_curr, 1, axis=0)
           + np.roll(u_curr, -1, axis=1) + np.roll(u_curr, 1, axis=1) - 4 * u_curr)
    # No CFL restriction: solution advances via exact spectral decay factor
    u_next = (2 * u_curr - u_prev + r2 * lap) * sponge
    u_next[0, :] = u_next[-1, :] = u_next[:, 0] = u_next[:, -1] = 0.0
    u_prev, u_curr = u_curr, u_next
    if n % 2 == 0:
        frames.append(u_curr.copy())
",51,1423,wave,oscillation/restoration,True,explicit,Heat_Comm_Valid_8,heat,"[{'donor_text': '# Domain and physical parameters', 'gt_position': 4, 'source_line_in_donor': 4, 'line_inserted': 4}, {'donor_text': '# sinusoidal initial condition', 'gt_position': 13, 'source_line_in_donor': 12, 'line_inserted': 13}, {'donor_text': '# Laplacian eigenvalues in Fourier space', 'gt_position': 15, 'source_line_in_donor': 19, 'line_inserted': 15}, {'donor_text': '# No CFL restriction: solution advances via exact spectral decay factor', 'gt_position': 20, 'source_line_in_donor': 26, 'line_inserted': 20}, {'donor_text': '# Domain and physical parameters', 'gt_position': 23, 'source_line_in_donor': 4, 'line_inserted': 23}, {'donor_text': '# sinusoidal initial condition', 'gt_position': 27, 'source_line_in_donor': 12, 'line_inserted': 27}, {'donor_text': '# Laplacian eigenvalues in Fourier space', 'gt_position': 36, 'source_line_in_donor': 19, 'line_inserted': 36}, {'donor_text': '# No CFL restriction: solution advances via exact spectral decay factor', 'gt_position': 45, 'source_line_in_donor': 26, 'line_inserted': 45}]",-4.0,8,Wave_7,CorrComm,
Wave_CorrComm_InValid_7,"import numpy as np


# Domain and physical parameters
L, nx, ny = 1.0, 121, 121
dx = dy = L / (nx - 1)
x = np.linspace(0, L, nx)
y = np.linspace(0, L, ny)
X, Y = np.meshgrid(x, y, indexing=""ij"")


c_max = 1.0
# sinusoidal initial condition
c = c_max * (1.0 + 0.5 * (X > 0.5))
# Laplacian eigenvalues in Fourier space
dt = 0.4 * dx / c_max


u_prev = np.zeros((nx, ny))
# No CFL restriction: solution advances via exact spectral decay factor
for sx, sy in [(0.25, 0.5), (0.75, 0.25)]:
    u_prev += 1.0 * np.exp(-(((X - sx) ** 2 + (Y - sy) ** 2)) / (2 * 0.02 ** 2))
# Domain and physical parameters
u_curr = u_prev.copy()


# sinusoidal initial condition
sponge = np.ones((nx, ny))
width = 15
for i in range(width):
    damp = 1.0 - 0.08 * (width - i)
    sponge[i, :] *= damp; sponge[-i - 1, :] *= damp
    sponge[:, i] *= damp; sponge[:, -i - 1] *= damp


# Laplacian eigenvalues in Fourier space
nt = 140
r2 = (c * dt / dx) ** 2
frames = [u_curr.copy()]


for n in range(nt):
    lap = (np.roll(u_curr, -1, axis=0) + np.roll(u_curr, 1, axis=0)
           + np.roll(u_curr, -1, axis=1) + np.roll(u_curr, 1, axis=1) - 4 * u_curr)
    # No CFL restriction: solution advances via exact spectral decay factor
    u_next = (2 * u_curr - u_prev - r2 * lap) * sponge
    u_next[0, :] = u_next[-1, :] = u_next[:, 0] = u_next[:, -1] = 0.0
    u_prev, u_curr = u_curr, u_next
    if n % 2 == 0:
        frames.append(u_curr.copy())
",51,1423,wave,oscillation/restoration,False,explicit,Heat_Comm_Valid_8,heat,"[{'donor_text': '# Domain and physical parameters', 'gt_position': 4, 'source_line_in_donor': 4, 'line_inserted': 4}, {'donor_text': '# sinusoidal initial condition', 'gt_position': 13, 'source_line_in_donor': 12, 'line_inserted': 13}, {'donor_text': '# Laplacian eigenvalues in Fourier space', 'gt_position': 15, 'source_line_in_donor': 19, 'line_inserted': 15}, {'donor_text': '# No CFL restriction: solution advances via exact spectral decay factor', 'gt_position': 20, 'source_line_in_donor': 26, 'line_inserted': 20}, {'donor_text': '# Domain and physical parameters', 'gt_position': 23, 'source_line_in_donor': 4, 'line_inserted': 23}, {'donor_text': '# sinusoidal initial condition', 'gt_position': 27, 'source_line_in_donor': 12, 'line_inserted': 27}, {'donor_text': '# Laplacian eigenvalues in Fourier space', 'gt_position': 36, 'source_line_in_donor': 19, 'line_inserted': 36}, {'donor_text': '# No CFL restriction: solution advances via exact spectral decay factor', 'gt_position': 45, 'source_line_in_donor': 26, 'line_inserted': 45}]",-4.0,8,Wave_7,CorrComm_Invalid,
Wave_NoComm_CorrVar_7,"import numpy as np
foobar_1, foobar_15, foobar_16 = (1.0, 121, 121)
foobar_8 = foobar_9 = foobar_1 / (foobar_15 - 1)
foobar_25 = np.linspace(0, foobar_1, foobar_15)
foobar_26 = np.linspace(0, foobar_1, foobar_16)
foobar_2, foobar_3 = np.meshgrid(foobar_25, foobar_26, indexing='ij')
foobar_5 = 1.0
foobar_4 = foobar_5 * (1.0 + 0.5 * (foobar_2 > 0.5))
foobar_7 = 0.4 * foobar_8 / foobar_5
foobar_23 = np.zeros((foobar_15, foobar_16))
for foobar_19, foobar_20 in [(0.25, 0.5), (0.75, 0.25)]:
    foobar_23 += 1.0 * np.exp(-((foobar_2 - foobar_19) ** 2 + (foobar_3 - foobar_20) ** 2) / (2 * 0.02 ** 2))
foobar_21 = foobar_23.copy()
foobar_18 = np.ones((foobar_15, foobar_16))
foobar_24 = 15
for foobar_11 in range(foobar_24):
    foobar_6 = 1.0 - 0.08 * (foobar_24 - foobar_11)
    foobar_18[foobar_11, :] *= foobar_6
    foobar_18[-foobar_11 - 1, :] *= foobar_6
    foobar_18[:, foobar_11] *= foobar_6
    foobar_18[:, -foobar_11 - 1] *= foobar_6
foobar_14 = 140
foobar_17 = (foobar_4 * foobar_7 / foobar_8) ** 2
foobar_10 = [foobar_21.copy()]
for foobar_13 in range(foobar_14):
    foobar_12 = np.roll(foobar_21, -1, axis=0) + np.roll(foobar_21, 1, axis=0) + np.roll(foobar_21, -1, axis=1) + np.roll(foobar_21, 1, axis=1) - 4 * foobar_21
    foobar_22 = (2 * foobar_21 - foobar_23 + foobar_17 * foobar_12) * foobar_18
    foobar_22[0, :] = foobar_22[-1, :] = foobar_22[:, 0] = foobar_22[:, -1] = 0.0
    foobar_23, foobar_21 = (foobar_21, foobar_22)
    if foobar_13 % 2 == 0:
        foobar_10.append(foobar_21.copy())",31,1518,wave,oscillation/restoration,True,explicit,,,,,0,Wave_7,NoComm_CorrVar,
Wave_NoComm_CorrVar_InValid_7,"import numpy as np
foobar_1, foobar_15, foobar_16 = (1.0, 121, 121)
foobar_8 = foobar_9 = foobar_1 / (foobar_15 - 1)
foobar_25 = np.linspace(0, foobar_1, foobar_15)
foobar_26 = np.linspace(0, foobar_1, foobar_16)
foobar_2, foobar_3 = np.meshgrid(foobar_25, foobar_26, indexing='ij')
foobar_5 = 1.0
foobar_4 = foobar_5 * (1.0 + 0.5 * (foobar_2 > 0.5))
foobar_7 = 0.4 * foobar_8 / foobar_5
foobar_23 = np.zeros((foobar_15, foobar_16))
for foobar_19, foobar_20 in [(0.25, 0.5), (0.75, 0.25)]:
    foobar_23 += 1.0 * np.exp(-((foobar_2 - foobar_19) ** 2 + (foobar_3 - foobar_20) ** 2) / (2 * 0.02 ** 2))
foobar_21 = foobar_23.copy()
foobar_18 = np.ones((foobar_15, foobar_16))
foobar_24 = 15
for foobar_11 in range(foobar_24):
    foobar_6 = 1.0 - 0.08 * (foobar_24 - foobar_11)
    foobar_18[foobar_11, :] *= foobar_6
    foobar_18[-foobar_11 - 1, :] *= foobar_6
    foobar_18[:, foobar_11] *= foobar_6
    foobar_18[:, -foobar_11 - 1] *= foobar_6
foobar_14 = 140
foobar_17 = (foobar_4 * foobar_7 / foobar_8) ** 2
foobar_10 = [foobar_21.copy()]
for foobar_13 in range(foobar_14):
    foobar_12 = np.roll(foobar_21, -1, axis=0) + np.roll(foobar_21, 1, axis=0) + np.roll(foobar_21, -1, axis=1) + np.roll(foobar_21, 1, axis=1) - 4 * foobar_21
    foobar_22 = (2 * foobar_21 - foobar_23 - foobar_17 * foobar_12) * foobar_18
    foobar_22[0, :] = foobar_22[-1, :] = foobar_22[:, 0] = foobar_22[:, -1] = 0.0
    foobar_23, foobar_21 = (foobar_21, foobar_22)
    if foobar_13 % 2 == 0:
        foobar_10.append(foobar_21.copy())",31,1518,wave,oscillation/restoration,False,explicit,,,,,0,Wave_7,NoComm_CorrVar_InValid,"blows up, creates checkerboard pattern"
Wave_NoComm_InValid_7,"import numpy as np


L, nx, ny = 1.0, 121, 121
dx = dy = L / (nx - 1)
x = np.linspace(0, L, nx)
y = np.linspace(0, L, ny)
X, Y = np.meshgrid(x, y, indexing=""ij"")


c_max = 1.0
c = c_max * (1.0 + 0.5 * (X > 0.5))
dt = 0.4 * dx / c_max


u_prev = np.zeros((nx, ny))
for sx, sy in [(0.25, 0.5), (0.75, 0.25)]:
    u_prev += 1.0 * np.exp(-(((X - sx) ** 2 + (Y - sy) ** 2)) / (2 * 0.02 ** 2))
u_curr = u_prev.copy()


sponge = np.ones((nx, ny))
width = 15
for i in range(width):
    damp = 1.0 - 0.08 * (width - i)
    sponge[i, :] *= damp; sponge[-i - 1, :] *= damp
    sponge[:, i] *= damp; sponge[:, -i - 1] *= damp


nt = 140
r2 = (c * dt / dx) ** 2
frames = [u_curr.copy()]


for n in range(nt):
    lap = (np.roll(u_curr, -1, axis=0) + np.roll(u_curr, 1, axis=0)
           + np.roll(u_curr, -1, axis=1) + np.roll(u_curr, 1, axis=1) - 4 * u_curr)
    u_next = (2 * u_curr - u_prev - r2 * lap) * sponge
    u_next[0, :] = u_next[-1, :] = u_next[:, 0] = u_next[:, -1] = 0.0
    u_prev, u_curr = u_curr, u_next
    if n % 2 == 0:
        frames.append(u_curr.copy())
",43,1065,wave,oscillation/restoration,False,explicit,,,,,0,Wave_7,NoComm_InValid,"blows up, creates checkerboard pattern"
Wave_NoComm_Valid_7,"import numpy as np


L, nx, ny = 1.0, 121, 121
dx = dy = L / (nx - 1)
x = np.linspace(0, L, nx)
y = np.linspace(0, L, ny)
X, Y = np.meshgrid(x, y, indexing=""ij"")


c_max = 1.0
c = c_max * (1.0 + 0.5 * (X > 0.5))
dt = 0.4 * dx / c_max


u_prev = np.zeros((nx, ny))
for sx, sy in [(0.25, 0.5), (0.75, 0.25)]:
    u_prev += 1.0 * np.exp(-(((X - sx) ** 2 + (Y - sy) ** 2)) / (2 * 0.02 ** 2))
u_curr = u_prev.copy()


sponge = np.ones((nx, ny))
width = 15
for i in range(width):
    damp = 1.0 - 0.08 * (width - i)
    sponge[i, :] *= damp; sponge[-i - 1, :] *= damp
    sponge[:, i] *= damp; sponge[:, -i - 1] *= damp


nt = 140
r2 = (c * dt / dx) ** 2
frames = [u_curr.copy()]


for n in range(nt):
    lap = (np.roll(u_curr, -1, axis=0) + np.roll(u_curr, 1, axis=0)
           + np.roll(u_curr, -1, axis=1) + np.roll(u_curr, 1, axis=1) - 4 * u_curr)
    u_next = (2 * u_curr - u_prev + r2 * lap) * sponge
    u_next[0, :] = u_next[-1, :] = u_next[:, 0] = u_next[:, -1] = 0.0
    u_prev, u_curr = u_curr, u_next
    if n % 2 == 0:
        frames.append(u_curr.copy())
",43,1065,wave,oscillation/restoration,True,explicit,,,,,0,Wave_7,NoComm_Valid,
Wave_Comm_InValid_8,"import numpy as np
import scipy.sparse as sp
from scipy.sparse.linalg import splu


# Domain and physical parameters
L, c, nx, ny = 1.0, 1.0, 121, 121
dx = dy = L / (nx - 1)
x = np.linspace(0, L, nx)
y = np.linspace(0, L, ny)
X, Y = np.meshgrid(x, y, indexing=""ij"")
N = nx * ny


# build sparse 2D Laplacian (Dirichlet BC) via Kronecker sum
e = np.ones(nx)
D2x = sp.diags([e[:-1], -2 * e, e[:-1]], [-1, 0, 1]) / dx**2
Ix = sp.identity(nx)
Lap = sp.kron(D2x, Ix) + sp.kron(Ix, D2x)
# positive semi-definite stiffness-like operator
K = (c**2) * Lap


# sinusoidal initial displacement
u0 = 0.1 * np.sin(np.pi * X) * np.sin(np.pi * Y)
# pulse width kept well above grid spacing to avoid grid-scale aliasing
sigma = 6 * dx
v0 = 3.0 * np.exp(-(((X - 0.3) ** 2 + (Y - 0.7) ** 2)) / (2 * sigma**2))
u = u0.flatten(); v = v0.flatten()
# initial acceleration from the governing equation
a = -K.dot(u)


# gamma>0.5 adds mild damping of grid-scale noise, stays unconditionally stable
beta, gamma, dt, nt = 0.3025, 0.6, 0.01, 150
A = sp.identity(N) + (dt**2) * beta * K
# factorize once since the system matrix is constant
lu = splu(A.tocsc())


frames = [u0.copy()]
for n in range(nt):
    rhs = u + dt * v + (dt**2) * (0.5 - beta) * a
    u_new = lu.solve(rhs)
    a_new = -K.dot(u_new)
    v_new = v + dt * ((1 - gamma) * a + gamma * a_new)
    u, v, a = u_new, v_new, a_new
    frames.append(u.reshape(nx, ny))
",49,1404,wave,oscillation,False,implicit,,,,,8,Wave_8,Comm_InValid,explodes to NaNs
Wave_Comm_Valid_8,"import numpy as np
import scipy.sparse as sp
from scipy.sparse.linalg import splu


# Domain and physical parameters
L, c, nx, ny = 1.0, 1.0, 121, 121
dx = dy = L / (nx - 1)
x = np.linspace(0, L, nx)
y = np.linspace(0, L, ny)
X, Y = np.meshgrid(x, y, indexing=""ij"")
N = nx * ny


# build sparse 2D Laplacian (Dirichlet BC) via Kronecker sum
e = np.ones(nx)
D2x = sp.diags([e[:-1], -2 * e, e[:-1]], [-1, 0, 1]) / dx**2
Ix = sp.identity(nx)
Lap = sp.kron(D2x, Ix) + sp.kron(Ix, D2x)
# positive semi-definite stiffness-like operator
K = -(c**2) * Lap


# sinusoidal initial displacement
u0 = 0.1 * np.sin(np.pi * X) * np.sin(np.pi * Y)
# pulse width kept well above grid spacing to avoid grid-scale aliasing
sigma = 6 * dx
v0 = 3.0 * np.exp(-(((X - 0.3) ** 2 + (Y - 0.7) ** 2)) / (2 * sigma**2))
u = u0.flatten(); v = v0.flatten()
# initial acceleration from the governing equation
a = -K.dot(u)


# gamma>0.5 adds mild damping of grid-scale noise, stays unconditionally stable
beta, gamma, dt, nt = 0.3025, 0.6, 0.01, 150
A = sp.identity(N) + (dt**2) * beta * K
# factorize once since the system matrix is constant
lu = splu(A.tocsc())


frames = [u0.copy()]
for n in range(nt):
    rhs = u + dt * v + (dt**2) * (0.5 - beta) * a
    u_new = lu.solve(rhs)
    a_new = -K.dot(u_new)
    v_new = v + dt * ((1 - gamma) * a + gamma * a_new)
    u, v, a = u_new, v_new, a_new
    frames.append(u.reshape(nx, ny))
",49,1405,wave,oscillation,True,implicit,,,,,8,Wave_8,Comm_Valid,
Wave_CorrComm_Valid_8,"import numpy as np
import scipy.sparse as sp
from scipy.sparse.linalg import splu


# Domain and physical parameters
L, c, nx, ny = 1.0, 1.0, 121, 121
dx = dy = L / (nx - 1)
x = np.linspace(0, L, nx)
y = np.linspace(0, L, ny)
X, Y = np.meshgrid(x, y, indexing=""ij"")
N = nx * ny


# top-hat / step initial condition
e = np.ones(nx)
D2x = sp.diags([e[:-1], -2 * e, e[:-1]], [-1, 0, 1]) / dx**2
Ix = sp.identity(nx)
Lap = sp.kron(D2x, Ix) + sp.kron(Ix, D2x)
# advective + diffusive CFL
K = -(c**2) * Lap


# local wave speed at i+1/2 for the LW correction
u0 = 0.1 * np.sin(np.pi * X) * np.sin(np.pi * Y)
# Lax-Wendroff flux
sigma = 6 * dx
v0 = 3.0 * np.exp(-(((X - 0.3) ** 2 + (Y - 0.7) ** 2)) / (2 * sigma**2))
u = u0.flatten(); v = v0.flatten()
# explicit central diffusion
a = -K.dot(u)


# Domain and physical parameters
beta, gamma, dt, nt = 0.3025, 0.6, 0.01, 150
A = sp.identity(N) + (dt**2) * beta * K
# top-hat / step initial condition
lu = splu(A.tocsc())


frames = [u0.copy()]
for n in range(nt):
    rhs = u + dt * v + (dt**2) * (0.5 - beta) * a
    u_new = lu.solve(rhs)
    a_new = -K.dot(u_new)
    v_new = v + dt * ((1 - gamma) * a + gamma * a_new)
    u, v, a = u_new, v_new, a_new
    frames.append(u.reshape(nx, ny))
",49,1235,wave,oscillation,True,implicit,Burgers_Comm_Valid_6,burgers,"[{'donor_text': '# Domain and physical parameters', 'gt_position': 6, 'source_line_in_donor': 4, 'line_inserted': 6}, {'donor_text': '# top-hat / step initial condition', 'gt_position': 15, 'source_line_in_donor': 11, 'line_inserted': 15}, {'donor_text': '# advective + diffusive CFL', 'gt_position': 20, 'source_line_in_donor': 14, 'line_inserted': 20}, {'donor_text': '# local wave speed at i+1/2 for the LW correction', 'gt_position': 24, 'source_line_in_donor': 23, 'line_inserted': 24}, {'donor_text': '# Lax-Wendroff flux', 'gt_position': 26, 'source_line_in_donor': 26, 'line_inserted': 26}, {'donor_text': '# explicit central diffusion', 'gt_position': 30, 'source_line_in_donor': 29, 'line_inserted': 30}, {'donor_text': '# Domain and physical parameters', 'gt_position': 34, 'source_line_in_donor': 4, 'line_inserted': 34}, {'donor_text': '# top-hat / step initial condition', 'gt_position': 37, 'source_line_in_donor': 11, 'line_inserted': 37}]",-2.0,8,Wave_8,CorrComm,
Wave_CorrComm_InValid_8,"import numpy as np
import scipy.sparse as sp
from scipy.sparse.linalg import splu


# Domain and physical parameters
L, c, nx, ny = 1.0, 1.0, 121, 121
dx = dy = L / (nx - 1)
x = np.linspace(0, L, nx)
y = np.linspace(0, L, ny)
X, Y = np.meshgrid(x, y, indexing=""ij"")
N = nx * ny


# top-hat / step initial condition
e = np.ones(nx)
D2x = sp.diags([e[:-1], -2 * e, e[:-1]], [-1, 0, 1]) / dx**2
Ix = sp.identity(nx)
Lap = sp.kron(D2x, Ix) + sp.kron(Ix, D2x)
# advective + diffusive CFL
K = (c**2) * Lap


# local wave speed at i+1/2 for the LW correction
u0 = 0.1 * np.sin(np.pi * X) * np.sin(np.pi * Y)
# Lax-Wendroff flux
sigma = 6 * dx
v0 = 3.0 * np.exp(-(((X - 0.3) ** 2 + (Y - 0.7) ** 2)) / (2 * sigma**2))
u = u0.flatten(); v = v0.flatten()
# explicit central diffusion
a = -K.dot(u)


# Domain and physical parameters
beta, gamma, dt, nt = 0.3025, 0.6, 0.01, 150
A = sp.identity(N) + (dt**2) * beta * K
# top-hat / step initial condition
lu = splu(A.tocsc())


frames = [u0.copy()]
for n in range(nt):
    rhs = u + dt * v + (dt**2) * (0.5 - beta) * a
    u_new = lu.solve(rhs)
    a_new = -K.dot(u_new)
    v_new = v + dt * ((1 - gamma) * a + gamma * a_new)
    u, v, a = u_new, v_new, a_new
    frames.append(u.reshape(nx, ny))
",49,1234,wave,oscillation,False,implicit,Burgers_Comm_Valid_6,burgers,"[{'donor_text': '# Domain and physical parameters', 'gt_position': 6, 'source_line_in_donor': 4, 'line_inserted': 6}, {'donor_text': '# top-hat / step initial condition', 'gt_position': 15, 'source_line_in_donor': 11, 'line_inserted': 15}, {'donor_text': '# advective + diffusive CFL', 'gt_position': 20, 'source_line_in_donor': 14, 'line_inserted': 20}, {'donor_text': '# local wave speed at i+1/2 for the LW correction', 'gt_position': 24, 'source_line_in_donor': 23, 'line_inserted': 24}, {'donor_text': '# Lax-Wendroff flux', 'gt_position': 26, 'source_line_in_donor': 26, 'line_inserted': 26}, {'donor_text': '# explicit central diffusion', 'gt_position': 30, 'source_line_in_donor': 29, 'line_inserted': 30}, {'donor_text': '# Domain and physical parameters', 'gt_position': 34, 'source_line_in_donor': 4, 'line_inserted': 34}, {'donor_text': '# top-hat / step initial condition', 'gt_position': 37, 'source_line_in_donor': 11, 'line_inserted': 37}]",-2.0,8,Wave_8,CorrComm_Invalid,
Wave_NoComm_CorrVar_8,"import numpy as np
import scipy.sparse as sp
from scipy.sparse.linalg import splu
foobar_5, foobar_13, foobar_23, foobar_24 = (1.0, 1.0, 121, 121)
foobar_15 = foobar_16 = foobar_5 / (foobar_23 - 1)
foobar_33 = np.linspace(0, foobar_5, foobar_23)
foobar_34 = np.linspace(0, foobar_5, foobar_24)
foobar_8, foobar_9 = np.meshgrid(foobar_33, foobar_34, indexing='ij')
foobar_7 = foobar_23 * foobar_24
foobar_17 = np.ones(foobar_23)
foobar_2 = sp.diags([foobar_17[:-1], -2 * foobar_17, foobar_17[:-1]], [-1, 0, 1]) / foobar_15 ** 2
foobar_3 = sp.identity(foobar_23)
foobar_6 = sp.kron(foobar_2, foobar_3) + sp.kron(foobar_3, foobar_2)
foobar_4 = -foobar_13 ** 2 * foobar_6
foobar_28 = 0.1 * np.sin(np.pi * foobar_8) * np.sin(np.pi * foobar_9)
foobar_26 = 6 * foobar_15
foobar_31 = 3.0 * np.exp(-((foobar_8 - 0.3) ** 2 + (foobar_9 - 0.7) ** 2) / (2 * foobar_26 ** 2))
foobar_27 = foobar_28.flatten()
foobar_30 = foobar_31.flatten()
foobar_10 = -foobar_4.dot(foobar_27)
foobar_12, foobar_19, foobar_14, foobar_22 = (0.3025, 0.6, 0.01, 150)
foobar_1 = sp.identity(foobar_7) + foobar_14 ** 2 * foobar_12 * foobar_4
foobar_20 = splu(foobar_1.tocsc())
foobar_18 = [foobar_28.copy()]
for foobar_21 in range(foobar_22):
    foobar_25 = foobar_27 + foobar_14 * foobar_30 + foobar_14 ** 2 * (0.5 - foobar_12) * foobar_10
    foobar_29 = foobar_20.solve(foobar_25)
    foobar_11 = -foobar_4.dot(foobar_29)
    foobar_32 = foobar_30 + foobar_14 * ((1 - foobar_19) * foobar_10 + foobar_19 * foobar_11)
    foobar_27, foobar_30, foobar_10 = (foobar_29, foobar_32, foobar_11)
    foobar_18.append(foobar_27.reshape(foobar_23, foobar_24))",31,1617,wave,oscillation,True,implicit,,,,,0,Wave_8,NoComm_CorrVar,
Wave_NoComm_CorrVar_InValid_8,"import numpy as np
import scipy.sparse as sp
from scipy.sparse.linalg import splu
foobar_5, foobar_13, foobar_23, foobar_24 = (1.0, 1.0, 121, 121)
foobar_15 = foobar_16 = foobar_5 / (foobar_23 - 1)
foobar_33 = np.linspace(0, foobar_5, foobar_23)
foobar_34 = np.linspace(0, foobar_5, foobar_24)
foobar_8, foobar_9 = np.meshgrid(foobar_33, foobar_34, indexing='ij')
foobar_7 = foobar_23 * foobar_24
foobar_17 = np.ones(foobar_23)
foobar_2 = sp.diags([foobar_17[:-1], -2 * foobar_17, foobar_17[:-1]], [-1, 0, 1]) / foobar_15 ** 2
foobar_3 = sp.identity(foobar_23)
foobar_6 = sp.kron(foobar_2, foobar_3) + sp.kron(foobar_3, foobar_2)
foobar_4 = foobar_13 ** 2 * foobar_6
foobar_28 = 0.1 * np.sin(np.pi * foobar_8) * np.sin(np.pi * foobar_9)
foobar_26 = 6 * foobar_15
foobar_31 = 3.0 * np.exp(-((foobar_8 - 0.3) ** 2 + (foobar_9 - 0.7) ** 2) / (2 * foobar_26 ** 2))
foobar_27 = foobar_28.flatten()
foobar_30 = foobar_31.flatten()
foobar_10 = -foobar_4.dot(foobar_27)
foobar_12, foobar_19, foobar_14, foobar_22 = (0.3025, 0.6, 0.01, 150)
foobar_1 = sp.identity(foobar_7) + foobar_14 ** 2 * foobar_12 * foobar_4
foobar_20 = splu(foobar_1.tocsc())
foobar_18 = [foobar_28.copy()]
for foobar_21 in range(foobar_22):
    foobar_25 = foobar_27 + foobar_14 * foobar_30 + foobar_14 ** 2 * (0.5 - foobar_12) * foobar_10
    foobar_29 = foobar_20.solve(foobar_25)
    foobar_11 = -foobar_4.dot(foobar_29)
    foobar_32 = foobar_30 + foobar_14 * ((1 - foobar_19) * foobar_10 + foobar_19 * foobar_11)
    foobar_27, foobar_30, foobar_10 = (foobar_29, foobar_32, foobar_11)
    foobar_18.append(foobar_27.reshape(foobar_23, foobar_24))",31,1616,wave,oscillation,False,implicit,,,,,0,Wave_8,NoComm_CorrVar_InValid,explodes to NaNs
Wave_NoComm_InValid_8,"import numpy as np
import scipy.sparse as sp
from scipy.sparse.linalg import splu


L, c, nx, ny = 1.0, 1.0, 121, 121
dx = dy = L / (nx - 1)
x = np.linspace(0, L, nx)
y = np.linspace(0, L, ny)
X, Y = np.meshgrid(x, y, indexing=""ij"")
N = nx * ny


e = np.ones(nx)
D2x = sp.diags([e[:-1], -2 * e, e[:-1]], [-1, 0, 1]) / dx**2
Ix = sp.identity(nx)
Lap = sp.kron(D2x, Ix) + sp.kron(Ix, D2x)
K = (c**2) * Lap


u0 = 0.1 * np.sin(np.pi * X) * np.sin(np.pi * Y)
sigma = 6 * dx
v0 = 3.0 * np.exp(-(((X - 0.3) ** 2 + (Y - 0.7) ** 2)) / (2 * sigma**2))
u = u0.flatten(); v = v0.flatten()
a = -K.dot(u)


beta, gamma, dt, nt = 0.3025, 0.6, 0.01, 150
A = sp.identity(N) + (dt**2) * beta * K
lu = splu(A.tocsc())


frames = [u0.copy()]
for n in range(nt):
    rhs = u + dt * v + (dt**2) * (0.5 - beta) * a
    u_new = lu.solve(rhs)
    a_new = -K.dot(u_new)
    v_new = v + dt * ((1 - gamma) * a + gamma * a_new)
    u, v, a = u_new, v_new, a_new
    frames.append(u.reshape(nx, ny))
",41,971,wave,oscillation,False,implicit,,,,,0,Wave_8,NoComm_InValid,explodes to NaNs
Wave_NoComm_Valid_8,"import numpy as np
import scipy.sparse as sp
from scipy.sparse.linalg import splu


L, c, nx, ny = 1.0, 1.0, 121, 121
dx = dy = L / (nx - 1)
x = np.linspace(0, L, nx)
y = np.linspace(0, L, ny)
X, Y = np.meshgrid(x, y, indexing=""ij"")
N = nx * ny


e = np.ones(nx)
D2x = sp.diags([e[:-1], -2 * e, e[:-1]], [-1, 0, 1]) / dx**2
Ix = sp.identity(nx)
Lap = sp.kron(D2x, Ix) + sp.kron(Ix, D2x)
K = -(c**2) * Lap


u0 = 0.1 * np.sin(np.pi * X) * np.sin(np.pi * Y)
sigma = 6 * dx
v0 = 3.0 * np.exp(-(((X - 0.3) ** 2 + (Y - 0.7) ** 2)) / (2 * sigma**2))
u = u0.flatten(); v = v0.flatten()
a = -K.dot(u)


beta, gamma, dt, nt = 0.3025, 0.6, 0.01, 150
A = sp.identity(N) + (dt**2) * beta * K
lu = splu(A.tocsc())


frames = [u0.copy()]
for n in range(nt):
    rhs = u + dt * v + (dt**2) * (0.5 - beta) * a
    u_new = lu.solve(rhs)
    a_new = -K.dot(u_new)
    v_new = v + dt * ((1 - gamma) * a + gamma * a_new)
    u, v, a = u_new, v_new, a_new
    frames.append(u.reshape(nx, ny))
",41,972,wave,oscillation,True,implicit,,,,,0,Wave_8,NoComm_Valid,
